suite,param_value,split,n_nodes,n_edges,mean_area,mean_shape_index,mean_neighbors
Control,0.1,train,6,9,0.8660253882408142,3.722419500350952,3.0
Control,0.1,train,6,9,0.8961043953895569,3.7334041595458984,3.0
Control,0.1,train,6,9,0.9181563258171082,3.739384651184082,3.0
Control,0.1,train,6,9,0.9350513815879822,3.7424733638763428,3.0
Control,0.1,train,6,9,0.9519794583320618,3.74479079246521,3.0
Control,0.1,train,6,9,0.9607973694801331,3.7472808361053467,3.0
Control,0.1,train,6,9,0.9610750079154968,3.750249147415161,3.0
Control,0.1,train,6,9,0.9614464640617371,3.756868600845337,3.0
Control,0.1,train,7,11,0.8209391236305237,3.875791072845459,3.142857074737549
Control,0.1,train,8,13,0.7231043577194214,3.8627872467041016,3.25
Control,0.1,train,9,15,0.6620997190475464,3.92718243598938,3.3333332538604736
Control,0.1,train,9,15,0.6927952170372009,3.877645254135132,3.3333332538604736
Control,0.1,train,9,15,0.726820707321167,3.8674540519714355,3.3333332538604736
Control,0.1,train,9,15,0.7951030731201172,3.867306709289551,3.3333332538604736
Control,0.1,train,10,17,0.7443623542785645,3.900291919708252,3.4000000953674316
Control,0.1,train,10,17,0.7839710116386414,3.875781536102295,3.4000000953674316
Control,0.1,train,10,17,0.8248384594917297,3.8682079315185547,3.4000000953674316
Control,0.1,train,12,21,0.7181318402290344,3.8691349029541016,3.5
Control,0.1,train,12,21,0.7549443244934082,3.849771738052368,3.5
Control,0.1,train,12,21,0.8131513595581055,3.839590311050415,3.5
Control,0.1,train,12,21,0.8385748863220215,3.8387768268585205,3.5
Control,0.1,train,12,21,0.8640046119689941,3.839374303817749,3.5
Control,0.1,train,12,21,0.8894140124320984,3.840801239013672,3.5
Control,0.1,train,12,21,0.9122924208641052,3.8413960933685303,3.5
Control,0.1,train,12,21,0.9295263290405273,3.8404481410980225,3.5
Control,0.1,train,12,21,0.9558854103088379,3.838300943374634,3.5
Control,0.1,train,12,21,0.9564187526702881,3.8359642028808594,3.5
Control,0.1,train,12,21,0.9567956328392029,3.8343632221221924,3.5
Control,0.1,train,12,21,0.9571309089660645,3.8332433700561523,3.5
Control,0.1,train,13,23,0.8822446465492249,3.887319803237915,3.538461446762085
Control,0.1,train,15,27,0.7661011815071106,3.889800786972046,3.5999999046325684
Control,0.1,train,17,31,0.7146536707878113,3.917379856109619,3.6470587253570557
Control,0.1,train,17,31,0.7441567778587341,3.9151248931884766,3.6470587253570557
Control,0.1,train,17,32,0.7750728726387024,3.9003188610076904,3.7647058963775635
Control,0.1,train,17,32,0.8047534823417664,3.8978469371795654,3.7647058963775635
Control,0.1,train,19,37,0.743071973323822,3.9429056644439697,3.8947367668151855
Control,0.1,train,19,37,0.7766165137290955,3.921893835067749,3.8947367668151855
Control,0.1,train,22,44,0.7336899042129517,3.967440605163574,4.0
Control,0.1,train,22,44,0.7693318724632263,3.947342872619629,4.0
Control,0.1,train,22,44,0.8005781769752502,3.940556287765503,4.0
Control,0.1,train,22,44,0.8231847882270813,3.9388625621795654,4.0
Control,0.1,train,22,44,0.845163881778717,3.9399449825286865,4.0
Control,0.1,train,22,44,0.8672133088111877,3.942526340484619,4.0
Control,0.1,train,22,44,0.9113781452178955,3.9414567947387695,4.0
Control,0.1,train,22,44,0.9274781942367554,3.923985481262207,4.0
Control,0.1,train,22,44,0.941157341003418,3.9182775020599365,4.0
Control,0.1,train,22,44,0.948876142501831,3.9133689403533936,4.0
Control,0.1,train,22,44,0.9499610662460327,3.9082682132720947,4.0
Control,0.1,train,22,44,0.9506549835205078,3.9041008949279785,4.0
Control,0.1,train,24,48,0.8708741068840027,3.9438858032226562,4.0
Control,0.1,train,28,60,0.7519487738609314,3.9120192527770996,4.285714149475098
Control,0.1,train,32,68,0.6708872318267822,3.9305388927459717,4.25
Control,0.1,train,32,68,0.6946781873703003,3.902024984359741,4.25
Control,0.1,train,32,68,0.7235043048858643,3.8980698585510254,4.25
Control,0.1,train,32,68,0.7522419095039368,3.9024038314819336,4.25
Control,0.1,train,35,75,0.7354037761688232,3.950970411300659,4.285714149475098
Control,0.1,train,35,75,0.7605262994766235,3.955831527709961,4.285714149475098
Control,0.1,train,35,75,0.7860177755355835,3.9661638736724854,4.285714149475098
Control,0.1,train,39,84,0.7251110076904297,4.018013954162598,4.307692527770996
Control,0.1,train,39,84,0.748193085193634,4.007528305053711,4.307692527770996
Control,0.1,train,39,86,0.770706057548523,3.998004674911499,4.410256385803223
Control,0.1,train,39,86,0.7855564951896667,3.9891693592071533,4.410256385803223
Control,0.1,train,39,86,0.8148950338363647,3.9980077743530273,4.410256385803223
Control,0.1,train,39,86,0.8291175961494446,4.004837989807129,4.410256385803223
Control,0.1,train,39,86,0.8432593941688538,4.012300491333008,4.410256385803223
Control,0.1,train,39,87,0.859247088432312,3.998624086380005,4.461538314819336
Control,0.1,train,39,87,0.8734396696090698,3.9981791973114014,4.461538314819336
Control,0.1,train,39,87,0.8859228491783142,3.999034881591797,4.461538314819336
Control,0.1,train,39,87,0.9022065997123718,3.9974260330200195,4.461538314819336
Control,0.1,train,39,87,0.9084146022796631,3.995689868927002,4.461538314819336
Control,0.1,train,43,98,0.8285446763038635,3.990415096282959,4.558139324188232
Control,0.1,train,48,113,0.744661808013916,3.975637674331665,4.708333492279053
Control,0.1,train,56,134,0.6391957402229309,3.9931797981262207,4.785714149475098
Control,0.1,train,56,134,0.6508782505989075,3.93819260597229,4.785714149475098
Control,0.1,train,56,134,0.6844349503517151,3.915626287460327,4.785714149475098
Control,0.1,train,56,134,0.702076256275177,3.916933059692383,4.785714149475098
Control,0.1,train,60,144,0.6714493036270142,3.925729274749756,4.800000190734863
Control,0.1,train,60,144,0.6888784170150757,3.91835618019104,4.800000190734863
Control,0.1,train,60,144,0.7058784365653992,3.9116694927215576,4.800000190734863
Control,0.1,train,67,164,0.6472263336181641,3.920494794845581,4.895522594451904
Control,0.1,train,67,164,0.6776313185691833,3.901972532272339,4.895522594451904
Control,0.1,train,67,164,0.6880239844322205,3.8946828842163086,4.895522594451904
Control,0.1,train,67,164,0.6970908045768738,3.89338755607605,4.895522594451904
Control,0.1,train,67,164,0.7060216665267944,3.8952205181121826,4.895522594451904
Control,0.1,train,67,164,0.7150505781173706,3.8992974758148193,4.895522594451904
Control,0.1,train,67,164,0.7242740392684937,3.898308515548706,4.895522594451904
Control,0.1,train,67,164,0.7434731721878052,3.8931660652160645,4.895522594451904
Control,0.1,train,67,164,0.7533978819847107,3.8941800594329834,4.895522594451904
Control,0.1,train,67,164,0.7631809115409851,3.8956518173217773,4.895522594451904
Control,0.1,train,67,164,0.7723302245140076,3.897401809692383,4.895522594451904
Control,0.1,train,67,164,0.7808130383491516,3.899260997772217,4.895522594451904
Control,0.1,train,73,178,0.7239510416984558,3.917079448699951,4.876712322235107
Control,0.1,train,93,228,0.5766599774360657,3.9495067596435547,4.903225898742676
Control,0.1,train,93,228,0.5826194286346436,3.9166574478149414,4.903225898742676
Control,0.1,train,93,228,0.591115415096283,3.9167444705963135,4.903225898742676
Control,0.1,train,93,228,0.6011371612548828,3.9248337745666504,4.903225898742676
Control,0.1,train,93,228,0.6123079061508179,3.9366209506988525,4.903225898742676
Control,0.1,train,99,244,0.5860595107078552,3.945249557495117,4.929293155670166
Control,0.1,train,99,244,0.6020432114601135,3.9790446758270264,4.929293155670166
Control,0.1,train,110,270,0.5437237620353699,3.991687059402466,4.909090995788574
Control,0.1,train,110,270,0.5451116561889648,3.9928271770477295,4.909090995788574
Control,0.1,train,110,270,0.5454545617103577,3.9881508350372314,4.909090995788574
Control,0.1,train,110,270,0.5454545617103577,3.9821391105651855,4.909090995788574
Control,0.1,train,6,9,0.8660253882408142,3.722419500350952,3.0
Control,0.1,train,7,11,0.7186702489852905,3.7887933254241943,3.142857074737549
Control,0.1,train,7,11,0.7551321387290955,3.785155773162842,3.142857074737549
Control,0.1,train,8,13,0.6894315481185913,3.8368587493896484,3.25
Control,0.1,train,8,13,0.7294368147850037,3.8043463230133057,3.25
Control,0.1,train,8,13,0.7678329944610596,3.797811508178711,3.25
Control,0.1,train,9,15,0.7175834774971008,3.818314790725708,3.3333332538604736
Control,0.1,train,9,15,0.8057117462158203,3.8051223754882812,3.3333332538604736
Control,0.1,train,9,15,0.8399791121482849,3.805778980255127,3.3333332538604736
Control,0.1,train,9,15,0.8652632832527161,3.807159423828125,3.3333332538604736
Control,0.1,train,9,15,0.8880037665367126,3.8092846870422363,3.3333332538604736
Control,0.1,train,9,15,0.9106987714767456,3.811803102493286,3.3333332538604736
Control,0.1,train,9,15,0.9322452545166016,3.8142340183258057,3.3333332538604736
Control,0.1,train,9,15,0.9554891586303711,3.8176896572113037,3.3333332538604736
Control,0.1,train,9,15,0.9587785005569458,3.8171756267547607,3.3333332538604736
Control,0.1,train,9,15,0.9591346383094788,3.8168323040008545,3.3333332538604736
Control,0.1,train,10,17,0.861148476600647,3.8894100189208984,3.4000000953674316
Control,0.1,train,10,17,0.8670892715454102,3.846187114715576,3.4000000953674316
Control,0.1,train,10,17,0.8775343894958496,3.8291640281677246,3.4000000953674316
Control,0.1,train,10,17,0.8881375193595886,3.82073974609375,3.4000000953674316
Control,0.1,train,12,21,0.7640649676322937,3.825974464416504,3.5
Control,0.1,train,14,26,0.6777205467224121,3.8527824878692627,3.7142856121063232
Control,0.1,train,14,26,0.7137113213539124,3.8346402645111084,3.7142856121063232
Control,0.1,train,14,26,0.750356137752533,3.8285787105560303,3.7142856121063232
Control,0.1,train,16,30,0.6854090094566345,3.9115374088287354,3.75
Control,0.1,train,16,30,0.7244455814361572,3.874635696411133,3.75
Control,0.1,train,18,34,0.7126474380493164,3.879317045211792,3.777777671813965
Control,0.1,train,18,34,0.7558523416519165,3.8701956272125244,3.777777671813965
Control,0.1,train,18,34,0.7959339022636414,3.872734546661377,3.777777671813965
Control,0.1,train,18,34,0.8297629356384277,3.87681245803833,3.777777671813965
Control,0.1,train,18,34,0.855618417263031,3.879054546356201,3.777777671813965
Control,0.1,train,18,34,0.8772752285003662,3.88217830657959,3.777777671813965
Control,0.1,train,18,34,0.9202921390533447,3.8914670944213867,3.777777671813965
Control,0.1,train,18,34,0.9319139122962952,3.8938870429992676,3.777777671813965
Control,0.1,train,18,34,0.9432652592658997,3.8965463638305664,3.777777671813965
Control,0.1,train,18,34,0.9498510360717773,3.8937764167785645,3.777777671813965
Control,0.1,train,18,34,0.9514243006706238,3.8886804580688477,3.777777671813965
Control,0.1,train,19,36,0.9009642601013184,3.91133189201355,3.78947377204895
Control,0.1,train,19,37,0.9112428426742554,3.8599255084991455,3.8947367668151855
Control,0.1,train,19,37,0.9166191220283508,3.857435464859009,3.8947367668151855
Control,0.1,train,23,47,0.7578133344650269,3.9360222816467285,4.08695650100708
Control,0.1,train,23,47,0.7735082507133484,3.8837578296661377,4.08695650100708
Control,0.1,train,26,56,0.7039458155632019,3.886361837387085,4.307692527770996
Control,0.1,train,26,56,0.7312272191047668,3.8745944499969482,4.307692527770996
Control,0.1,train,29,62,0.7036389112472534,3.9392590522766113,4.275862216949463
Control,0.1,train,29,62,0.7341639399528503,3.9239912033081055,4.275862216949463
Control,0.1,train,29,62,0.7667812705039978,3.9286015033721924,4.275862216949463
Control,0.1,train,33,71,0.7019243836402893,3.9747157096862793,4.303030490875244
Control,0.1,train,33,71,0.7348520159721375,3.982253074645996,4.303030490875244
Control,0.1,train,33,71,0.765424370765686,3.9939537048339844,4.303030490875244
Control,0.1,train,33,71,0.8103189468383789,4.007739067077637,4.303030490875244
Control,0.1,train,33,71,0.8294777870178223,4.011985778808594,4.303030490875244
Control,0.1,train,33,71,0.8489475846290588,4.018264293670654,4.303030490875244
Control,0.1,train,33,71,0.8673228621482849,4.02613639831543,4.303030490875244
Control,0.1,train,33,72,0.8795260190963745,4.0222673416137695,4.363636493682861
Control,0.1,train,33,72,0.890792727470398,4.024788856506348,4.363636493682861
Control,0.1,train,33,72,0.9104854464530945,4.030519485473633,4.363636493682861
Control,0.1,train,35,76,0.8646761178970337,4.0318379402160645,4.342857360839844
Control,0.1,train,35,76,0.868958055973053,4.0175886154174805,4.342857360839844
Control,0.1,train,35,76,0.8736651539802551,4.0119733810424805,4.342857360839844
Control,0.1,train,35,76,0.8785406351089478,4.008939743041992,4.342857360839844
Control,0.1,train,42,95,0.7345449328422546,4.018561840057373,4.523809432983398
Control,0.1,train,45,103,0.7081010341644287,3.9818997383117676,4.577777862548828
Control,0.1,train,45,103,0.7235527634620667,3.985185384750366,4.577777862548828
Control,0.1,train,45,104,0.7417068481445312,3.9836792945861816,4.622222423553467
Control,0.1,train,51,117,0.6671155095100403,4.016450881958008,4.588235378265381
Control,0.1,train,51,117,0.6866498589515686,3.995762586593628,4.588235378265381
Control,0.1,train,51,117,0.7071049809455872,3.991316556930542,4.588235378265381
Control,0.1,train,58,136,0.6583019495010376,3.964448928833008,4.689655303955078
Control,0.1,train,58,136,0.677280068397522,3.967343330383301,4.689655303955078
Control,0.1,train,58,136,0.6946704387664795,3.9706506729125977,4.689655303955078
Control,0.1,train,58,136,0.7112091779708862,3.9723994731903076,4.689655303955078
Control,0.1,train,58,136,0.7273141145706177,3.9754743576049805,4.689655303955078
Control,0.1,train,58,136,0.7433605790138245,3.980060338973999,4.689655303955078
Control,0.1,train,58,136,0.7694738507270813,3.9883759021759033,4.689655303955078
Control,0.1,train,58,136,0.778769850730896,3.9863407611846924,4.689655303955078
Control,0.1,train,58,136,0.787563681602478,3.987541437149048,4.689655303955078
Control,0.1,train,58,136,0.7963728308677673,3.989809274673462,4.689655303955078
Control,0.1,train,62,146,0.7531164288520813,3.994793176651001,4.709677219390869
Control,0.1,train,62,146,0.7609298229217529,3.9863474369049072,4.709677219390869
Control,0.1,train,62,146,0.7681697607040405,3.984710216522217,4.709677219390869
Control,0.1,train,71,171,0.6812156438827515,4.022130489349365,4.816901206970215
Control,0.1,train,71,171,0.6853154301643372,3.9923181533813477,4.816901206970215
Control,0.1,train,75,181,0.6542249321937561,4.007411956787109,4.826666831970215
Control,0.1,train,75,181,0.6607088446617126,3.9997973442077637,4.826666831970215
Control,0.1,train,75,181,0.668002188205719,3.9965198040008545,4.826666831970215
Control,0.1,train,86,212,0.5880089402198792,4.003174781799316,4.930232524871826
Control,0.1,train,86,212,0.6077862977981567,3.977006673812866,4.930232524871826
Control,0.1,train,96,238,0.5554417967796326,3.9666202068328857,4.958333492279053
Control,0.1,train,96,238,0.5679055452346802,3.950758695602417,4.958333492279053
Control,0.1,train,96,238,0.5813449025154114,3.9427897930145264,4.958333492279053
Control,0.1,train,96,238,0.5951500535011292,3.943192720413208,4.958333492279053
Control,0.1,train,96,238,0.6083412170410156,3.944337844848633,4.958333492279053
Control,0.1,train,96,238,0.6220583319664001,3.9638614654541016,4.958333492279053
Control,0.1,train,96,238,0.6243128180503845,3.97295880317688,4.958333492279053
Control,0.1,train,6,9,0.8660253882408142,3.722419500350952,3.0
Control,0.1,train,6,9,0.9560325145721436,3.732290506362915,3.0
Control,0.1,train,6,9,0.9603266716003418,3.7377660274505615,3.0
Control,0.1,train,6,9,0.960512638092041,3.741151809692383,3.0
Control,0.1,train,6,9,0.9609209895133972,3.747204065322876,3.0
Control,0.1,train,6,9,0.9611167907714844,3.750399351119995,3.0
Control,0.1,train,6,9,0.9612999558448792,3.7537126541137695,3.0
Control,0.1,train,6,9,0.961469829082489,3.7571048736572266,3.0
Control,0.1,train,6,9,0.9616262912750244,3.7605361938476562,3.0
Control,0.1,train,7,11,0.820314347743988,3.8436360359191895,3.142857074737549
Control,0.1,train,7,11,0.8484527468681335,3.7943663597106934,3.142857074737549
Control,0.1,train,8,13,0.7561025619506836,3.8524272441864014,3.25
Control,0.1,train,9,15,0.6917178630828857,3.8465397357940674,3.3333332538604736
Control,0.1,train,11,19,0.5899717807769775,3.903703212738037,3.454545497894287
Control,0.1,train,12,21,0.5801812410354614,3.8772175312042236,3.5
Control,0.1,train,12,21,0.6301731467247009,3.853557586669922,3.5
Control,0.1,train,12,21,0.7312259674072266,3.8520069122314453,3.5
Control,0.1,train,12,21,0.7799322009086609,3.8535757064819336,3.5
Control,0.1,train,12,21,0.8222849369049072,3.854398012161255,3.5
Control,0.1,train,12,21,0.8644044995307922,3.8570749759674072,3.5
Control,0.1,train,12,21,0.9008463025093079,3.8582897186279297,3.5
Control,0.1,train,12,21,0.9317116737365723,3.8589112758636475,3.5
Control,0.1,train,12,21,0.9533588290214539,3.849241256713867,3.5
Control,0.1,train,12,21,0.9539337158203125,3.8439865112304688,3.5
Control,0.1,train,12,21,0.9544113278388977,3.8397152423858643,3.5
Control,0.1,train,12,21,0.9548410773277283,3.83614182472229,3.5
Control,0.1,train,12,21,0.9552366733551025,3.8331127166748047,3.5
Control,0.1,train,12,21,0.9556059241294861,3.8305349349975586,3.5
Control,0.1,train,12,21,0.9562826156616211,3.826493501663208,3.5
Control,0.1,train,14,26,0.8167157769203186,3.8847622871398926,3.7142856121063232
Control,0.1,train,14,26,0.8289023637771606,3.846665620803833,3.7142856121063232
Control,0.1,train,14,26,0.8437667489051819,3.8377039432525635,3.7142856121063232
Control,0.1,train,16,30,0.7511128187179565,3.8914761543273926,3.75
Control,0.1,train,18,35,0.6878305077552795,3.9156112670898438,3.8888888359069824
Control,0.1,train,24,50,0.577157199382782,3.8921985626220703,4.166666507720947
Control,0.1,train,24,50,0.6257084012031555,3.881521224975586,4.166666507720947
Control,0.1,train,24,50,0.676054060459137,3.88191294670105,4.166666507720947
Control,0.1,train,24,50,0.7257605195045471,3.8852198123931885,4.166666507720947
Control,0.1,train,24,50,0.7734310030937195,3.891515016555786,4.166666507720947
Control,0.1,train,24,50,0.8155799508094788,3.898789167404175,4.166666507720947
Control,0.1,train,24,50,0.8908641934394836,3.917332887649536,4.166666507720947
Control,0.1,train,24,50,0.9187598824501038,3.9252736568450928,4.166666507720947
Control,0.1,train,24,50,0.937028706073761,3.925705909729004,4.166666507720947
Control,0.1,train,24,50,0.9447996020317078,3.92024827003479,4.166666507720947
Control,0.1,train,24,50,0.946922242641449,3.9141435623168945,4.166666507720947
Control,0.1,train,24,50,0.9482008814811707,3.909114122390747,4.166666507720947
Control,0.1,train,24,50,0.9491472840309143,3.904710531234741,4.166666507720947
Control,0.1,train,24,50,0.9505916237831116,3.8977248668670654,4.166666507720947
Control,0.1,train,24,50,0.9511688351631165,3.8949413299560547,4.166666507720947
Control,0.1,train,24,50,0.951690673828125,3.8925087451934814,4.166666507720947
Control,0.1,train,26,55,0.8779436945915222,3.9072694778442383,4.230769157409668
Control,0.1,train,26,56,0.8840664625167847,3.8944497108459473,4.307692527770996
Control,0.1,train,26,56,0.8921413421630859,3.8758914470672607,4.307692527770996
Control,0.1,train,32,69,0.7424211502075195,3.9196360111236572,4.3125
Control,0.1,train,39,85,0.6222534775733948,3.9541447162628174,4.358974456787109
Control,0.1,train,43,96,0.5856506824493408,3.9368860721588135,4.465116500854492
Control,0.1,train,43,96,0.6149390339851379,3.9262099266052246,4.465116500854492
Control,0.1,train,43,96,0.6419081687927246,3.930864095687866,4.465116500854492
Control,0.1,train,43,97,0.6700425148010254,3.9232819080352783,4.511627674102783
Control,0.1,train,43,97,0.7212976217269897,3.9446184635162354,4.511627674102783
Control,0.1,train,43,97,0.7454192638397217,3.9576830863952637,4.511627674102783
Control,0.1,train,43,97,0.7678194046020508,3.964634418487549,4.511627674102783
Control,0.1,train,43,97,0.7898866534233093,3.973357915878296,4.511627674102783
Control,0.1,train,43,97,0.8109708428382874,3.979621410369873,4.511627674102783
Control,0.1,train,43,97,0.8287689089775085,3.982675552368164,4.511627674102783
Control,0.1,train,43,97,0.8534743785858154,3.971677303314209,4.511627674102783
Control,0.1,train,43,97,0.8635435104370117,3.969975709915161,4.511627674102783
Control,0.1,train,43,97,0.872492253780365,3.9684977531433105,4.511627674102783
Control,0.1,train,43,97,0.8804731965065002,3.967052698135376,4.511627674102783
Control,0.1,train,43,97,0.887580931186676,3.9655771255493164,4.511627674102783
Control,0.1,train,43,97,0.893701434135437,3.9632654190063477,4.511627674102783
Control,0.1,train,46,104,0.8443318009376526,3.956033229827881,4.5217390060424805
Control,0.1,train,46,105,0.8482702374458313,3.952143430709839,4.5652174949646
Control,0.1,train,52,121,0.7565235495567322,3.9314324855804443,4.653846263885498
Control,0.1,train,57,134,0.7014267444610596,3.9485342502593994,4.701754570007324
Control,0.1,train,69,167,0.5884295105934143,3.9429869651794434,4.840579509735107
Control,0.1,train,75,184,0.549271821975708,3.9421207904815674,4.9066667556762695
Control,0.1,train,75,184,0.5733286738395691,3.924654960632324,4.9066667556762695
Control,0.1,train,75,184,0.5873011350631714,3.9236955642700195,4.9066667556762695
Control,0.1,train,75,184,0.6023946404457092,3.9285147190093994,4.9066667556762695
Control,0.1,train,75,184,0.6187784075737,3.9373397827148438,4.9066667556762695
Control,0.1,train,75,184,0.6367340683937073,3.9368929862976074,4.9066667556762695
Control,0.1,train,75,184,0.651919424533844,3.936699628829956,4.9066667556762695
Control,0.1,train,75,184,0.6802911162376404,3.939237356185913,4.9066667556762695
Control,0.1,train,75,185,0.6942664980888367,3.9347856044769287,4.933333396911621
Control,0.1,train,75,185,0.7055773138999939,3.934333086013794,4.933333396911621
Control,0.1,train,75,185,0.7156597375869751,3.934969186782837,4.933333396911621
Control,0.1,train,75,185,0.724960207939148,3.93587327003479,4.933333396911621
Control,0.1,train,75,185,0.7336763739585876,3.9369144439697266,4.933333396911621
Control,0.1,train,75,185,0.7497920989990234,3.928300380706787,4.933333396911621
Control,0.1,train,75,185,0.7573360204696655,3.924816846847534,4.933333396911621
Control,0.1,train,81,200,0.7079248428344727,3.952227830886841,4.938271522521973
Control,0.1,train,81,200,0.713927149772644,3.936471462249756,4.938271522521973
Control,0.1,train,81,200,0.7194033265113831,3.9319570064544678,4.938271522521973
Control,0.1,train,90,223,0.6511543989181519,3.933290958404541,4.955555438995361
Control,0.1,train,112,279,0.5322685837745667,3.9409801959991455,4.982142925262451
Control,0.1,train,119,297,0.5031193494796753,3.9325554370880127,4.991596698760986
Control,0.1,train,119,297,0.5039872527122498,3.9298784732818604,4.991596698760986
Control,0.1,train,119,297,0.5041467547416687,3.928441047668457,4.991596698760986
Control,0.1,train,119,297,0.5041928887367249,3.9326834678649902,4.991596698760986
Control,0.1,train,119,297,0.5042017102241516,3.9378502368927,4.991596698760986
Control,0.1,train,119,297,0.5042017102241516,3.945810079574585,4.991596698760986
Adhesion,0.0,train,6,9,0.8660253882408142,3.722419500350952,3.0
Adhesion,0.0,train,6,9,0.9038040637969971,3.7548723220825195,3.0
Adhesion,0.0,train,6,9,0.9254103302955627,3.7733147144317627,3.0
Adhesion,0.0,train,6,9,0.9420485496520996,3.7799739837646484,3.0
Adhesion,0.0,train,6,9,0.9587891697883606,3.7832601070404053,3.0
Adhesion,0.0,train,6,9,0.9675061702728271,3.7858521938323975,3.0
Adhesion,0.0,train,6,9,0.9676950573921204,3.788743734359741,3.0
Adhesion,0.0,train,6,9,0.9679087996482849,3.795293092727661,3.0
Adhesion,0.0,train,7,11,0.8276411890983582,3.90724515914917,3.142857074737549
Adhesion,0.0,train,8,13,0.7325764298439026,3.923643112182617,3.25
Adhesion,0.0,train,9,15,0.6712703704833984,3.974128246307373,3.3333332538604736
Adhesion,0.0,train,9,15,0.7021347880363464,3.935683250427246,3.3333332538604736
Adhesion,0.0,train,9,15,0.7358720898628235,3.924044609069824,3.3333332538604736
Adhesion,0.0,train,9,15,0.7697492837905884,3.9200010299682617,3.3333332538604736
Adhesion,0.0,train,10,17,0.7529389262199402,3.955169677734375,3.4000000953674316
Adhesion,0.0,train,10,17,0.7925792932510376,3.933438777923584,3.4000000953674316
Adhesion,0.0,train,10,17,0.8331536054611206,3.9240856170654297,3.4000000953674316
Adhesion,0.0,train,12,21,0.7276144623756409,3.937141180038452,3.5
Adhesion,0.0,train,12,21,0.764740526676178,3.9171841144561768,3.5
Adhesion,0.0,train,12,21,0.7977707386016846,3.9064464569091797,3.5
Adhesion,0.0,train,12,21,0.8233649730682373,3.8987207412719727,3.5
Adhesion,0.0,train,12,21,0.8735499382019043,3.8921985626220703,3.5
Adhesion,0.0,train,12,21,0.8985567092895508,3.8917744159698486,3.5
Adhesion,0.0,train,12,21,0.921256959438324,3.89109206199646,3.5
Adhesion,0.0,train,12,21,0.9383161664009094,3.8889052867889404,3.5
Adhesion,0.0,train,12,21,0.9552281498908997,3.8876826763153076,3.5
Adhesion,0.0,train,12,21,0.9645101428031921,3.8844916820526123,3.5
Adhesion,0.0,train,12,21,0.9649643301963806,3.880647897720337,3.5
Adhesion,0.0,train,12,21,0.9655086398124695,3.875563621520996,3.5
Adhesion,0.0,train,13,23,0.8903284668922424,3.9177980422973633,3.538461446762085
Adhesion,0.0,train,15,28,0.7786352634429932,3.966766595840454,3.7333333492279053
Adhesion,0.0,train,17,32,0.7022232413291931,3.982067346572876,3.7647058963775635
Adhesion,0.0,train,17,32,0.7284846901893616,3.945181369781494,3.7647058963775635
Adhesion,0.0,train,17,32,0.7580682635307312,3.933797597885132,3.7647058963775635
Adhesion,0.0,train,17,33,0.8184565305709839,3.905205726623535,3.882352828979492
Adhesion,0.0,train,19,39,0.7574660778045654,3.9181904792785645,4.1052632331848145
Adhesion,0.0,train,19,39,0.7920743823051453,3.9033255577087402,4.1052632331848145
Adhesion,0.0,train,19,39,0.8285914063453674,3.900468111038208,4.1052632331848145
Adhesion,0.0,train,23,49,0.7147112488746643,3.9655675888061523,4.26086950302124
Adhesion,0.0,train,23,49,0.7521383166313171,3.9392507076263428,4.26086950302124
Adhesion,0.0,train,23,49,0.7859483957290649,3.9320528507232666,4.26086950302124
Adhesion,0.0,train,23,49,0.8383250832557678,3.9326815605163574,4.26086950302124
Adhesion,0.0,train,23,49,0.8643990159034729,3.9365973472595215,4.26086950302124
Adhesion,0.0,train,23,49,0.8895860910415649,3.928622007369995,4.26086950302124
Adhesion,0.0,train,23,49,0.9126745462417603,3.928307294845581,4.26086950302124
Adhesion,0.0,train,23,49,0.9306447505950928,3.910921573638916,4.26086950302124
Adhesion,0.0,train,23,49,0.9478323459625244,3.9063289165496826,4.26086950302124
Adhesion,0.0,train,23,49,0.9593408107757568,3.903059959411621,4.26086950302124
Adhesion,0.0,train,23,49,0.9611799120903015,3.8934836387634277,4.26086950302124
Adhesion,0.0,train,23,49,0.9616391658782959,3.8896102905273438,4.26086950302124
Adhesion,0.0,train,25,53,0.8841661214828491,3.9164130687713623,4.239999771118164
Adhesion,0.0,train,28,62,0.7947866320610046,3.9172844886779785,4.4285712242126465
Adhesion,0.0,train,32,72,0.7070609927177429,3.9497272968292236,4.5
Adhesion,0.0,train,32,72,0.7291309833526611,3.9139866828918457,4.5
Adhesion,0.0,train,32,72,0.7543741464614868,3.9013638496398926,4.5
Adhesion,0.0,train,32,72,0.8018161058425903,3.8927183151245117,4.5
Adhesion,0.0,train,34,76,0.7771389484405518,3.9318323135375977,4.470588207244873
Adhesion,0.0,train,34,76,0.8019879460334778,3.9255223274230957,4.470588207244873
Adhesion,0.0,train,34,76,0.824798583984375,3.924785852432251,4.470588207244873
Adhesion,0.0,train,40,92,0.7188553214073181,3.947899580001831,4.599999904632568
Adhesion,0.0,train,40,92,0.7408593893051147,3.919755458831787,4.599999904632568
Adhesion,0.0,train,40,92,0.7629717588424683,3.91276478767395,4.599999904632568
Adhesion,0.0,train,40,92,0.7902081608772278,3.9184837341308594,4.599999904632568
Adhesion,0.0,train,40,92,0.8040832281112671,3.925321102142334,4.599999904632568
Adhesion,0.0,train,40,92,0.8188600540161133,3.9329822063446045,4.599999904632568
Adhesion,0.0,train,40,92,0.833367645740509,3.9395432472229004,4.599999904632568
Adhesion,0.0,train,40,92,0.8484301567077637,3.9458916187286377,4.599999904632568
Adhesion,0.0,train,40,92,0.863754391670227,3.952862501144409,4.599999904632568
Adhesion,0.0,train,40,92,0.8899375200271606,3.9572575092315674,4.599999904632568
Adhesion,0.0,train,40,92,0.8992332220077515,3.9561705589294434,4.599999904632568
Adhesion,0.0,train,40,92,0.9072855710983276,3.9549851417541504,4.599999904632568
Adhesion,0.0,train,44,102,0.8311984539031982,3.963602304458618,4.636363506317139
Adhesion,0.0,train,47,108,0.7832339406013489,3.9511353969573975,4.595744609832764
Adhesion,0.0,train,54,126,0.6845055818557739,3.992197036743164,4.666666507720947
Adhesion,0.0,train,54,126,0.694517195224762,3.9656643867492676,4.666666507720947
Adhesion,0.0,train,54,126,0.7228968739509583,3.967725992202759,4.666666507720947
Adhesion,0.0,train,54,126,0.7382299900054932,3.9753782749176025,4.666666507720947
Adhesion,0.0,train,58,137,0.7024349570274353,3.9843125343322754,4.724137783050537
Adhesion,0.0,train,58,137,0.7173535823822021,3.981510639190674,4.724137783050537
Adhesion,0.0,train,58,137,0.7327149510383606,3.985210657119751,4.724137783050537
Adhesion,0.0,train,66,158,0.6574607491493225,4.020981311798096,4.78787899017334
Adhesion,0.0,train,66,158,0.6712926626205444,4.00355339050293,4.78787899017334
Adhesion,0.0,train,66,158,0.6962669491767883,3.9911928176879883,4.78787899017334
Adhesion,0.0,train,66,158,0.7058306932449341,3.9861199855804443,4.78787899017334
Adhesion,0.0,train,66,158,0.7152838110923767,3.9840900897979736,4.78787899017334
Adhesion,0.0,train,66,158,0.7249104976654053,3.986175537109375,4.78787899017334
Adhesion,0.0,train,66,158,0.734734833240509,3.990685224533081,4.78787899017334
Adhesion,0.0,train,66,158,0.7448282241821289,3.994630813598633,4.78787899017334
Adhesion,0.0,train,66,158,0.7552517652511597,3.9893798828125,4.78787899017334
Adhesion,0.0,train,66,158,0.7762312293052673,3.9782538414001465,4.78787899017334
Adhesion,0.0,train,66,158,0.785683810710907,3.97731351852417,4.78787899017334
Adhesion,0.0,train,66,158,0.7944835424423218,3.977320432662964,4.78787899017334
Adhesion,0.0,train,72,174,0.736075758934021,3.98815655708313,4.833333492279053
Adhesion,0.0,train,78,192,0.6860949397087097,3.977895498275757,4.92307710647583
Adhesion,0.0,train,90,224,0.5982856750488281,4.011159420013428,4.97777795791626
Adhesion,0.0,train,90,224,0.6047357320785522,3.9835994243621826,4.97777795791626
Adhesion,0.0,train,90,224,0.6241233944892883,3.970168113708496,4.97777795791626
Adhesion,0.0,train,90,224,0.6350795030593872,3.9729275703430176,4.97777795791626
Adhesion,0.0,train,95,237,0.612564742565155,3.9778223037719727,4.989473819732666
Adhesion,0.0,train,95,237,0.6226088404655457,3.9711477756500244,4.989473819732666
Adhesion,0.0,train,95,237,0.6285902857780457,3.967724084854126,4.989473819732666
Adhesion,0.0,train,108,271,0.5549315810203552,3.9889373779296875,5.018518447875977
Adhesion,0.0,train,6,9,0.8660253882408142,3.722419500350952,3.0
Adhesion,0.0,train,7,11,0.6939259767532349,3.8337371349334717,3.142857074737549
Adhesion,0.0,train,7,11,0.7283382415771484,3.8331964015960693,3.142857074737549
Adhesion,0.0,train,7,11,0.764279305934906,3.830803632736206,3.142857074737549
Adhesion,0.0,train,8,13,0.6981887817382812,3.879326343536377,3.25
Adhesion,0.0,train,8,13,0.7384912967681885,3.852036952972412,3.25
Adhesion,0.0,train,8,13,0.7767975330352783,3.8438568115234375,3.25
Adhesion,0.0,train,9,15,0.7716849446296692,3.8584306240081787,3.3333332538604736
Adhesion,0.0,train,9,15,0.8148110508918762,3.8532838821411133,3.3333332538604736
Adhesion,0.0,train,9,15,0.8492085933685303,3.8504714965820312,3.3333332538604736
Adhesion,0.0,train,9,15,0.8744267225265503,3.84805965423584,3.3333332538604736
Adhesion,0.0,train,9,15,0.8968162536621094,3.848280906677246,3.3333332538604736
Adhesion,0.0,train,9,15,0.9192255735397339,3.8502299785614014,3.3333332538604736
Adhesion,0.0,train,9,15,0.940568208694458,3.852396249771118,3.3333332538604736
Adhesion,0.0,train,9,15,0.9632365107536316,3.8536174297332764,3.3333332538604736
Adhesion,0.0,train,9,15,0.96640545129776,3.8509788513183594,3.3333332538604736
Adhesion,0.0,train,9,15,0.9666777849197388,3.8492300510406494,3.3333332538604736
Adhesion,0.0,train,10,18,0.8693609237670898,3.900296449661255,3.5999999046325684
Adhesion,0.0,train,10,18,0.8770449757575989,3.8655459880828857,3.5999999046325684
Adhesion,0.0,train,10,18,0.8872153162956238,3.8552749156951904,3.5999999046325684
Adhesion,0.0,train,10,18,0.8973623514175415,3.852560520172119,3.5999999046325684
Adhesion,0.0,train,12,22,0.7761667370796204,3.8842267990112305,3.6666667461395264
Adhesion,0.0,train,14,27,0.690366804599762,3.9158952236175537,3.857142925262451
Adhesion,0.0,train,14,27,0.7257809042930603,3.878699541091919,3.857142925262451
Adhesion,0.0,train,14,27,0.7619310617446899,3.8640482425689697,3.857142925262451
Adhesion,0.0,train,16,31,0.6962101459503174,3.933363914489746,3.875
Adhesion,0.0,train,16,31,0.7358309626579285,3.9049148559570312,3.875
Adhesion,0.0,train,16,31,0.7743016481399536,3.8943822383880615,3.875
Adhesion,0.0,train,18,35,0.7689260840415955,3.898561716079712,3.8888888359069824
Adhesion,0.0,train,18,35,0.8100607395172119,3.8984615802764893,3.8888888359069824
Adhesion,0.0,train,18,35,0.8432540893554688,3.900800943374634,3.8888888359069824
Adhesion,0.0,train,18,35,0.8685247898101807,3.902784585952759,3.8888888359069824
Adhesion,0.0,train,18,35,0.8909586668014526,3.9045519828796387,3.8888888359069824
Adhesion,0.0,train,18,35,0.9131283164024353,3.9065632820129395,3.8888888359069824
Adhesion,0.0,train,18,35,0.9456444978713989,3.908435344696045,3.8888888359069824
Adhesion,0.0,train,18,35,0.9568483829498291,3.909139394760132,3.8888888359069824
Adhesion,0.0,train,18,35,0.9620577692985535,3.905877113342285,3.8888888359069824
Adhesion,0.0,train,18,35,0.9630435109138489,3.9008052349090576,3.8888888359069824
Adhesion,0.0,train,19,37,0.9122386574745178,3.927700996398926,3.8947367668151855
Adhesion,0.0,train,19,37,0.9162707328796387,3.9073657989501953,3.8947367668151855
Adhesion,0.0,train,19,37,0.921801745891571,3.9006407260894775,3.8947367668151855
Adhesion,0.0,train,23,47,0.7696380615234375,4.004956245422363,4.08695650100708
Adhesion,0.0,train,23,47,0.7853908538818359,3.9551382064819336,4.08695650100708
Adhesion,0.0,train,26,56,0.7152860164642334,3.928341865539551,4.307692527770996
Adhesion,0.0,train,26,56,0.7424224019050598,3.920865774154663,4.307692527770996
Adhesion,0.0,train,26,56,0.7685400247573853,3.924307107925415,4.307692527770996
Adhesion,0.0,train,29,63,0.7128463983535767,4.001597881317139,4.344827651977539
Adhesion,0.0,train,29,63,0.7454766631126404,3.976193904876709,4.344827651977539
Adhesion,0.0,train,33,72,0.7134510278701782,4.011754989624023,4.363636493682861
Adhesion,0.0,train,33,72,0.7446419596672058,4.021679401397705,4.363636493682861
Adhesion,0.0,train,33,73,0.7764979004859924,4.0157904624938965,4.4242424964904785
Adhesion,0.0,train,33,73,0.8024492859840393,4.01408052444458,4.4242424964904785
Adhesion,0.0,train,33,73,0.8244049549102783,4.016468048095703,4.4242424964904785
Adhesion,0.0,train,33,73,0.8416168093681335,4.019320487976074,4.4242424964904785
Adhesion,0.0,train,33,73,0.8587087988853455,4.024477958679199,4.4242424964904785
Adhesion,0.0,train,33,73,0.8862831592559814,4.035478115081787,4.4242424964904785
Adhesion,0.0,train,33,73,0.8967242240905762,4.0405049324035645,4.4242424964904785
Adhesion,0.0,train,33,73,0.9071937203407288,4.042861461639404,4.4242424964904785
Adhesion,0.0,train,33,73,0.9163913130760193,4.039457321166992,4.4242424964904785
Adhesion,0.0,train,35,78,0.8713626265525818,4.049005031585693,4.4571428298950195
Adhesion,0.0,train,35,78,0.8773427605628967,4.040409564971924,4.4571428298950195
Adhesion,0.0,train,35,78,0.8828123807907104,4.037640571594238,4.4571428298950195
Adhesion,0.0,train,41,94,0.7626161575317383,4.035120010375977,4.5853657722473145
Adhesion,0.0,train,41,94,0.7706945538520813,4.019944190979004,4.5853657722473145
Adhesion,0.0,train,46,108,0.6963837742805481,4.009474277496338,4.695652008056641
Adhesion,0.0,train,46,108,0.7085055708885193,4.005733966827393,4.695652008056641
Adhesion,0.0,train,46,108,0.7222430109977722,4.011068820953369,4.695652008056641
Adhesion,0.0,train,52,123,0.6508005857467651,4.053258895874023,4.730769157409668
Adhesion,0.0,train,52,123,0.6918383836746216,4.037625312805176,4.730769157409668
Adhesion,0.0,train,58,139,0.6389946341514587,3.986156702041626,4.793103218078613
Adhesion,0.0,train,58,139,0.6583839654922485,3.9822139739990234,4.793103218078613
Adhesion,0.0,train,58,139,0.6783044934272766,3.9803802967071533,4.793103218078613
Adhesion,0.0,train,58,139,0.6961973309516907,3.969407558441162,4.793103218078613
Adhesion,0.0,train,58,139,0.7133100032806396,3.9636261463165283,4.793103218078613
Adhesion,0.0,train,58,139,0.7302296757698059,3.96325945854187,4.793103218078613
Adhesion,0.0,train,58,139,0.7636910080909729,3.9734137058258057,4.793103218078613
Adhesion,0.0,train,58,139,0.7752022743225098,3.9807968139648438,4.793103218078613
Adhesion,0.0,train,58,139,0.7853827476501465,3.9904847145080566,4.793103218078613
Adhesion,0.0,train,58,139,0.7951221466064453,3.99763822555542,4.793103218078613
Adhesion,0.0,train,58,139,0.8045574426651001,4.002658843994141,4.793103218078613
Adhesion,0.0,train,61,145,0.7737314105033875,4.028011798858643,4.754098415374756
Adhesion,0.0,train,61,145,0.78197181224823,4.026717662811279,4.754098415374756
Adhesion,0.0,train,61,145,0.7970985770225525,4.020054340362549,4.754098415374756
Adhesion,0.0,train,70,169,0.7001597285270691,4.044544696807861,4.828571319580078
Adhesion,0.0,train,70,169,0.7054409384727478,4.017173767089844,4.828571319580078
Adhesion,0.0,train,77,187,0.64715975522995,4.008728981018066,4.857142925262451
Adhesion,0.0,train,77,187,0.653759241104126,3.9994332790374756,4.857142925262451
Adhesion,0.0,train,77,187,0.6611451506614685,3.9986977577209473,4.857142925262451
Adhesion,0.0,train,87,214,0.5913384556770325,4.037042140960693,4.9195404052734375
Adhesion,0.0,train,87,214,0.6106785535812378,4.006901741027832,4.9195404052734375
Adhesion,0.0,train,95,236,0.5702723264694214,3.966400384902954,4.96842098236084
Adhesion,0.0,train,95,236,0.5825021266937256,3.9608359336853027,4.96842098236084
Adhesion,0.0,train,95,236,0.5957569479942322,3.9620540142059326,4.96842098236084
Adhesion,0.0,train,95,236,0.6094361543655396,3.963897943496704,4.96842098236084
Adhesion,0.0,train,95,236,0.6218492388725281,3.9661669731140137,4.96842098236084
Adhesion,0.0,train,95,236,0.6284437775611877,3.975043773651123,4.96842098236084
Adhesion,0.0,train,6,9,0.8660253882408142,3.722419500350952,3.0
Adhesion,0.0,train,6,9,0.9635338187217712,3.7538909912109375,3.0
Adhesion,0.0,train,6,9,0.9674660563468933,3.7712490558624268,3.0
Adhesion,0.0,train,6,9,0.9674539566040039,3.7782771587371826,3.0
Adhesion,0.0,train,6,9,0.9675227999687195,3.7823212146759033,3.0
Adhesion,0.0,train,6,9,0.9676203727722168,3.785590887069702,3.0
Adhesion,0.0,train,6,9,0.9678270816802979,3.791994333267212,3.0
Adhesion,0.0,train,6,9,0.9679245352745056,3.795369863510132,3.0
Adhesion,0.0,train,6,9,0.9680162072181702,3.7988693714141846,3.0
Adhesion,0.0,train,7,11,0.8280135989189148,3.887326717376709,3.142857074737549
Adhesion,0.0,train,7,11,0.8414226174354553,3.8551101684570312,3.142857074737549
Adhesion,0.0,train,7,11,0.8560759425163269,3.8439671993255615,3.142857074737549
Adhesion,0.0,train,8,13,0.7651424407958984,3.883533477783203,3.25
Adhesion,0.0,train,11,19,0.6009377837181091,3.97471022605896,3.454545497894287
Adhesion,0.0,train,12,21,0.5919013619422913,3.9607226848602295,3.5
Adhesion,0.0,train,12,21,0.6422321200370789,3.938971757888794,3.5
Adhesion,0.0,train,12,21,0.6931318640708923,3.927739381790161,3.5
Adhesion,0.0,train,12,21,0.7429842352867126,3.923685073852539,3.5
Adhesion,0.0,train,12,21,0.790897786617279,3.9248569011688232,3.5
Adhesion,0.0,train,12,21,0.833115816116333,3.925732374191284,3.5
Adhesion,0.0,train,12,21,0.9107761979103088,3.929466485977173,3.5
Adhesion,0.0,train,12,21,0.9412243366241455,3.9301555156707764,3.5
Adhesion,0.0,train,12,21,0.9575613141059875,3.926107406616211,3.5
Adhesion,0.0,train,12,21,0.9624854922294617,3.918713331222534,3.5
Adhesion,0.0,train,12,21,0.9629399180412292,3.912200927734375,3.5
Adhesion,0.0,train,12,21,0.9633073210716248,3.9067764282226562,3.5
Adhesion,0.0,train,12,21,0.9636361002922058,3.9021551609039307,3.5
Adhesion,0.0,train,12,21,0.9642152190208435,3.894719362258911,3.5
Adhesion,0.0,train,12,21,0.9644758105278015,3.8917102813720703,3.5
Adhesion,0.0,train,12,21,0.9647215008735657,3.8890817165374756,3.5
Adhesion,0.0,train,14,26,0.8260520100593567,3.9225316047668457,3.7142856121063232
Adhesion,0.0,train,14,26,0.838816225528717,3.901395082473755,3.7142856121063232
Adhesion,0.0,train,14,26,0.8534277677536011,3.8942878246307373,3.7142856121063232
Adhesion,0.0,train,16,31,0.7633808851242065,3.966583251953125,3.875
Adhesion,0.0,train,22,46,0.6003766059875488,3.967792272567749,4.181818008422852
Adhesion,0.0,train,23,48,0.616631031036377,3.9456441402435303,4.17391300201416
Adhesion,0.0,train,23,48,0.6639758944511414,3.933046340942383,4.17391300201416
Adhesion,0.0,train,23,48,0.7118880152702332,3.9290578365325928,4.17391300201416
Adhesion,0.0,train,23,48,0.759768009185791,3.927903652191162,4.17391300201416
Adhesion,0.0,train,23,48,0.8056765198707581,3.9275074005126953,4.17391300201416
Adhesion,0.0,train,23,48,0.8828451633453369,3.9349992275238037,4.17391300201416
Adhesion,0.0,train,23,48,0.9141515493392944,3.94157338142395,4.17391300201416
Adhesion,0.0,train,23,48,0.9408450126647949,3.94757342338562,4.17391300201416
Adhesion,0.0,train,23,48,0.9552794098854065,3.947493553161621,4.17391300201416
Adhesion,0.0,train,23,49,0.9618443846702576,3.922581434249878,4.26086950302124
Adhesion,0.0,train,23,49,0.9627306461334229,3.9003186225891113,4.26086950302124
Adhesion,0.0,train,23,49,0.9632585644721985,3.8905527591705322,4.26086950302124
Adhesion,0.0,train,23,49,0.9641402959823608,3.8821418285369873,4.26086950302124
Adhesion,0.0,train,23,49,0.9644855260848999,3.8797929286956787,4.26086950302124
Adhesion,0.0,train,23,49,0.9647827744483948,3.87803316116333,4.26086950302124
Adhesion,0.0,train,23,49,0.9649839997291565,3.876619815826416,4.26086950302124
Adhesion,0.0,train,26,57,0.85387122631073,3.9074275493621826,4.384615421295166
Adhesion,0.0,train,26,57,0.8626985549926758,3.8931171894073486,4.384615421295166
Adhesion,0.0,train,26,57,0.8734287619590759,3.886708974838257,4.384615421295166
Adhesion,0.0,train,34,77,0.6961889863014221,3.953111171722412,4.529411792755127
Adhesion,0.0,train,40,92,0.6130285263061523,3.979609727859497,4.599999904632568
Adhesion,0.0,train,42,97,0.6113088726997375,3.96887469291687,4.61904764175415
Adhesion,0.0,train,42,97,0.6399175524711609,3.9566242694854736,4.61904764175415
Adhesion,0.0,train,42,97,0.6676238775253296,3.9565651416778564,4.61904764175415
Adhesion,0.0,train,42,97,0.6931828856468201,3.9599721431732178,4.61904764175415
Adhesion,0.0,train,42,97,0.7202269434928894,3.968173027038574,4.61904764175415
Adhesion,0.0,train,42,97,0.7726225852966309,3.980398178100586,4.61904764175415
Adhesion,0.0,train,42,97,0.7952947020530701,3.9856510162353516,4.61904764175415
Adhesion,0.0,train,42,97,0.815727710723877,3.9895524978637695,4.61904764175415
Adhesion,0.0,train,42,97,0.8354344367980957,3.9855880737304688,4.61904764175415
Adhesion,0.0,train,42,97,0.8521673083305359,3.982128381729126,4.61904764175415
Adhesion,0.0,train,42,97,0.8655542731285095,3.9743611812591553,4.61904764175415
Adhesion,0.0,train,42,97,0.8772461414337158,3.9693408012390137,4.61904764175415
Adhesion,0.0,train,42,97,0.8967419862747192,3.9657745361328125,4.61904764175415
Adhesion,0.0,train,42,97,0.9048867225646973,3.9650378227233887,4.61904764175415
Adhesion,0.0,train,42,97,0.9121360778808594,3.9644687175750732,4.61904764175415
Adhesion,0.0,train,42,97,0.9186212420463562,3.9640731811523438,4.61904764175415
Adhesion,0.0,train,46,106,0.84388667345047,3.9546265602111816,4.6086955070495605
Adhesion,0.0,train,46,106,0.8482481837272644,3.9449851512908936,4.6086955070495605
Adhesion,0.0,train,53,123,0.7456168532371521,3.971813678741455,4.641509532928467
Adhesion,0.0,train,58,137,0.6933733224868774,3.959825038909912,4.724137783050537
Adhesion,0.0,train,67,163,0.6107053756713867,3.946037530899048,4.865671634674072
Adhesion,0.0,train,70,172,0.5946738123893738,3.932605504989624,4.914285659790039
Adhesion,0.0,train,70,172,0.6064330339431763,3.9225242137908936,4.914285659790039
Adhesion,0.0,train,70,172,0.6192554235458374,3.9179139137268066,4.914285659790039
Adhesion,0.0,train,70,172,0.6334287524223328,3.919116258621216,4.914285659790039
Adhesion,0.0,train,70,172,0.664616584777832,3.9280989170074463,4.914285659790039
Adhesion,0.0,train,70,172,0.6814742684364319,3.922560691833496,4.914285659790039
Adhesion,0.0,train,70,172,0.6964763402938843,3.925149440765381,4.914285659790039
Adhesion,0.0,train,70,172,0.7095694541931152,3.931016683578491,4.914285659790039
Adhesion,0.0,train,70,172,0.7224391102790833,3.935992479324341,4.914285659790039
Adhesion,0.0,train,70,172,0.7347280979156494,3.935542583465576,4.914285659790039
Adhesion,0.0,train,70,172,0.7456790804862976,3.9363315105438232,4.914285659790039
Adhesion,0.0,train,70,172,0.7648491859436035,3.9410500526428223,4.914285659790039
Adhesion,0.0,train,70,172,0.7734956741333008,3.943816661834717,4.914285659790039
Adhesion,0.0,train,70,172,0.7816604375839233,3.946568012237549,4.914285659790039
Adhesion,0.0,train,70,172,0.7894280552864075,3.9493961334228516,4.914285659790039
Adhesion,0.0,train,70,172,0.7968348264694214,3.9523000717163086,4.914285659790039
Adhesion,0.0,train,77,188,0.7308076024055481,3.9809324741363525,4.883116722106934
Adhesion,0.0,train,77,188,0.736920177936554,3.9658496379852295,4.883116722106934
Adhesion,0.0,train,87,213,0.6620060801506042,3.9637153148651123,4.896551609039307
Adhesion,0.0,train,95,232,0.6140074133872986,3.975163459777832,4.884210586547852
Adhesion,0.0,train,106,260,0.5567358136177063,3.974832773208618,4.905660152435303
Adhesion,0.0,train,109,267,0.5463156700134277,3.9789175987243652,4.899082660675049
Adhesion,0.0,train,109,267,0.5486847162246704,3.9804673194885254,4.899082660675049
Adhesion,0.0,train,109,267,0.5497888922691345,3.9875550270080566,4.899082660675049
Adhesion,0.0,train,109,267,0.5504581332206726,3.999113082885742,4.899082660675049
Adhesion,0.02,train,6,9,0.8660253882408142,3.722419500350952,3.0
Adhesion,0.02,train,6,9,0.9025176167488098,3.7503719329833984,3.0
Adhesion,0.02,train,6,9,0.9241949915885925,3.766367197036743,3.0
Adhesion,0.02,train,6,9,0.9408720135688782,3.7723348140716553,3.0
Adhesion,0.02,train,6,9,0.9576413035392761,3.7754085063934326,3.0
Adhesion,0.02,train,6,9,0.9663750529289246,3.7779319286346436,3.0
Adhesion,0.02,train,6,9,0.9665777087211609,3.780775785446167,3.0
Adhesion,0.02,train,6,9,0.9668166041374207,3.7872307300567627,3.0
Adhesion,0.02,train,7,11,0.8265241980552673,3.900195598602295,3.142857074737549
Adhesion,0.02,train,8,13,0.7309855818748474,3.910952568054199,3.25
Adhesion,0.02,train,9,15,0.6697288155555725,3.963895559310913,3.3333332538604736
Adhesion,0.02,train,9,15,0.7005681991577148,3.923497438430786,3.3333332538604736
Adhesion,0.02,train,9,15,0.7344374060630798,3.9125823974609375,3.3333332538604736
Adhesion,0.02,train,9,15,0.7682586908340454,3.9086642265319824,3.3333332538604736
Adhesion,0.02,train,10,17,0.7514846920967102,3.943345308303833,3.4000000953674316
Adhesion,0.02,train,10,17,0.7911348938941956,3.9211292266845703,3.4000000953674316
Adhesion,0.02,train,10,17,0.8317574262619019,3.9120891094207764,3.4000000953674316
Adhesion,0.02,train,12,21,0.7260043621063232,3.922581911087036,3.5
Adhesion,0.02,train,12,21,0.7631053924560547,3.9028022289276123,3.5
Adhesion,0.02,train,12,21,0.7961209416389465,3.8926029205322266,3.5
Adhesion,0.02,train,12,21,0.8218173384666443,3.8853657245635986,3.5
Adhesion,0.02,train,12,21,0.871823251247406,3.880420684814453,3.5
Adhesion,0.02,train,12,21,0.8970000147819519,3.88069224357605,3.5
Adhesion,0.02,train,12,21,0.9197341799736023,3.880314826965332,3.5
Adhesion,0.02,train,12,21,0.9368241429328918,3.87838077545166,3.5
Adhesion,0.02,train,12,21,0.9537652134895325,3.8773651123046875,3.5
Adhesion,0.02,train,12,21,0.9630470275878906,3.8743984699249268,3.5
Adhesion,0.02,train,12,21,0.963512659072876,3.870807647705078,3.5
Adhesion,0.02,train,12,21,0.9640810489654541,3.8661386966705322,3.5
Adhesion,0.02,train,13,23,0.8889373540878296,3.9088046550750732,3.538461446762085
Adhesion,0.02,train,15,27,0.774419367313385,3.9613826274871826,3.5999999046325684
Adhesion,0.02,train,17,31,0.6979920864105225,3.998610019683838,3.6470587253570557
Adhesion,0.02,train,17,31,0.7240307331085205,3.970642566680908,3.6470587253570557
Adhesion,0.02,train,17,32,0.7546571493148804,3.9581432342529297,3.7647058963775635
Adhesion,0.02,train,17,32,0.8138183355331421,3.935434579849243,3.7647058963775635
Adhesion,0.02,train,19,37,0.7524375915527344,3.9678022861480713,3.8947367668151855
Adhesion,0.02,train,19,37,0.7862048745155334,3.9545750617980957,3.8947367668151855
Adhesion,0.02,train,19,37,0.8227447867393494,3.9576416015625,3.8947367668151855
Adhesion,0.02,train,22,44,0.7429400086402893,3.9876508712768555,4.0
Adhesion,0.02,train,22,44,0.7787712216377258,3.9702842235565186,4.0
Adhesion,0.02,train,22,44,0.8100324869155884,3.9642066955566406,4.0
Adhesion,0.02,train,22,44,0.8557336330413818,3.961602210998535,4.0
Adhesion,0.02,train,22,44,0.8770561218261719,3.9651458263397217,4.0
Adhesion,0.02,train,22,44,0.8992721438407898,3.9699862003326416,4.0
Adhesion,0.02,train,22,44,0.9198083281517029,3.9734244346618652,4.0
Adhesion,0.02,train,22,44,0.9349073171615601,3.9713857173919678,4.0
Adhesion,0.02,train,22,44,0.9489303827285767,3.9695281982421875,4.0
Adhesion,0.02,train,22,44,0.9569308757781982,3.9653098583221436,4.0
Adhesion,0.02,train,22,44,0.9584835171699524,3.954230546951294,4.0
Adhesion,0.02,train,22,44,0.9589073061943054,3.949606418609619,4.0
Adhesion,0.02,train,24,49,0.8782383799552917,3.9977190494537354,4.083333492279053
Adhesion,0.02,train,28,61,0.7583103179931641,3.929198741912842,4.357142925262451
Adhesion,0.02,train,32,71,0.6784349679946899,3.9648401737213135,4.4375
Adhesion,0.02,train,32,71,0.7052814960479736,3.9317126274108887,4.4375
Adhesion,0.02,train,32,71,0.7341492772102356,3.923042058944702,4.4375
Adhesion,0.02,train,32,71,0.7863646745681763,3.9192824363708496,4.4375
Adhesion,0.02,train,35,78,0.7433302402496338,3.9334585666656494,4.4571428298950195
Adhesion,0.02,train,35,78,0.7715058326721191,3.9274344444274902,4.4571428298950195
Adhesion,0.02,train,35,78,0.7961822152137756,3.9297778606414795,4.4571428298950195
Adhesion,0.02,train,40,92,0.716255784034729,3.9592959880828857,4.599999904632568
Adhesion,0.02,train,40,92,0.7398985028266907,3.944260358810425,4.599999904632568
Adhesion,0.02,train,40,92,0.7625892758369446,3.9432358741760254,4.599999904632568
Adhesion,0.02,train,40,93,0.7938963770866394,3.919959545135498,4.650000095367432
Adhesion,0.02,train,40,93,0.8070069551467896,3.916003704071045,4.650000095367432
Adhesion,0.02,train,40,93,0.8199470639228821,3.9161391258239746,4.650000095367432
Adhesion,0.02,train,40,93,0.8337749242782593,3.9206929206848145,4.650000095367432
Adhesion,0.02,train,40,93,0.8481294512748718,3.924971342086792,4.650000095367432
Adhesion,0.02,train,40,93,0.862770676612854,3.9295973777770996,4.650000095367432
Adhesion,0.02,train,40,93,0.8875225186347961,3.933969497680664,4.650000095367432
Adhesion,0.02,train,40,93,0.8964683413505554,3.934323787689209,4.650000095367432
Adhesion,0.02,train,40,93,0.9041814804077148,3.934128999710083,4.650000095367432
Adhesion,0.02,train,43,100,0.8473958969116211,3.9237632751464844,4.651162624359131
Adhesion,0.02,train,48,112,0.7633674144744873,3.9341862201690674,4.666666507720947
Adhesion,0.02,train,54,128,0.6813797354698181,3.9588918685913086,4.740740776062012
Adhesion,0.02,train,54,128,0.6919766068458557,3.9282023906707764,4.740740776062012
Adhesion,0.02,train,54,128,0.7207655906677246,3.933253765106201,4.740740776062012
Adhesion,0.02,train,54,128,0.7371532320976257,3.933481216430664,4.740740776062012
Adhesion,0.02,train,59,141,0.6898676156997681,3.9210944175720215,4.779661178588867
Adhesion,0.02,train,59,141,0.7058160305023193,3.9192278385162354,4.779661178588867
Adhesion,0.02,train,59,141,0.7215640544891357,3.922510862350464,4.779661178588867
Adhesion,0.02,train,66,157,0.6587809920310974,3.9466686248779297,4.757575988769531
Adhesion,0.02,train,66,157,0.6722948551177979,3.9331247806549072,4.757575988769531
Adhesion,0.02,train,66,157,0.6965935826301575,3.932650089263916,4.757575988769531
Adhesion,0.02,train,66,157,0.705963671207428,3.936908721923828,4.757575988769531
Adhesion,0.02,train,66,157,0.7154136896133423,3.94309663772583,4.757575988769531
Adhesion,0.02,train,66,157,0.7251617312431335,3.9506113529205322,4.757575988769531
Adhesion,0.02,train,66,157,0.7352208495140076,3.958669424057007,4.757575988769531
Adhesion,0.02,train,66,157,0.7456021904945374,3.965745449066162,4.757575988769531
Adhesion,0.02,train,66,157,0.7562955617904663,3.969465732574463,4.757575988769531
Adhesion,0.02,train,66,157,0.7774521708488464,3.9693987369537354,4.757575988769531
Adhesion,0.02,train,66,157,0.7867659330368042,3.9695611000061035,4.757575988769531
Adhesion,0.02,train,66,157,0.7954257130622864,3.970104694366455,4.757575988769531
Adhesion,0.02,train,71,170,0.7469667196273804,3.983052968978882,4.788732528686523
Adhesion,0.02,train,79,193,0.6775677800178528,3.980362892150879,4.886075973510742
Adhesion,0.02,train,87,212,0.6189642548561096,3.9907948970794678,4.873563289642334
Adhesion,0.02,train,87,212,0.6254866719245911,3.970874309539795,4.873563289642334
Adhesion,0.02,train,87,212,0.6443931460380554,3.9700069427490234,4.873563289642334
Adhesion,0.02,train,87,212,0.655174732208252,3.974083662033081,4.873563289642334
Adhesion,0.02,train,95,233,0.6100459694862366,3.9689130783081055,4.9052629470825195
Adhesion,0.02,train,95,233,0.6201617121696472,3.962730646133423,4.9052629470825195
Adhesion,0.02,train,95,233,0.6270706057548523,3.9611752033233643,4.9052629470825195
Adhesion,0.02,train,107,267,0.5599138140678406,3.9966375827789307,4.990653991699219
Adhesion,0.02,train,7,11,0.692243754863739,3.8266658782958984,3.142857074737549
Adhesion,0.02,train,7,11,0.7267417311668396,3.8241004943847656,3.142857074737549
Adhesion,0.02,train,7,11,0.7627735137939453,3.821409225463867,3.142857074737549
Adhesion,0.02,train,8,13,0.696739673614502,3.8705992698669434,3.25
Adhesion,0.02,train,8,13,0.7369906306266785,3.84193754196167,3.25
Adhesion,0.02,train,8,13,0.7753119468688965,3.834019422531128,3.25
Adhesion,0.02,train,9,15,0.7252021431922913,3.860222816467285,3.3333332538604736
Adhesion,0.02,train,9,15,0.8134206533432007,3.84273099899292,3.3333332538604736
Adhesion,0.02,train,9,15,0.8478364944458008,3.839948892593384,3.3333332538604736
Adhesion,0.02,train,9,15,0.8728318810462952,3.8385119438171387,3.3333332538604736
Adhesion,0.02,train,9,15,0.8952897191047668,3.839735269546509,3.3333332538604736
Adhesion,0.02,train,9,15,0.9177725315093994,3.841867208480835,3.3333332538604736
Adhesion,0.02,train,9,15,0.9391770958900452,3.8441684246063232,3.3333332538604736
Adhesion,0.02,train,9,15,0.9507752656936646,3.845078706741333,3.3333332538604736
Adhesion,0.02,train,9,15,0.9650431871414185,3.843899965286255,3.3333332538604736
Adhesion,0.02,train,9,15,0.96533203125,3.8419647216796875,3.3333332538604736
Adhesion,0.02,train,10,18,0.868078887462616,3.8987388610839844,3.5999999046325684
Adhesion,0.02,train,10,18,0.8756256103515625,3.8605923652648926,3.5999999046325684
Adhesion,0.02,train,10,18,0.8858416676521301,3.849644899368286,3.5999999046325684
Adhesion,0.02,train,10,18,0.8960132598876953,3.846843719482422,3.5999999046325684
Adhesion,0.02,train,12,22,0.753314197063446,3.91789174079895,3.6666667461395264
Adhesion,0.02,train,14,27,0.6884032487869263,3.9001553058624268,3.857142925262451
Adhesion,0.02,train,14,27,0.7239798307418823,3.8660638332366943,3.857142925262451
Adhesion,0.02,train,14,27,0.7602496147155762,3.853426456451416,3.857142925262451
Adhesion,0.02,train,16,31,0.69461989402771,3.924748182296753,3.875
Adhesion,0.02,train,16,31,0.7341699600219727,3.894313097000122,3.875
Adhesion,0.02,train,16,31,0.7726040482521057,3.884507417678833,3.875
Adhesion,0.02,train,18,35,0.722749650478363,3.8979899883270264,3.8888888359069824
Adhesion,0.02,train,18,35,0.8081386089324951,3.889155149459839,3.8888888359069824
Adhesion,0.02,train,18,35,0.841345489025116,3.891873598098755,3.8888888359069824
Adhesion,0.02,train,18,35,0.8666925430297852,3.894292116165161,3.8888888359069824
Adhesion,0.02,train,18,35,0.8892176151275635,3.8962037563323975,3.8888888359069824
Adhesion,0.02,train,18,35,0.9112227559089661,3.89817214012146,3.8888888359069824
Adhesion,0.02,train,18,35,0.9322924017906189,3.9004054069519043,3.8888888359069824
Adhesion,0.02,train,18,35,0.954584538936615,3.9022140502929688,3.8888888359069824
Adhesion,0.02,train,18,35,0.9602463841438293,3.899333953857422,3.8888888359069824
Adhesion,0.02,train,18,35,0.961424708366394,3.8945398330688477,3.8888888359069824
Adhesion,0.02,train,19,37,0.9105660319328308,3.9209506511688232,3.8947367668151855
Adhesion,0.02,train,19,37,0.9146154522895813,3.900485038757324,3.8947367668151855
Adhesion,0.02,train,19,37,0.9201654195785522,3.8940398693084717,3.8947367668151855
Adhesion,0.02,train,19,37,0.9256539344787598,3.8914060592651367,3.8947367668151855
Adhesion,0.02,train,23,47,0.7833389043807983,3.9370148181915283,4.08695650100708
Adhesion,0.02,train,26,56,0.7132059335708618,3.9152441024780273,4.307692527770996
Adhesion,0.02,train,26,56,0.7402810454368591,3.9107818603515625,4.307692527770996
Adhesion,0.02,train,26,56,0.7664705514907837,3.915539264678955,4.307692527770996
Adhesion,0.02,train,29,62,0.709899365901947,3.997145652770996,4.275862216949463
Adhesion,0.02,train,29,62,0.7411741018295288,3.9839277267456055,4.275862216949463
Adhesion,0.02,train,29,62,0.7744160890579224,3.986853837966919,4.275862216949463
Adhesion,0.02,train,33,71,0.7417804002761841,4.0350022315979,4.303030490875244
Adhesion,0.02,train,33,72,0.7742791771888733,4.02833366394043,4.363636493682861
Adhesion,0.02,train,33,72,0.7999105453491211,4.0285725593566895,4.363636493682861
Adhesion,0.02,train,33,72,0.8229246139526367,4.024568557739258,4.363636493682861
Adhesion,0.02,train,33,72,0.8422223329544067,4.026852607727051,4.363636493682861
Adhesion,0.02,train,33,72,0.8596768975257874,4.0312628746032715,4.363636493682861
Adhesion,0.02,train,33,72,0.8767185211181641,4.037606716156006,4.363636493682861
Adhesion,0.02,train,33,72,0.8976179957389832,4.050539970397949,4.363636493682861
Adhesion,0.02,train,33,72,0.9078344106674194,4.054522514343262,4.363636493682861
Adhesion,0.02,train,33,72,0.9167207479476929,4.054182529449463,4.363636493682861
Adhesion,0.02,train,35,77,0.8712041974067688,4.053305149078369,4.400000095367432
Adhesion,0.02,train,35,77,0.8770272135734558,4.0398759841918945,4.400000095367432
Adhesion,0.02,train,35,77,0.8825743794441223,4.034881591796875,4.400000095367432
Adhesion,0.02,train,35,77,0.8882455825805664,4.033048152923584,4.400000095367432
Adhesion,0.02,train,42,98,0.7533780932426453,4.003279685974121,4.666666507720947
Adhesion,0.02,train,47,111,0.6834973096847534,3.986220121383667,4.723404407501221
Adhesion,0.02,train,47,111,0.6957372426986694,3.976093053817749,4.723404407501221
Adhesion,0.02,train,47,111,0.7085831165313721,3.976867437362671,4.723404407501221
Adhesion,0.02,train,53,127,0.6395308375358582,4.020941257476807,4.792452812194824
Adhesion,0.02,train,53,127,0.6573101878166199,3.9912610054016113,4.792452812194824
Adhesion,0.02,train,59,143,0.6294686198234558,3.9609577655792236,4.847457408905029
Adhesion,0.02,train,59,143,0.6489389538764954,3.954237699508667,4.847457408905029
Adhesion,0.02,train,59,143,0.6692793369293213,3.9574625492095947,4.847457408905029
Adhesion,0.02,train,59,143,0.6874610781669617,3.961880922317505,4.847457408905029
Adhesion,0.02,train,59,143,0.7047504782676697,3.9647655487060547,4.847457408905029
Adhesion,0.02,train,59,143,0.7219698429107666,3.9688243865966797,4.847457408905029
Adhesion,0.02,train,59,143,0.7391678690910339,3.974754810333252,4.847457408905029
Adhesion,0.02,train,59,143,0.7671043276786804,3.989941358566284,4.847457408905029
Adhesion,0.02,train,59,143,0.777175784111023,3.9988505840301514,4.847457408905029
Adhesion,0.02,train,59,143,0.7867703437805176,4.006108283996582,4.847457408905029
Adhesion,0.02,train,59,143,0.7960745692253113,4.011481761932373,4.847457408905029
Adhesion,0.02,train,62,149,0.7660807967185974,4.006094932556152,4.806451797485352
Adhesion,0.02,train,62,149,0.7743712663650513,4.0083794593811035,4.806451797485352
Adhesion,0.02,train,62,149,0.7822214365005493,4.008482456207275,4.806451797485352
Adhesion,0.02,train,72,175,0.6854950785636902,4.014904499053955,4.861111164093018
Adhesion,0.02,train,72,175,0.6906120181083679,3.99621844291687,4.861111164093018
Adhesion,0.02,train,79,192,0.6350520849227905,3.9951353073120117,4.860759258270264
Adhesion,0.02,train,79,192,0.641402542591095,3.992130994796753,4.860759258270264
Adhesion,0.02,train,79,192,0.6484677791595459,3.995206117630005,4.860759258270264
Adhesion,0.02,train,88,214,0.5878401398658752,4.0334248542785645,4.863636493682861
Adhesion,0.02,train,88,214,0.595582902431488,4.015510559082031,4.863636493682861
Adhesion,0.02,train,96,235,0.5673255920410156,3.980862617492676,4.895833492279053
Adhesion,0.02,train,96,235,0.580024778842926,3.971850633621216,4.895833492279053
Adhesion,0.02,train,96,235,0.5934539437294006,3.9688727855682373,4.895833492279053
Adhesion,0.02,train,96,235,0.6064397692680359,3.9701716899871826,4.895833492279053
Adhesion,0.02,train,96,235,0.6181397438049316,3.9711978435516357,4.895833492279053
Adhesion,0.02,train,96,235,0.622560441493988,3.978123664855957,4.895833492279053
Adhesion,0.02,train,96,235,0.6244029402732849,3.9872639179229736,4.895833492279053
Adhesion,0.02,train,6,9,0.8660253882408142,3.722419500350952,3.0
Adhesion,0.02,train,6,9,0.9622828364372253,3.749405860900879,3.0
Adhesion,0.02,train,6,9,0.966271698474884,3.764397382736206,3.0
Adhesion,0.02,train,6,9,0.9662886261940002,3.7707014083862305,3.0
Adhesion,0.02,train,6,9,0.9663768410682678,3.774505853652954,3.0
Adhesion,0.02,train,6,9,0.9664905071258545,3.7776870727539062,3.0
Adhesion,0.02,train,6,9,0.9667239785194397,3.7840092182159424,3.0
Adhesion,0.02,train,6,9,0.9668332934379578,3.787339210510254,3.0
Adhesion,0.02,train,6,9,0.9669356346130371,3.7907800674438477,3.0
Adhesion,0.02,train,7,11,0.8267132043838501,3.8785245418548584,3.142857074737549
Adhesion,0.02,train,7,11,0.840092658996582,3.8445560932159424,3.142857074737549
Adhesion,0.02,train,7,11,0.8547907471656799,3.8335440158843994,3.142857074737549
Adhesion,0.02,train,8,13,0.7637737989425659,3.873318672180176,3.25
Adhesion,0.02,train,11,19,0.5990800261497498,3.96113657951355,3.454545497894287
Adhesion,0.02,train,12,21,0.58978670835495,3.9409639835357666,3.5
Adhesion,0.02,train,12,21,0.6402530074119568,3.917133331298828,3.5
Adhesion,0.02,train,12,21,0.6913168430328369,3.9060611724853516,3.5
Adhesion,0.02,train,12,21,0.7409459948539734,3.906397581100464,3.5
Adhesion,0.02,train,12,21,0.7888262271881104,3.908395767211914,3.5
Adhesion,0.02,train,12,21,0.8309337496757507,3.909651041030884,3.5
Adhesion,0.02,train,12,21,0.9092238545417786,3.911057472229004,3.5
Adhesion,0.02,train,12,21,0.9393972754478455,3.910418748855591,3.5
Adhesion,0.02,train,12,21,0.9559453129768372,3.9047927856445312,3.5
Adhesion,0.02,train,12,21,0.960963249206543,3.8969030380249023,3.5
Adhesion,0.02,train,12,21,0.9614548087120056,3.89013671875,3.5
Adhesion,0.02,train,12,21,0.9618539214134216,3.884564161300659,3.5
Adhesion,0.02,train,12,21,0.9622127413749695,3.879835367202759,3.5
Adhesion,0.02,train,12,21,0.9628494381904602,3.872258424758911,3.5
Adhesion,0.02,train,12,21,0.9631378054618835,3.8692238330841064,3.5
Adhesion,0.02,train,12,21,0.9632349014282227,3.865704298019409,3.5
Adhesion,0.02,train,14,26,0.8247126340866089,3.8996317386627197,3.7142856121063232
Adhesion,0.02,train,14,26,0.8373921513557434,3.8785319328308105,3.7142856121063232
Adhesion,0.02,train,14,26,0.8520064949989319,3.8719372749328613,3.7142856121063232
Adhesion,0.02,train,16,30,0.7612543702125549,3.9238107204437256,3.75
Adhesion,0.02,train,22,46,0.6005703210830688,3.9346425533294678,4.181818008422852
Adhesion,0.02,train,24,51,0.5897963643074036,3.9290685653686523,4.25
Adhesion,0.02,train,24,51,0.6380413770675659,3.905520439147949,4.25
Adhesion,0.02,train,24,51,0.6878740191459656,3.8969573974609375,4.25
Adhesion,0.02,train,24,51,0.7379135489463806,3.894179105758667,4.25
Adhesion,0.02,train,24,51,0.7853507995605469,3.8955771923065186,4.25
Adhesion,0.02,train,24,51,0.8686252236366272,3.902686357498169,4.25
Adhesion,0.02,train,24,51,0.9024210572242737,3.9089009761810303,4.25
Adhesion,0.02,train,24,51,0.931588351726532,3.9157497882843018,4.25
Adhesion,0.02,train,24,51,0.9499077796936035,3.9176270961761475,4.25
Adhesion,0.02,train,24,51,0.9572837948799133,3.913771867752075,4.25
Adhesion,0.02,train,24,51,0.9586560130119324,3.9085357189178467,4.25
Adhesion,0.02,train,24,51,0.9593923687934875,3.904215097427368,4.25
Adhesion,0.02,train,24,51,0.9604856967926025,3.8975932598114014,4.25
Adhesion,0.02,train,24,51,0.9609082341194153,3.895003080368042,4.25
Adhesion,0.02,train,24,51,0.961280345916748,3.8927698135375977,4.25
Adhesion,0.02,train,24,51,0.9616153836250305,3.8908252716064453,4.25
Adhesion,0.02,train,27,59,0.8548848628997803,3.922312021255493,4.370370388031006
Adhesion,0.02,train,27,59,0.8630223870277405,3.903569459915161,4.370370388031006
Adhesion,0.02,train,27,59,0.8727982044219971,3.8984029293060303,4.370370388031006
Adhesion,0.02,train,35,79,0.698941707611084,3.9337120056152344,4.514285564422607
Adhesion,0.02,train,40,91,0.6306089758872986,3.9660732746124268,4.550000190734863
Adhesion,0.02,train,43,100,0.6100654602050781,3.9708402156829834,4.651162624359131
Adhesion,0.02,train,43,100,0.6368702054023743,3.9643845558166504,4.651162624359131
Adhesion,0.02,train,43,100,0.6624923348426819,3.9643328189849854,4.651162624359131
Adhesion,0.02,train,43,100,0.6864593625068665,3.961305856704712,4.651162624359131
Adhesion,0.02,train,43,100,0.711311399936676,3.9623327255249023,4.651162624359131
Adhesion,0.02,train,43,100,0.7623623013496399,3.9733383655548096,4.651162624359131
Adhesion,0.02,train,43,100,0.7844091653823853,3.976914405822754,4.651162624359131
Adhesion,0.02,train,43,100,0.8049861192703247,3.9800262451171875,4.651162624359131
Adhesion,0.02,train,43,100,0.8250710964202881,3.9813125133514404,4.651162624359131
Adhesion,0.02,train,43,100,0.8423763513565063,3.980821371078491,4.651162624359131
Adhesion,0.02,train,43,100,0.855963945388794,3.9805188179016113,4.651162624359131
Adhesion,0.02,train,43,100,0.8677518963813782,3.980220317840576,4.651162624359131
Adhesion,0.02,train,43,100,0.8873361945152283,3.978761911392212,4.651162624359131
Adhesion,0.02,train,43,100,0.895564615726471,3.9777257442474365,4.651162624359131
Adhesion,0.02,train,43,100,0.902834951877594,3.9765384197235107,4.651162624359131
Adhesion,0.02,train,43,100,0.9092661142349243,3.975431203842163,4.651162624359131
Adhesion,0.02,train,47,111,0.8371804356575012,3.997107982635498,4.723404407501221
Adhesion,0.02,train,47,111,0.841679036617279,3.9770941734313965,4.723404407501221
Adhesion,0.02,train,54,130,0.7416197657585144,3.9716813564300537,4.814815044403076
Adhesion,0.02,train,60,145,0.6784746646881104,3.9778964519500732,4.833333492279053
Adhesion,0.02,train,69,171,0.5997933149337769,3.959078073501587,4.956521511077881
Adhesion,0.02,train,72,179,0.584892988204956,3.9392030239105225,4.972222328186035
Adhesion,0.02,train,72,179,0.596899151802063,3.9286367893218994,4.972222328186035
Adhesion,0.02,train,72,179,0.6094750165939331,3.919381856918335,4.972222328186035
Adhesion,0.02,train,72,179,0.6232105493545532,3.919896364212036,4.972222328186035
Adhesion,0.02,train,72,179,0.6540070176124573,3.92903995513916,4.972222328186035
Adhesion,0.02,train,72,179,0.6707515716552734,3.926307201385498,4.972222328186035
Adhesion,0.02,train,72,179,0.6849251389503479,3.91898512840271,4.972222328186035
Adhesion,0.02,train,72,179,0.6976668834686279,3.9130258560180664,4.972222328186035
Adhesion,0.02,train,72,179,0.7102892994880676,3.912959098815918,4.972222328186035
Adhesion,0.02,train,72,179,0.7223975658416748,3.9149067401885986,4.972222328186035
Adhesion,0.02,train,72,179,0.7331522107124329,3.916978597640991,4.972222328186035
Adhesion,0.02,train,72,179,0.7521084547042847,3.9146602153778076,4.972222328186035
Adhesion,0.02,train,72,179,0.7608408331871033,3.916195869445801,4.972222328186035
Adhesion,0.02,train,72,179,0.7691847681999207,3.9132914543151855,4.972222328186035
Adhesion,0.02,train,72,179,0.7770677208900452,3.912835121154785,4.972222328186035
Adhesion,0.02,train,72,179,0.7845861911773682,3.9137284755706787,4.972222328186035
Adhesion,0.02,train,78,192,0.7308689951896667,3.9340648651123047,4.92307710647583
Adhesion,0.02,train,78,192,0.7372034788131714,3.9251835346221924,4.92307710647583
Adhesion,0.02,train,88,217,0.662783682346344,3.9492380619049072,4.931818008422852
Adhesion,0.02,train,95,234,0.6209698915481567,3.9575343132019043,4.926315784454346
Adhesion,0.02,train,107,263,0.5565325021743774,3.9667210578918457,4.915887832641602
Adhesion,0.02,train,112,277,0.5338027477264404,3.958845853805542,4.9464287757873535
Adhesion,0.02,train,112,277,0.5346820950508118,3.951335906982422,4.9464287757873535
Adhesion,0.02,train,112,277,0.5353339910507202,3.9532907009124756,4.9464287757873535
Adhesion,0.02,train,112,277,0.5357061624526978,3.9561145305633545,4.9464287757873535
Adhesion,0.04,train,6,9,0.8660253882408142,3.722419500350952,3.0
Adhesion,0.04,train,6,9,0.9012321829795837,3.7462356090545654,3.0
Adhesion,0.04,train,6,9,0.9229820370674133,3.7599170207977295,3.0
Adhesion,0.04,train,6,9,0.9564985632896423,3.768109083175659,3.0
Adhesion,0.04,train,6,9,0.9652488827705383,3.770583152770996,3.0
Adhesion,0.04,train,6,9,0.9654658436775208,3.7734031677246094,3.0
Adhesion,0.04,train,6,9,0.9657301902770996,3.779805898666382,3.0
Adhesion,0.04,train,7,11,0.8254098892211914,3.8938183784484863,3.142857074737549
Adhesion,0.04,train,8,13,0.7293990850448608,3.8993072509765625,3.25
Adhesion,0.04,train,9,15,0.6990063190460205,3.9123857021331787,3.3333332538604736
Adhesion,0.04,train,9,15,0.732893705368042,3.901499032974243,3.3333332538604736
Adhesion,0.04,train,9,15,0.7667686939239502,3.8984107971191406,3.3333332538604736
Adhesion,0.04,train,10,17,0.7500329613685608,3.932617664337158,3.4000000953674316
Adhesion,0.04,train,10,17,0.7896944284439087,3.9099388122558594,3.4000000953674316
Adhesion,0.04,train,12,21,0.7244054675102234,3.909376859664917,3.5
Adhesion,0.04,train,12,21,0.7614786028862,3.8897554874420166,3.5
Adhesion,0.04,train,12,21,0.79450923204422,3.8801004886627197,3.5
Adhesion,0.04,train,12,21,0.8451624512672424,3.8710992336273193,3.5
Adhesion,0.04,train,12,21,0.8702223896980286,3.8701171875,3.5
Adhesion,0.04,train,12,21,0.8954594731330872,3.870759963989258,3.5
Adhesion,0.04,train,12,21,0.9353437423706055,3.8689239025115967,3.5
Adhesion,0.04,train,12,21,0.952313244342804,3.868096351623535,3.5
Adhesion,0.04,train,12,21,0.9615938067436218,3.8653507232666016,3.5
Adhesion,0.04,train,12,21,0.9623854756355286,3.859585762023926,3.5
Adhesion,0.04,train,12,21,0.9626644253730774,3.8577585220336914,3.5
Adhesion,0.04,train,15,27,0.7726730108261108,3.936382532119751,3.5999999046325684
Adhesion,0.04,train,17,31,0.6963038444519043,3.984532117843628,3.6470587253570557
Adhesion,0.04,train,17,31,0.7223079800605774,3.956672191619873,3.6470587253570557
Adhesion,0.04,train,17,32,0.7826531529426575,3.9274394512176514,3.7647058963775635
Adhesion,0.04,train,17,32,0.8120598793029785,3.92496395111084,3.7647058963775635
Adhesion,0.04,train,19,37,0.750582218170166,3.9571421146392822,3.8947367668151855
Adhesion,0.04,train,19,37,0.8208921551704407,3.9486865997314453,3.8947367668151855
Adhesion,0.04,train,22,44,0.7411415576934814,3.980823278427124,4.0
Adhesion,0.04,train,22,44,0.7768806219100952,3.9618189334869385,4.0
Adhesion,0.04,train,22,44,0.8314739465713501,3.952695608139038,4.0
Adhesion,0.04,train,22,44,0.8534659743309021,3.954404592514038,4.0
Adhesion,0.04,train,22,44,0.8973556756973267,3.962545156478882,4.0
Adhesion,0.04,train,22,44,0.9179403185844421,3.965773105621338,4.0
Adhesion,0.04,train,22,44,0.9330875277519226,3.9636306762695312,4.0
Adhesion,0.04,train,22,44,0.9551588296890259,3.95745849609375,4.0
Adhesion,0.04,train,22,44,0.9561765193939209,3.9516823291778564,4.0
Adhesion,0.04,train,22,44,0.9567339420318604,3.9465630054473877,4.0
Adhesion,0.04,train,24,49,0.8766663670539856,3.991427183151245,4.083333492279053
Adhesion,0.04,train,28,61,0.7565611004829407,3.9244425296783447,4.357142925262451
Adhesion,0.04,train,32,71,0.6766934990882874,3.9611153602600098,4.4375
Adhesion,0.04,train,32,71,0.7328567504882812,3.9176745414733887,4.4375
Adhesion,0.04,train,32,71,0.759911298751831,3.9144272804260254,4.4375
Adhesion,0.04,train,32,71,0.7851361632347107,3.91390061378479,4.4375
Adhesion,0.04,train,35,78,0.7704287767410278,3.9220991134643555,4.4571428298950195
Adhesion,0.04,train,35,78,0.7956506609916687,3.9263253211975098,4.4571428298950195
Adhesion,0.04,train,40,92,0.7394789457321167,3.9413986206054688,4.599999904632568
Adhesion,0.04,train,40,92,0.7621570229530334,3.9391379356384277,4.599999904632568
Adhesion,0.04,train,40,93,0.7802305221557617,3.927290439605713,4.650000095367432
Adhesion,0.04,train,40,93,0.8071067929267883,3.913534641265869,4.650000095367432
Adhesion,0.04,train,40,93,0.8197439908981323,3.912525177001953,4.650000095367432
Adhesion,0.04,train,40,93,0.8334188461303711,3.9167098999023438,4.650000095367432
Adhesion,0.04,train,40,93,0.861965000629425,3.9253737926483154,4.650000095367432
Adhesion,0.04,train,40,93,0.8757978677749634,3.9282150268554688,4.650000095367432
Adhesion,0.04,train,40,93,0.8864924311637878,3.929206132888794,4.650000095367432
Adhesion,0.04,train,40,93,0.9029983282089233,3.929434299468994,4.650000095367432
Adhesion,0.04,train,43,100,0.846260666847229,3.9195308685302734,4.651162624359131
Adhesion,0.04,train,54,128,0.6802575588226318,3.9531352519989014,4.740740776062012
Adhesion,0.04,train,54,128,0.6906946897506714,3.922895669937134,4.740740776062012
Adhesion,0.04,train,54,128,0.7043343186378479,3.9231417179107666,4.740740776062012
Adhesion,0.04,train,54,128,0.735689640045166,3.930388927459717,4.740740776062012
Adhesion,0.04,train,59,141,0.6884335875511169,3.9175539016723633,4.779661178588867
Adhesion,0.04,train,59,141,0.7041381001472473,3.9152884483337402,4.779661178588867
Adhesion,0.04,train,66,157,0.6578806042671204,3.943439483642578,4.757575988769531
Adhesion,0.04,train,66,157,0.6713423132896423,3.930300235748291,4.757575988769531
Adhesion,0.04,train,66,157,0.6853722333908081,3.9284417629241943,4.757575988769531
Adhesion,0.04,train,66,157,0.7049065232276917,3.935242176055908,4.757575988769531
Adhesion,0.04,train,66,157,0.714279294013977,3.9414775371551514,4.757575988769531
Adhesion,0.04,train,66,157,0.7339982986450195,3.9570794105529785,4.757575988769531
Adhesion,0.04,train,66,157,0.7443451285362244,3.9641685485839844,4.757575988769531
Adhesion,0.04,train,66,157,0.7550093531608582,3.9683094024658203,4.757575988769531
Adhesion,0.04,train,66,157,0.7761030197143555,3.9678404331207275,4.757575988769531
Adhesion,0.04,train,66,157,0.7853927612304688,3.9680023193359375,4.757575988769531
Adhesion,0.04,train,66,157,0.794033408164978,3.9685757160186768,4.757575988769531
Adhesion,0.04,train,79,193,0.6763721704483032,3.977745294570923,4.886075973510742
Adhesion,0.04,train,87,212,0.6177521347999573,3.9887778759002686,4.873563289642334
Adhesion,0.04,train,87,212,0.6242102980613708,3.968531847000122,4.873563289642334
Adhesion,0.04,train,87,212,0.6429933309555054,3.9679410457611084,4.873563289642334
Adhesion,0.04,train,87,212,0.6537905931472778,3.972088098526001,4.873563289642334
Adhesion,0.04,train,95,233,0.6087970733642578,3.965970754623413,4.9052629470825195
Adhesion,0.04,train,95,233,0.6264829635620117,3.958711862564087,4.9052629470825195
Adhesion,0.04,train,107,267,0.5595514178276062,3.992964506149292,4.990653991699219
Adhesion,0.04,train,107,267,0.5607476830482483,3.980851173400879,4.990653991699219
Adhesion,0.04,train,6,9,0.8660253882408142,3.722419500350952,3.0
Adhesion,0.04,train,7,11,0.6905559301376343,3.820145845413208,3.142857074737549
Adhesion,0.04,train,7,11,0.7612708806991577,3.812708616256714,3.142857074737549
Adhesion,0.04,train,8,13,0.6952919960021973,3.862555980682373,3.25
Adhesion,0.04,train,8,13,0.7354940176010132,3.832658529281616,3.25
Adhesion,0.04,train,9,15,0.7236865758895874,3.8501553535461426,3.3333332538604736
Adhesion,0.04,train,9,15,0.7687981128692627,3.8376994132995605,3.3333332538604736
Adhesion,0.04,train,9,15,0.8120328187942505,3.833082437515259,3.3333332538604736
Adhesion,0.04,train,9,15,0.8712640404701233,3.8305952548980713,3.3333332538604736
Adhesion,0.04,train,9,15,0.893808901309967,3.832078695297241,3.3333332538604736
Adhesion,0.04,train,9,15,0.9377778172492981,3.8367106914520264,3.3333332538604736
Adhesion,0.04,train,9,15,0.9494457244873047,3.838048219680786,3.3333332538604736
Adhesion,0.04,train,9,15,0.9607703685760498,3.839351177215576,3.3333332538604736
Adhesion,0.04,train,9,15,0.9639975428581238,3.835676908493042,3.3333332538604736
Adhesion,0.04,train,10,18,0.8668185472488403,3.899132251739502,3.5999999046325684
Adhesion,0.04,train,10,18,0.874181866645813,3.8568172454833984,3.5999999046325684
Adhesion,0.04,train,10,18,0.8946627378463745,3.842099666595459,3.5999999046325684
Adhesion,0.04,train,12,22,0.7516682744026184,3.9060685634613037,3.6666667461395264
Adhesion,0.04,train,12,22,0.7722064852714539,3.860767364501953,3.6666667461395264
Adhesion,0.04,train,14,27,0.7221695780754089,3.8577189445495605,3.857142925262451
Adhesion,0.04,train,14,27,0.758025586605072,3.8490681648254395,3.857142925262451
Adhesion,0.04,train,16,31,0.7322520017623901,3.912736177444458,3.875
Adhesion,0.04,train,16,31,0.770806610584259,3.899582624435425,3.875
Adhesion,0.04,train,18,36,0.7217217683792114,3.9024624824523926,4.0
Adhesion,0.04,train,18,36,0.8073747754096985,3.8824517726898193,4.0
Adhesion,0.04,train,18,36,0.8411309123039246,3.8826522827148438,4.0
Adhesion,0.04,train,18,36,0.8669971823692322,3.882194995880127,4.0
Adhesion,0.04,train,18,36,0.9118342995643616,3.8838632106781006,4.0
Adhesion,0.04,train,18,36,0.9331779479980469,3.886195659637451,4.0
Adhesion,0.04,train,18,36,0.9448802471160889,3.8879971504211426,4.0
Adhesion,0.04,train,18,36,0.9613165259361267,3.888988494873047,4.0
Adhesion,0.04,train,18,36,0.9620476961135864,3.8863437175750732,4.0
Adhesion,0.04,train,19,38,0.9110739827156067,3.9180984497070312,4.0
Adhesion,0.04,train,19,38,0.9195348620414734,3.8847432136535645,4.0
Adhesion,0.04,train,19,38,0.9248536825180054,3.8817813396453857,4.0
Adhesion,0.04,train,23,49,0.7837982773780823,3.912553310394287,4.26086950302124
Adhesion,0.04,train,26,56,0.7128392457962036,3.933337688446045,4.307692527770996
Adhesion,0.04,train,26,56,0.740587592124939,3.9244351387023926,4.307692527770996
Adhesion,0.04,train,29,63,0.7134650945663452,3.962341070175171,4.344827651977539
Adhesion,0.04,train,29,63,0.7454015016555786,3.939328908920288,4.344827651977539
Adhesion,0.04,train,29,64,0.7791464328765869,3.9300527572631836,4.413793087005615
Adhesion,0.04,train,32,70,0.76629638671875,3.9365782737731934,4.375
Adhesion,0.04,train,32,71,0.7987642884254456,3.930971384048462,4.4375
Adhesion,0.04,train,32,71,0.8230904340744019,3.935067653656006,4.4375
Adhesion,0.04,train,32,71,0.860252857208252,3.944277763366699,4.4375
Adhesion,0.04,train,32,71,0.878265380859375,3.947866916656494,4.4375
Adhesion,0.04,train,32,71,0.904779314994812,3.938978672027588,4.4375
Adhesion,0.04,train,32,71,0.9137250185012817,3.9422683715820312,4.4375
Adhesion,0.04,train,32,71,0.9225448369979858,3.9445061683654785,4.4375
Adhesion,0.04,train,34,76,0.8816673159599304,3.9508280754089355,4.470588207244873
Adhesion,0.04,train,34,76,0.8858651518821716,3.9406301975250244,4.470588207244873
Adhesion,0.04,train,34,76,0.8901431560516357,3.9394404888153076,4.470588207244873
Adhesion,0.04,train,40,92,0.76410973072052,3.987725019454956,4.599999904632568
Adhesion,0.04,train,40,92,0.7721661329269409,3.952360153198242,4.599999904632568
Adhesion,0.04,train,44,103,0.7120167016983032,3.9369101524353027,4.681818008422852
Adhesion,0.04,train,44,103,0.7389951348304749,3.9373350143432617,4.681818008422852
Adhesion,0.04,train,49,115,0.6756963729858398,3.990504026412964,4.693877696990967
Adhesion,0.04,train,49,115,0.7132487893104553,3.955195188522339,4.693877696990967
Adhesion,0.04,train,55,131,0.6526521444320679,3.9332118034362793,4.763636589050293
Adhesion,0.04,train,55,131,0.6703109741210938,3.9334988594055176,4.763636589050293
Adhesion,0.04,train,55,131,0.7062730193138123,3.9387295246124268,4.763636589050293
Adhesion,0.04,train,55,131,0.7233003973960876,3.931302070617676,4.763636589050293
Adhesion,0.04,train,55,131,0.739718496799469,3.925788164138794,4.763636589050293
Adhesion,0.04,train,55,131,0.771368682384491,3.9299614429473877,4.763636589050293
Adhesion,0.04,train,55,131,0.7825119495391846,3.9323513507843018,4.763636589050293
Adhesion,0.04,train,55,131,0.7925589680671692,3.935861825942993,4.763636589050293
Adhesion,0.04,train,55,131,0.8118237853050232,3.9425177574157715,4.763636589050293
Adhesion,0.04,train,58,139,0.7786898016929626,3.952305555343628,4.793103218078613
Adhesion,0.04,train,58,139,0.787151575088501,3.946122884750366,4.793103218078613
Adhesion,0.04,train,58,139,0.8023569583892822,3.950742244720459,4.793103218078613
Adhesion,0.04,train,66,162,0.7105991840362549,3.976311445236206,4.909090995788574
Adhesion,0.04,train,73,178,0.653468668460846,3.9584529399871826,4.876712322235107
Adhesion,0.04,train,73,178,0.6604843139648438,3.9526290893554688,4.876712322235107
Adhesion,0.04,train,73,178,0.6683045625686646,3.95632004737854,4.876712322235107
Adhesion,0.04,train,81,198,0.6180618405342102,3.9694228172302246,4.888888835906982
Adhesion,0.04,train,81,198,0.6296690106391907,3.9738056659698486,4.888888835906982
Adhesion,0.04,train,89,219,0.5853110551834106,3.987107753753662,4.9213480949401855
Adhesion,0.04,train,89,219,0.6126073002815247,4.00124454498291,4.9213480949401855
Adhesion,0.04,train,89,219,0.6261890530586243,4.003751277923584,4.9213480949401855
Adhesion,0.04,train,89,219,0.6396333575248718,3.994596004486084,4.9213480949401855
Adhesion,0.04,train,89,219,0.6643531322479248,3.995924711227417,4.9213480949401855
Adhesion,0.04,train,89,219,0.6704332232475281,4.003242492675781,4.9213480949401855
Adhesion,0.04,train,89,219,0.6731169819831848,4.007601261138916,4.9213480949401855
Adhesion,0.04,train,89,219,0.6733183860778809,4.001766681671143,4.9213480949401855
Adhesion,0.04,train,89,219,0.6734911203384399,3.9964237213134766,4.9213480949401855
Adhesion,0.04,train,94,231,0.6379353404045105,3.996422290802002,4.914893627166748
Adhesion,0.04,train,94,231,0.6382020711898804,3.992133617401123,4.914893627166748
Adhesion,0.04,train,94,231,0.6382917165756226,3.9895083904266357,4.914893627166748
Adhesion,0.04,train,104,257,0.5769170522689819,3.9814634323120117,4.942307472229004
Adhesion,0.04,train,115,290,0.5217334628105164,3.978240728378296,5.043478488922119
Adhesion,0.04,train,115,290,0.5217331647872925,3.9793286323547363,5.043478488922119
Adhesion,0.04,train,128,323,0.46874481439590454,4.01530647277832,5.046875
Adhesion,0.04,train,128,323,0.46874508261680603,3.998534679412842,5.046875
Adhesion,0.04,train,139,353,0.4316471219062805,3.9720370769500732,5.079136848449707
Adhesion,0.04,train,139,353,0.43164870142936707,3.9563331604003906,5.079136848449707
Adhesion,0.04,train,139,353,0.4316506087779999,3.9461472034454346,5.079136848449707
Adhesion,0.04,train,139,353,0.43165239691734314,3.9294261932373047,5.079136848449707
Adhesion,0.04,train,139,353,0.43165281414985657,3.9266409873962402,5.079136848449707
Adhesion,0.04,train,139,353,0.43165305256843567,3.9268877506256104,5.079136848449707
Adhesion,0.04,train,139,353,0.43165335059165955,3.9300484657287598,5.079136848449707
Adhesion,0.04,train,139,353,0.4316534101963043,3.9316976070404053,5.079136848449707
Adhesion,0.04,train,139,353,0.4316534101963043,3.9299118518829346,5.079136848449707
Adhesion,0.04,train,146,374,0.4109574854373932,3.9342284202575684,5.123287677764893
Adhesion,0.04,train,146,374,0.4109574556350708,3.9423108100891113,5.123287677764893
Adhesion,0.04,train,146,374,0.41095736622810364,3.9436118602752686,5.123287677764893
Adhesion,0.04,train,160,415,0.3749985098838806,3.9537880420684814,5.1875
Adhesion,0.04,train,160,415,0.37499842047691345,3.9503262042999268,5.1875
Adhesion,0.04,train,174,453,0.3448260426521301,3.9400248527526855,5.206896781921387
Adhesion,0.04,train,174,453,0.34482598304748535,3.9261245727539062,5.206896781921387
Adhesion,0.04,train,194,505,0.30927690863609314,3.9561357498168945,5.206185340881348
Adhesion,0.04,train,194,505,0.3092769682407379,3.945643424987793,5.206185340881348
Adhesion,0.04,train,210,548,0.2857115864753723,3.969632387161255,5.219047546386719
Adhesion,0.04,train,210,548,0.28571218252182007,3.9587697982788086,5.219047546386719
Adhesion,0.04,train,210,548,0.28571316599845886,3.9481146335601807,5.219047546386719
Adhesion,0.04,train,210,548,0.28571340441703796,3.9437718391418457,5.219047546386719
Adhesion,0.04,train,210,548,0.2857134938240051,3.9396955966949463,5.219047546386719
Adhesion,0.04,train,210,548,0.28571367263793945,3.94262957572937,5.219047546386719
Adhesion,0.04,train,210,548,0.28571373224258423,3.945056200027466,5.219047546386719
Adhesion,0.04,train,210,548,0.285713791847229,3.9432454109191895,5.219047546386719
Adhesion,0.04,train,210,548,0.28571373224258423,3.9389331340789795,5.219047546386719
Adhesion,0.04,train,215,562,0.2790692150592804,3.944629430770874,5.227907180786133
Adhesion,0.04,train,216,565,0.27777722477912903,3.980454683303833,5.231481552124023
Adhesion,0.04,train,216,565,0.27777719497680664,3.976623058319092,5.231481552124023
Adhesion,0.04,train,234,616,0.2564097046852112,3.987793207168579,5.264957427978516
Adhesion,0.04,train,255,678,0.23529361188411713,4.119456768035889,5.3176469802856445
Adhesion,0.04,train,253,674,0.23715363442897797,4.033711910247803,5.328063011169434
Adhesion,0.04,train,250,665,0.23999948799610138,3.9861299991607666,5.320000171661377
Adhesion,0.04,train,278,739,0.2158268392086029,4.052483081817627,5.31654691696167
Adhesion,0.04,train,276,733,0.217390775680542,4.0099945068359375,5.311594009399414
Adhesion,0.04,train,6,9,0.9610321521759033,3.745270013809204,3.0
Adhesion,0.04,train,6,9,0.965079128742218,3.7580349445343018,3.0
Adhesion,0.04,train,6,9,0.9651266932487488,3.763657331466675,3.0
Adhesion,0.04,train,6,9,0.9653659462928772,3.7703609466552734,3.0
Adhesion,0.04,train,6,9,0.9654987454414368,3.773452043533325,3.0
Adhesion,0.04,train,6,9,0.9656269550323486,3.7766411304473877,3.0
Adhesion,0.04,train,6,9,0.9658610820770264,3.783346176147461,3.0
Adhesion,0.04,train,7,11,0.8254199028015137,3.870326519012451,3.142857074737549
Adhesion,0.04,train,7,11,0.8387690782546997,3.834794759750366,3.142857074737549
Adhesion,0.04,train,8,13,0.7624120712280273,3.864454507827759,3.25
Adhesion,0.04,train,9,15,0.6987860798835754,3.8706464767456055,3.3333332538604736
Adhesion,0.04,train,11,19,0.5972532033920288,3.948185682296753,3.454545497894287
Adhesion,0.04,train,12,21,0.6384652256965637,3.9027156829833984,3.5
Adhesion,0.04,train,12,21,0.6890336871147156,3.8937320709228516,3.5
Adhesion,0.04,train,12,21,0.7869145274162292,3.8977880477905273,3.5
Adhesion,0.04,train,12,21,0.8291754126548767,3.8992176055908203,3.5
Adhesion,0.04,train,12,21,0.8713157176971436,3.900688886642456,3.5
Adhesion,0.04,train,12,21,0.9377034306526184,3.9007444381713867,3.5
Adhesion,0.04,train,12,21,0.9542770981788635,3.8954970836639404,3.5
Adhesion,0.04,train,12,21,0.959334671497345,3.887927770614624,3.5
Adhesion,0.04,train,12,21,0.9602623581886292,3.8759663105010986,3.5
Adhesion,0.04,train,12,21,0.9606356024742126,3.8713791370391846,3.5
Adhesion,0.04,train,12,21,0.9609788060188293,3.867431640625,3.5
Adhesion,0.04,train,12,21,0.9615996479988098,3.8610706329345703,3.5
Adhesion,0.04,train,12,21,0.9618844985961914,3.858530282974243,3.5
Adhesion,0.04,train,14,26,0.8357606530189514,3.870983362197876,3.7142856121063232
Adhesion,0.04,train,14,26,0.8504136800765991,3.8644845485687256,3.7142856121063232
Adhesion,0.04,train,16,30,0.7592949867248535,3.913865566253662,3.75
Adhesion,0.04,train,22,46,0.5985104441642761,3.9301154613494873,4.181818008422852
Adhesion,0.04,train,24,51,0.587635338306427,3.935319662094116,4.25
Adhesion,0.04,train,24,51,0.6358110904693604,3.9112069606781006,4.25
Adhesion,0.04,train,24,51,0.7357239723205566,3.900249481201172,4.25
Adhesion,0.04,train,24,51,0.7830756306648254,3.9018189907073975,4.25
Adhesion,0.04,train,24,51,0.8250319361686707,3.9039928913116455,4.25
Adhesion,0.04,train,24,51,0.9000956416130066,3.9144675731658936,4.25
Adhesion,0.04,train,24,51,0.92928147315979,3.920919179916382,4.25
Adhesion,0.04,train,24,51,0.9549367427825928,3.9187498092651367,4.25
Adhesion,0.04,train,24,51,0.9563706517219543,3.913705587387085,4.25
Adhesion,0.04,train,24,51,0.9571137428283691,3.909522771835327,4.25
Adhesion,0.04,train,24,51,0.9581723809242249,3.9030749797821045,4.25
Adhesion,0.04,train,24,51,0.9585819244384766,3.9004786014556885,4.25
Adhesion,0.04,train,24,51,0.9589293599128723,3.8982019424438477,4.25
Adhesion,0.04,train,27,59,0.8524491786956787,3.9280354976654053,4.370370388031006
Adhesion,0.04,train,27,59,0.8603576421737671,3.908754348754883,4.370370388031006
Adhesion,0.04,train,27,59,0.8699650168418884,3.9038000106811523,4.370370388031006
Adhesion,0.04,train,35,79,0.6960808634757996,3.9353959560394287,4.514285564422607
Adhesion,0.04,train,40,91,0.6286031007766724,3.9542059898376465,4.550000190734863
Adhesion,0.04,train,43,99,0.6066614985466003,3.9519948959350586,4.604650974273682
Adhesion,0.04,train,43,100,0.6559083461761475,3.93570876121521,4.651162624359131
Adhesion,0.04,train,43,100,0.6794635653495789,3.9375879764556885,4.651162624359131
Adhesion,0.04,train,43,100,0.7319021224975586,3.949842691421509,4.651162624359131
Adhesion,0.04,train,43,100,0.7586437463760376,3.951505422592163,4.651162624359131
Adhesion,0.04,train,43,100,0.7819918990135193,3.9589452743530273,4.651162624359131
Adhesion,0.04,train,43,100,0.8231784701347351,3.9682233333587646,4.651162624359131
Adhesion,0.04,train,43,100,0.8400555849075317,3.967121124267578,4.651162624359131
Adhesion,0.04,train,43,100,0.8534373044967651,3.965630054473877,4.651162624359131
Adhesion,0.04,train,43,100,0.8755157589912415,3.9627416133880615,4.651162624359131
Adhesion,0.04,train,43,100,0.8846222758293152,3.961015462875366,4.651162624359131
Adhesion,0.04,train,43,100,0.8926284313201904,3.959059000015259,4.651162624359131
Adhesion,0.04,train,43,100,0.9062015414237976,3.954996109008789,4.651162624359131
Adhesion,0.04,train,47,110,0.8342060446739197,3.9740512371063232,4.680850982666016
Adhesion,0.04,train,47,110,0.8424651622772217,3.9466376304626465,4.680850982666016
Adhesion,0.04,train,54,130,0.7396724224090576,3.958120822906494,4.814815044403076
Adhesion,0.04,train,60,146,0.676980197429657,3.951754331588745,4.866666793823242
Adhesion,0.04,train,73,181,0.5751546025276184,3.9326188564300537,4.958904266357422
Adhesion,0.04,train,73,181,0.5871342420578003,3.9235146045684814,4.958904266357422
Adhesion,0.04,train,73,181,0.5997087359428406,3.914313793182373,4.958904266357422
Adhesion,0.04,train,73,181,0.627987802028656,3.907766580581665,4.958904266357422
Adhesion,0.04,train,73,181,0.6439141035079956,3.912013530731201,4.958904266357422
Adhesion,0.04,train,73,181,0.6605319976806641,3.917649269104004,4.958904266357422
Adhesion,0.04,train,73,181,0.6888758540153503,3.92925763130188,4.958904266357422
Adhesion,0.04,train,73,181,0.7020764946937561,3.9330077171325684,4.958904266357422
Adhesion,0.04,train,73,181,0.725627601146698,3.932795286178589,4.958904266357422
Adhesion,0.04,train,73,181,0.735593855381012,3.9322049617767334,4.958904266357422
Adhesion,0.04,train,73,181,0.7448368668556213,3.932865858078003,4.958904266357422
Adhesion,0.04,train,73,181,0.7615627646446228,3.935304880142212,4.958904266357422
Adhesion,0.04,train,73,181,0.7692882418632507,3.931713342666626,4.958904266357422
Adhesion,0.04,train,73,181,0.7766872644424438,3.9234018325805664,4.958904266357422
Adhesion,0.04,train,81,201,0.7121301293373108,3.9432718753814697,4.962963104248047
Adhesion,0.04,train,81,201,0.7174937129020691,3.940098524093628,4.962963104248047
Adhesion,0.04,train,91,226,0.6424522995948792,3.9573135375976562,4.9670329093933105
Adhesion,0.04,train,111,279,0.5363786220550537,3.983781576156616,5.027027130126953
Adhesion,0.04,train,117,293,0.5115853548049927,3.9724371433258057,5.008546829223633
Adhesion,0.04,train,117,293,0.5128205418586731,3.9610161781311035,5.008546829223633
Adhesion,0.06,train,6,9,0.8660253882408142,3.722419500350952,3.0
Adhesion,0.06,train,6,9,0.8999479413032532,3.742466926574707,3.0
Adhesion,0.06,train,6,9,0.9217715263366699,3.7539775371551514,3.0
Adhesion,0.06,train,6,9,0.9385311603546143,3.7586679458618164,3.0
Adhesion,0.06,train,6,9,0.9641280174255371,3.763821840286255,3.0
Adhesion,0.06,train,6,9,0.9643595814704895,3.76664137840271,3.0
Adhesion,0.06,train,6,9,0.9645112156867981,3.769756317138672,3.0
Adhesion,0.06,train,6,9,0.9646499156951904,3.7730343341827393,3.0
Adhesion,0.06,train,8,13,0.7278178334236145,3.8886618614196777,3.25
Adhesion,0.06,train,9,15,0.666662871837616,3.94661808013916,3.3333332538604736
Adhesion,0.06,train,9,15,0.6974489688873291,3.9022891521453857,3.3333332538604736
Adhesion,0.06,train,9,15,0.7313718795776367,3.891584634780884,3.3333332538604736
Adhesion,0.06,train,9,15,0.7992795705795288,3.889065980911255,3.3333332538604736
Adhesion,0.06,train,10,17,0.7485840916633606,3.922961473464966,3.4000000953674316
Adhesion,0.06,train,10,17,0.7882582545280457,3.899826765060425,3.4000000953674316
Adhesion,0.06,train,10,17,0.8289762735366821,3.8914291858673096,3.4000000953674316
Adhesion,0.06,train,12,21,0.7598605155944824,3.87797474861145,3.5
Adhesion,0.06,train,12,21,0.7929180264472961,3.8688716888427734,3.5
Adhesion,0.06,train,12,21,0.8182430863380432,3.8636677265167236,3.5
Adhesion,0.06,train,12,21,0.8434038162231445,3.8612048625946045,3.5
Adhesion,0.06,train,12,21,0.8939316868782043,3.8618781566619873,3.5
Adhesion,0.06,train,12,21,0.9167254567146301,3.8619613647460938,3.5
Adhesion,0.06,train,12,21,0.93387371301651,3.8604648113250732,3.5
Adhesion,0.06,train,12,21,0.9508712887763977,3.8598108291625977,3.5
Adhesion,0.06,train,12,21,0.9606399536132812,3.8542003631591797,3.5
Adhesion,0.06,train,12,21,0.960968017578125,3.8519890308380127,3.5
Adhesion,0.06,train,12,21,0.9612593054771423,3.8503503799438477,3.5
Adhesion,0.06,train,13,23,0.8861982822418213,3.895207643508911,3.538461446762085
Adhesion,0.06,train,17,31,0.6944502592086792,3.974726438522339,3.6470587253570557
Adhesion,0.06,train,17,31,0.7202226519584656,3.9463016986846924,3.6470587253570557
Adhesion,0.06,train,17,32,0.7505499720573425,3.9382598400115967,3.7647058963775635
Adhesion,0.06,train,17,32,0.7805362343788147,3.920866012573242,3.7647058963775635
Adhesion,0.06,train,19,37,0.7486306428909302,3.9542076587677,3.8947367668151855
Adhesion,0.06,train,19,37,0.7822914123535156,3.9391672611236572,3.8947367668151855
Adhesion,0.06,train,19,37,0.8189774751663208,3.941920518875122,3.8947367668151855
Adhesion,0.06,train,22,44,0.7394701242446899,3.989122152328491,4.0
Adhesion,0.06,train,22,44,0.806247353553772,3.9605026245117188,4.0
Adhesion,0.06,train,22,44,0.8294258117675781,3.955629587173462,4.0
Adhesion,0.06,train,22,44,0.8513308167457581,3.95646071434021,4.0
Adhesion,0.06,train,22,44,0.8730730414390564,3.9587554931640625,4.0
Adhesion,0.06,train,22,44,0.9160959124565125,3.9648475646972656,4.0
Adhesion,0.06,train,22,44,0.9313425421714783,3.9621355533599854,4.0
Adhesion,0.06,train,22,44,0.9455035924911499,3.9596898555755615,4.0
Adhesion,0.06,train,22,44,0.9536356329917908,3.9552178382873535,4.0
Adhesion,0.06,train,22,45,0.9568659067153931,3.920215368270874,4.090909004211426
Adhesion,0.06,train,22,45,0.9573226571083069,3.9141173362731934,4.090909004211426
Adhesion,0.06,train,24,50,0.8769197463989258,3.968068838119507,4.166666507720947
Adhesion,0.06,train,28,62,0.7573116421699524,3.9022648334503174,4.4285712242126465
Adhesion,0.06,train,32,70,0.6998128294944763,3.9120888710021973,4.375
Adhesion,0.06,train,32,70,0.7287152409553528,3.910388946533203,4.375
Adhesion,0.06,train,32,70,0.7560255527496338,3.9146018028259277,4.375
Adhesion,0.06,train,32,70,0.7821033000946045,3.9216902256011963,4.375
Adhesion,0.06,train,35,77,0.7675414681434631,3.9339609146118164,4.400000095367432
Adhesion,0.06,train,35,77,0.7953993082046509,3.943314552307129,4.400000095367432
Adhesion,0.06,train,39,87,0.7344217300415039,3.9771764278411865,4.461538314819336
Adhesion,0.06,train,39,87,0.758039116859436,3.963993549346924,4.461538314819336
Adhesion,0.06,train,39,88,0.7932116389274597,3.944331169128418,4.512820720672607
Adhesion,0.06,train,39,88,0.8058659434318542,3.9380884170532227,4.512820720672607
Adhesion,0.06,train,39,88,0.8186562657356262,3.9374749660491943,4.512820720672607
Adhesion,0.06,train,39,88,0.8319221138954163,3.939845085144043,4.512820720672607
Adhesion,0.06,train,39,89,0.8605830073356628,3.940011739730835,4.564102649688721
Adhesion,0.06,train,39,89,0.8750375509262085,3.9336225986480713,4.564102649688721
Adhesion,0.06,train,39,89,0.8879697918891907,3.9318480491638184,4.564102649688721
Adhesion,0.06,train,39,89,0.9062626361846924,3.9287006855010986,4.564102649688721
Adhesion,0.06,train,39,89,0.9134487509727478,3.926534414291382,4.564102649688721
Adhesion,0.06,train,42,96,0.853962242603302,3.9474294185638428,4.5714287757873535
Adhesion,0.06,train,47,110,0.7663592100143433,3.934645414352417,4.680850982666016
Adhesion,0.06,train,55,131,0.6692624092102051,3.931722402572632,4.763636589050293
Adhesion,0.06,train,55,131,0.6853085160255432,3.914030075073242,4.763636589050293
Adhesion,0.06,train,55,131,0.7029995918273926,3.9115936756134033,4.763636589050293
Adhesion,0.06,train,55,131,0.72109055519104,3.915201187133789,4.763636589050293
Adhesion,0.06,train,60,144,0.6961573362350464,3.920856237411499,4.800000190734863
Adhesion,0.06,train,60,144,0.7143375277519226,3.921382188796997,4.800000190734863
Adhesion,0.06,train,66,158,0.6652374267578125,3.9453065395355225,4.78787899017334
Adhesion,0.06,train,66,158,0.6801652908325195,3.9332168102264404,4.78787899017334
Adhesion,0.06,train,66,158,0.7054640054702759,3.928255081176758,4.78787899017334
Adhesion,0.06,train,66,158,0.7146784067153931,3.9310052394866943,4.78787899017334
Adhesion,0.06,train,66,158,0.7237632274627686,3.935654640197754,4.78787899017334
Adhesion,0.06,train,66,158,0.7328336834907532,3.941727638244629,4.78787899017334
Adhesion,0.06,train,66,158,0.7514826655387878,3.954096555709839,4.78787899017334
Adhesion,0.06,train,66,158,0.7612485289573669,3.960434913635254,4.78787899017334
Adhesion,0.06,train,66,158,0.7712345123291016,3.964045286178589,4.78787899017334
Adhesion,0.06,train,66,158,0.7809040546417236,3.965146064758301,4.78787899017334
Adhesion,0.06,train,66,158,0.7981670498847961,3.9667246341705322,4.78787899017334
Adhesion,0.06,train,72,174,0.7387821674346924,3.979607105255127,4.833333492279053
Adhesion,0.06,train,81,198,0.6624847650527954,3.971515417098999,4.888888835906982
Adhesion,0.06,train,92,226,0.5861722230911255,3.980156898498535,4.91304349899292
Adhesion,0.06,train,92,226,0.6002850532531738,3.9445302486419678,4.91304349899292
Adhesion,0.06,train,92,226,0.6102522015571594,3.946368455886841,4.91304349899292
Adhesion,0.06,train,92,226,0.6212986707687378,3.950349807739258,4.91304349899292
Adhesion,0.06,train,99,245,0.5880422592163086,3.9661977291107178,4.9494948387146
Adhesion,0.06,train,99,245,0.6035876274108887,3.9573376178741455,4.9494948387146
Adhesion,0.06,train,110,277,0.5450326204299927,3.971404552459717,5.03636360168457
Adhesion,0.06,train,110,277,0.5454545617103577,3.9594011306762695,5.03636360168457
Adhesion,0.06,train,6,9,0.8660253882408142,3.722419500350952,3.0
Adhesion,0.06,train,7,11,0.7235844731330872,3.8074798583984375,3.142857074737549
Adhesion,0.06,train,7,11,0.759800136089325,3.804300546646118,3.142857074737549
Adhesion,0.06,train,8,13,0.693915069103241,3.8541667461395264,3.25
Adhesion,0.06,train,8,13,0.7341700196266174,3.8237791061401367,3.25
Adhesion,0.06,train,9,15,0.7221909761428833,3.8421363830566406,3.3333332538604736
Adhesion,0.06,train,9,15,0.7673565745353699,3.830007791519165,3.3333332538604736
Adhesion,0.06,train,9,15,0.8106263279914856,3.825662851333618,3.3333332538604736
Adhesion,0.06,train,9,15,0.8445752263069153,3.824451446533203,3.3333332538604736
Adhesion,0.06,train,9,15,0.892307698726654,3.826429605484009,3.3333332538604736
Adhesion,0.06,train,9,15,0.9148852825164795,3.828749656677246,3.3333332538604736
Adhesion,0.06,train,9,15,0.9363444447517395,3.8311259746551514,3.3333332538604736
Adhesion,0.06,train,9,15,0.948033332824707,3.832580089569092,3.3333332538604736
Adhesion,0.06,train,9,15,0.9627182483673096,3.8336873054504395,3.3333332538604736
Adhesion,0.06,train,9,15,0.9626373648643494,3.832085609436035,3.3333332538604736
Adhesion,0.06,train,10,18,0.8655121922492981,3.898998975753784,3.5999999046325684
Adhesion,0.06,train,10,18,0.8726882934570312,3.853598117828369,3.5999999046325684
Adhesion,0.06,train,10,18,0.8932420015335083,3.8387389183044434,3.5999999046325684
Adhesion,0.06,train,12,22,0.750108003616333,3.8913204669952393,3.6666667461395264
Adhesion,0.06,train,12,22,0.7704388499259949,3.849339723587036,3.6666667461395264
Adhesion,0.06,train,14,27,0.6850752234458923,3.879512310028076,3.857142925262451
Adhesion,0.06,train,14,27,0.7562001347541809,3.842711925506592,3.857142925262451
Adhesion,0.06,train,16,31,0.690659761428833,3.940532684326172,3.875
Adhesion,0.06,train,16,31,0.7299524545669556,3.8983755111694336,3.875
Adhesion,0.06,train,16,31,0.768380880355835,3.886760950088501,3.875
Adhesion,0.06,train,18,36,0.7634875774383545,3.87623929977417,4.0
Adhesion,0.06,train,18,36,0.8043203353881836,3.8742361068725586,4.0
Adhesion,0.06,train,18,36,0.8382871150970459,3.875840187072754,4.0
Adhesion,0.06,train,18,36,0.8868658542633057,3.8779406547546387,4.0
Adhesion,0.06,train,18,36,0.9092013835906982,3.880476951599121,4.0
Adhesion,0.06,train,18,36,0.9306008219718933,3.883237600326538,4.0
Adhesion,0.06,train,18,36,0.9420957565307617,3.8841192722320557,4.0
Adhesion,0.06,train,18,36,0.9586214423179626,3.88507342338562,4.0
Adhesion,0.06,train,18,36,0.9595353603363037,3.8816404342651367,4.0
Adhesion,0.06,train,19,38,0.9087399840354919,3.921722888946533,4.0
Adhesion,0.06,train,19,38,0.9121690988540649,3.897876501083374,4.0
Adhesion,0.06,train,19,38,0.9232946634292603,3.883909225463867,4.0
Adhesion,0.06,train,23,49,0.7655739784240723,3.9597721099853516,4.26086950302124
Adhesion,0.06,train,23,49,0.7818635106086731,3.91394305229187,4.26086950302124
Adhesion,0.06,train,26,56,0.7112058997154236,3.9328207969665527,4.307692527770996
Adhesion,0.06,train,26,56,0.7664178609848022,3.9282798767089844,4.307692527770996
Adhesion,0.06,train,29,62,0.708494246006012,4.004842758178711,4.275862216949463
Adhesion,0.06,train,29,62,0.7390574812889099,3.986689567565918,4.275862216949463
Adhesion,0.06,train,29,62,0.7725784182548523,3.982840061187744,4.275862216949463
Adhesion,0.06,train,33,72,0.7375286817550659,3.9782941341400146,4.363636493682861
Adhesion,0.06,train,33,72,0.7696322202682495,3.9840264320373535,4.363636493682861
Adhesion,0.06,train,33,72,0.7957281470298767,3.9919044971466064,4.363636493682861
Adhesion,0.06,train,33,72,0.8172304630279541,3.9989540576934814,4.363636493682861
Adhesion,0.06,train,33,72,0.8554894924163818,4.01546573638916,4.363636493682861
Adhesion,0.06,train,33,72,0.8734623193740845,4.01255464553833,4.363636493682861
Adhesion,0.06,train,33,72,0.8839920163154602,4.012044429779053,4.363636493682861
Adhesion,0.06,train,33,72,0.8945307731628418,4.013889789581299,4.363636493682861
Adhesion,0.06,train,33,72,0.9146245718002319,3.9956767559051514,4.363636493682861
Adhesion,0.06,train,35,76,0.8697982430458069,4.013303756713867,4.342857360839844
Adhesion,0.06,train,35,76,0.875289261341095,4.0011186599731445,4.342857360839844
Adhesion,0.06,train,35,76,0.8803549408912659,3.998145818710327,4.342857360839844
Adhesion,0.06,train,41,92,0.7594290971755981,4.039785861968994,4.487804889678955
Adhesion,0.06,train,41,92,0.7676476240158081,4.00645637512207,4.487804889678955
Adhesion,0.06,train,46,106,0.694024920463562,3.988456964492798,4.6086955070495605
Adhesion,0.06,train,46,106,0.7049784660339355,3.983006238937378,4.6086955070495605
Adhesion,0.06,train,52,121,0.6461790800094604,4.036754608154297,4.653846263885498
Adhesion,0.06,train,52,121,0.6639310121536255,4.009302139282227,4.653846263885498
Adhesion,0.06,train,52,122,0.6856487989425659,4.002233505249023,4.692307472229004
Adhesion,0.06,train,57,135,0.6461097598075867,3.9851462841033936,4.736842155456543
Adhesion,0.06,train,57,135,0.6872248649597168,3.969871759414673,4.736842155456543
Adhesion,0.06,train,57,135,0.7054036259651184,3.96185302734375,4.736842155456543
Adhesion,0.06,train,57,135,0.723050057888031,3.9556384086608887,4.736842155456543
Adhesion,0.06,train,57,135,0.740018904209137,3.9518845081329346,4.736842155456543
Adhesion,0.06,train,57,135,0.7727473974227905,3.9462318420410156,4.736842155456543
Adhesion,0.06,train,57,135,0.7836976051330566,3.9446775913238525,4.736842155456543
Adhesion,0.06,train,57,135,0.7932809591293335,3.9454972743988037,4.736842155456543
Adhesion,0.06,train,57,135,0.8024078011512756,3.947540283203125,4.736842155456543
Adhesion,0.06,train,61,146,0.7661706209182739,3.966758966445923,4.7868852615356445
Adhesion,0.06,train,61,146,0.7738997936248779,3.9525327682495117,4.7868852615356445
Adhesion,0.06,train,61,146,0.7810503840446472,3.9436488151550293,4.7868852615356445
Adhesion,0.06,train,61,146,0.7877893447875977,3.9429261684417725,4.7868852615356445
Adhesion,0.06,train,68,165,0.7171766757965088,3.9636104106903076,4.852941036224365
Adhesion,0.06,train,74,180,0.6644193530082703,3.962869644165039,4.864864826202393
Adhesion,0.06,train,74,180,0.6704351902008057,3.9600536823272705,4.864864826202393
Adhesion,0.06,train,74,180,0.677168071269989,3.954542875289917,4.864864826202393
Adhesion,0.06,train,83,204,0.6175304651260376,3.9502904415130615,4.91566276550293
Adhesion,0.06,train,83,204,0.6287645697593689,3.9445929527282715,4.91566276550293
Adhesion,0.06,train,91,225,0.585204005241394,3.9503707885742188,4.94505500793457
Adhesion,0.06,train,91,225,0.5976154804229736,3.943976879119873,4.94505500793457
Adhesion,0.06,train,91,225,0.6238712668418884,3.9482810497283936,4.94505500793457
Adhesion,0.06,train,91,225,0.6369864344596863,3.9448540210723877,4.94505500793457
Adhesion,0.06,train,91,225,0.6489010453224182,3.9368650913238525,4.94505500793457
Adhesion,0.06,train,91,225,0.658977210521698,3.9434003829956055,4.94505500793457
Adhesion,0.06,train,91,225,0.659189760684967,3.939953088760376,4.94505500793457
Adhesion,0.06,train,91,225,0.6592584252357483,3.941441774368286,4.94505500793457
Adhesion,0.06,train,91,225,0.6592770218849182,3.9432902336120605,4.94505500793457
Adhesion,0.06,train,97,240,0.6184700727462769,3.96350359916687,4.948453426361084
Adhesion,0.06,train,97,240,0.6184337735176086,3.953143358230591,4.948453426361084
Adhesion,0.06,train,97,240,0.6184209585189819,3.947993755340576,4.948453426361084
Adhesion,0.06,train,97,240,0.6184719204902649,3.9451146125793457,4.948453426361084
Adhesion,0.06,train,108,268,0.5555499196052551,3.9533021450042725,4.962963104248047
Adhesion,0.06,train,118,297,0.5084693431854248,3.9573276042938232,5.03389835357666
Adhesion,0.06,train,118,297,0.50846928358078,3.9550533294677734,5.03389835357666
Adhesion,0.06,train,118,297,0.5084694623947144,3.9558660984039307,5.03389835357666
Adhesion,0.06,train,131,331,0.45801112055778503,3.9622998237609863,5.053435325622559
Adhesion,0.06,train,131,331,0.4580114185810089,3.960362195968628,5.053435325622559
Adhesion,0.06,train,142,361,0.422529399394989,3.963357925415039,5.084506988525391
Adhesion,0.06,train,142,361,0.42253074049949646,3.9586567878723145,5.084506988525391
Adhesion,0.06,train,142,361,0.422532856464386,3.944162607192993,5.084506988525391
Adhesion,0.06,train,142,361,0.4225333333015442,3.940511465072632,5.084506988525391
Adhesion,0.06,train,142,361,0.42253366112709045,3.936917543411255,5.084506988525391
Adhesion,0.06,train,142,361,0.4225338399410248,3.933870553970337,5.084506988525391
Adhesion,0.06,train,142,361,0.42253410816192627,3.9359121322631836,5.084506988525391
Adhesion,0.06,train,142,361,0.42253413796424866,3.9371347427368164,5.084506988525391
Adhesion,0.06,train,142,361,0.42253413796424866,3.9318156242370605,5.084506988525391
Adhesion,0.06,train,142,361,0.4225340485572815,3.92857027053833,5.084506988525391
Adhesion,0.06,train,153,394,0.3921556770801544,3.960998058319092,5.150326728820801
Adhesion,0.06,train,6,9,0.8660253882408142,3.722419500350952,3.0
Adhesion,0.06,train,6,9,0.9597819447517395,3.7414867877960205,3.0
Adhesion,0.06,train,6,9,0.9638883471488953,3.7521753311157227,3.0
Adhesion,0.06,train,6,9,0.9640989303588867,3.76056170463562,3.0
Adhesion,0.06,train,6,9,0.9642465710639954,3.7636280059814453,3.0
Adhesion,0.06,train,6,9,0.9643943309783936,3.7667148113250732,3.0
Adhesion,0.06,train,6,9,0.9645359516143799,3.7699050903320312,3.0
Adhesion,0.06,train,6,9,0.9647929072380066,3.776582717895508,3.0
Adhesion,0.06,train,7,11,0.8241335153579712,3.862734317779541,3.142857074737549
Adhesion,0.06,train,7,11,0.837452232837677,3.825840473175049,3.142857074737549
Adhesion,0.06,train,7,11,0.8522377610206604,3.8152661323547363,3.142857074737549
Adhesion,0.06,train,9,15,0.6972496509552002,3.8589155673980713,3.3333332538604736
Adhesion,0.06,train,11,19,0.5954436659812927,3.9361932277679443,3.454545497894287
Adhesion,0.06,train,12,21,0.5861487984657288,3.9127485752105713,3.5
Adhesion,0.06,train,12,21,0.6366807222366333,3.8896524906158447,3.5
Adhesion,0.06,train,12,21,0.737119197845459,3.8858344554901123,3.5
Adhesion,0.06,train,12,21,0.7850654125213623,3.8881876468658447,3.5
Adhesion,0.06,train,12,21,0.8274489045143127,3.889616012573242,3.5
Adhesion,0.06,train,12,21,0.8696584105491638,3.8908450603485107,3.5
Adhesion,0.06,train,12,21,0.9359425902366638,3.891754388809204,3.5
Adhesion,0.06,train,12,21,0.9526215195655823,3.887286424636841,3.5
Adhesion,0.06,train,12,21,0.9577057957649231,3.88000750541687,3.5
Adhesion,0.06,train,12,21,0.9582380652427673,3.8736391067504883,3.5
Adhesion,0.06,train,12,21,0.9590587615966797,3.8639137744903564,3.5
Adhesion,0.06,train,12,21,0.959416389465332,3.8600656986236572,3.5
Adhesion,0.06,train,12,21,0.9597503542900085,3.8567378520965576,3.5
Adhesion,0.06,train,12,21,0.9600646495819092,3.8538615703582764,3.5
Adhesion,0.06,train,14,26,0.8216754198074341,3.8870885372161865,3.7142856121063232
Adhesion,0.06,train,14,26,0.8342660069465637,3.864985704421997,3.7142856121063232
Adhesion,0.06,train,14,26,0.8488194346427917,3.858222246170044,3.7142856121063232
Adhesion,0.06,train,16,30,0.7575452327728271,3.9058499336242676,3.75
Adhesion,0.06,train,22,46,0.5955029129981995,3.9363203048706055,4.181818008422852
Adhesion,0.06,train,23,48,0.610460638999939,3.9252870082855225,4.17391300201416
Adhesion,0.06,train,23,48,0.657383143901825,3.9169209003448486,4.17391300201416
Adhesion,0.06,train,23,48,0.754294216632843,3.8935048580169678,4.17391300201416
Adhesion,0.06,train,23,48,0.7992909550666809,3.89424991607666,4.17391300201416
Adhesion,0.06,train,23,48,0.8386436700820923,3.8959264755249023,4.17391300201416
Adhesion,0.06,train,23,48,0.8774093985557556,3.89994740486145,4.17391300201416
Adhesion,0.06,train,23,48,0.9350392818450928,3.9107706546783447,4.17391300201416
Adhesion,0.06,train,23,48,0.9496192336082458,3.9109723567962646,4.17391300201416
Adhesion,0.06,train,23,48,0.9543919563293457,3.9068281650543213,4.17391300201416
Adhesion,0.06,train,23,48,0.9552553296089172,3.902644395828247,4.17391300201416
Adhesion,0.06,train,23,48,0.9563422203063965,3.8972413539886475,4.17391300201416
Adhesion,0.06,train,23,48,0.9567358493804932,3.895204544067383,4.17391300201416
Adhesion,0.06,train,23,48,0.9570766687393188,3.893397092819214,4.17391300201416
Adhesion,0.06,train,23,48,0.957381546497345,3.8917624950408936,4.17391300201416
Adhesion,0.06,train,26,56,0.8467385172843933,3.9283320903778076,4.307692527770996
Adhesion,0.06,train,26,56,0.855263352394104,3.910855293273926,4.307692527770996
Adhesion,0.06,train,26,56,0.8657017350196838,3.9069976806640625,4.307692527770996
Adhesion,0.06,train,30,65,0.7623311877250671,3.927065372467041,4.333333492279053
Adhesion,0.06,train,39,88,0.6183516979217529,3.956324338912964,4.512820720672607
Adhesion,0.06,train,41,94,0.6124008297920227,3.9465293884277344,4.5853657722473145
Adhesion,0.06,train,41,94,0.641124427318573,3.9505655765533447,4.5853657722473145
Adhesion,0.06,train,41,94,0.6686675548553467,3.95758318901062,4.5853657722473145
Adhesion,0.06,train,41,94,0.7197219133377075,3.9746644496917725,4.5853657722473145
Adhesion,0.06,train,41,94,0.7465116381645203,3.9844970703125,4.5853657722473145
Adhesion,0.06,train,41,94,0.7729106545448303,3.9832656383514404,4.5853657722473145
Adhesion,0.06,train,41,94,0.7950951457023621,3.977921962738037,4.5853657722473145
Adhesion,0.06,train,41,94,0.8336276412010193,3.977574110031128,4.5853657722473145
Adhesion,0.06,train,41,94,0.8494753837585449,3.976186513900757,4.5853657722473145
Adhesion,0.06,train,41,94,0.8622261881828308,3.9670708179473877,4.5853657722473145
Adhesion,0.06,train,41,94,0.8733769059181213,3.963593006134033,4.5853657722473145
Adhesion,0.06,train,41,94,0.892048716545105,3.95953631401062,4.5853657722473145
Adhesion,0.06,train,41,94,0.8998119235038757,3.9579615592956543,4.5853657722473145
Adhesion,0.06,train,41,94,0.9067035913467407,3.956536293029785,4.5853657722473145
Adhesion,0.06,train,41,94,0.9126825332641602,3.955026865005493,4.5853657722473145
Adhesion,0.06,train,45,105,0.8398519158363342,3.95238995552063,4.666666507720947
Adhesion,0.06,train,45,105,0.8433777093887329,3.9490926265716553,4.666666507720947
Adhesion,0.06,train,52,124,0.7359052896499634,3.9557037353515625,4.769230842590332
Adhesion,0.06,train,58,138,0.6710832715034485,3.969062089920044,4.758620738983154
Adhesion,0.06,train,68,163,0.5929155945777893,3.946723461151123,4.794117450714111
Adhesion,0.06,train,68,163,0.6047459244728088,3.9369826316833496,4.794117450714111
Adhesion,0.06,train,68,163,0.6177943348884583,3.934433937072754,4.794117450714111
Adhesion,0.06,train,68,163,0.6322925090789795,3.938833236694336,4.794117450714111
Adhesion,0.06,train,68,163,0.6647331118583679,3.9553141593933105,4.794117450714111
Adhesion,0.06,train,68,163,0.6827242970466614,3.963118076324463,4.794117450714111
Adhesion,0.06,train,68,163,0.698381245136261,3.964003562927246,4.794117450714111
Adhesion,0.06,train,68,163,0.7115909457206726,3.968160390853882,4.794117450714111
Adhesion,0.06,train,68,163,0.7369148135185242,3.9673070907592773,4.794117450714111
Adhesion,0.06,train,68,163,0.7474815845489502,3.966503381729126,4.794117450714111
Adhesion,0.06,train,68,163,0.7571820616722107,3.966517686843872,4.794117450714111
Adhesion,0.06,train,68,164,0.7672017216682434,3.961421251296997,4.823529243469238
Adhesion,0.06,train,68,164,0.7842144966125488,3.9595282077789307,4.823529243469238
Adhesion,0.06,train,68,164,0.7919826507568359,3.960679054260254,4.823529243469238
Adhesion,0.06,train,68,164,0.7993853092193604,3.961993932723999,4.823529243469238
Adhesion,0.06,train,74,178,0.7410692572593689,3.9635653495788574,4.8108110427856445
Adhesion,0.06,train,74,178,0.7530848383903503,3.956082820892334,4.8108110427856445
Adhesion,0.06,train,83,200,0.6752529740333557,3.9734387397766113,4.819277286529541
Adhesion,0.06,train,94,232,0.6040740609169006,3.9856443405151367,4.9361701011657715
Adhesion,0.06,train,105,262,0.5486181974411011,3.976816177368164,4.990476131439209
Adhesion,0.06,train,109,273,0.5408114790916443,3.973634958267212,5.009174346923828
Adhesion,0.06,train,109,273,0.5457985401153564,3.9830563068389893,5.009174346923828
Adhesion,0.06,train,109,273,0.5488782525062561,3.98046875,5.009174346923828
Adhesion,0.06,train,109,273,0.5501981377601624,3.9720375537872314,5.009174346923828
Adhesion,0.09,train,6,9,0.8660253882408142,3.722419500350952,3.0
Adhesion,0.09,train,6,9,0.8980242609977722,3.737511396408081,3.0
Adhesion,0.09,train,6,9,0.9199607968330383,3.7460596561431885,3.0
Adhesion,0.09,train,6,9,0.936786413192749,3.7498950958251953,3.0
Adhesion,0.09,train,6,9,0.9536641240119934,3.7523820400238037,3.0
Adhesion,0.09,train,6,9,0.9624566435813904,3.7548248767852783,3.0
Adhesion,0.09,train,6,9,0.962883710861206,3.7608444690704346,3.0
Adhesion,0.09,train,6,9,0.9630411267280579,3.764147996902466,3.0
Adhesion,0.09,train,7,11,0.822628915309906,3.880868911743164,3.142857074737549
Adhesion,0.09,train,8,13,0.7254567742347717,3.8745274543762207,3.25
Adhesion,0.09,train,9,15,0.6643784642219543,3.9361300468444824,3.3333332538604736
Adhesion,0.09,train,9,15,0.6951205134391785,3.8889448642730713,3.3333332538604736
Adhesion,0.09,train,9,15,0.7631787061691284,3.876552104949951,3.3333332538604736
Adhesion,0.09,train,9,15,0.7972790598869324,3.8776638507843018,3.3333332538604736
Adhesion,0.09,train,10,17,0.7464137077331543,3.910478115081787,3.4000000953674316
Adhesion,0.09,train,10,17,0.7861127853393555,3.886617660522461,3.4000000953674316
Adhesion,0.09,train,10,17,0.8269025683403015,3.8786838054656982,3.4000000953674316
Adhesion,0.09,train,12,21,0.7204598784446716,3.8819496631622314,3.5
Adhesion,0.09,train,12,21,0.7901833653450012,3.8547585010528564,3.5
Adhesion,0.09,train,12,21,0.8157505393028259,3.8505547046661377,3.5
Adhesion,0.09,train,12,21,0.8409553170204163,3.848872423171997,3.5
Adhesion,0.09,train,12,21,0.8663138747215271,3.8491573333740234,3.5
Adhesion,0.09,train,12,21,0.8916609287261963,3.8503544330596924,3.5
Adhesion,0.09,train,12,21,0.914496898651123,3.850714921951294,3.5
Adhesion,0.09,train,12,21,0.9487273097038269,3.849087953567505,3.5
Adhesion,0.09,train,12,21,0.9580039978027344,3.846869707107544,3.5
Adhesion,0.09,train,12,21,0.9585137367248535,3.8441686630249023,3.5
Adhesion,0.09,train,12,21,0.9588643908500671,3.842272996902466,3.5
Adhesion,0.09,train,12,21,0.9591760635375977,3.8409035205841064,3.5
Adhesion,0.09,train,13,23,0.884192705154419,3.8892874717712402,3.538461446762085
Adhesion,0.09,train,17,31,0.6917939186096191,3.955505847930908,3.6470587253570557
Adhesion,0.09,train,17,31,0.7174506783485413,3.929807424545288,3.6470587253570557
Adhesion,0.09,train,17,31,0.7469261884689331,3.927008628845215,3.6470587253570557
Adhesion,0.09,train,17,32,0.7777856588363647,3.9093685150146484,3.7647058963775635
Adhesion,0.09,train,17,32,0.807388961315155,3.907033920288086,3.7647058963775635
Adhesion,0.09,train,19,37,0.7458574175834656,3.9481072425842285,3.8947367668151855
Adhesion,0.09,train,19,37,0.8159696459770203,3.932452440261841,3.8947367668151855
Adhesion,0.09,train,22,44,0.736590564250946,3.9773035049438477,4.0
Adhesion,0.09,train,22,44,0.772249162197113,3.9572274684906006,4.0
Adhesion,0.09,train,22,44,0.80344557762146,3.949953317642212,4.0
Adhesion,0.09,train,22,44,0.8261951208114624,3.9469971656799316,4.0
Adhesion,0.09,train,22,44,0.8481098413467407,3.9480466842651367,4.0
Adhesion,0.09,train,22,44,0.8924461007118225,3.9542641639709473,4.0
Adhesion,0.09,train,22,44,0.9137625098228455,3.9560277462005615,4.0
Adhesion,0.09,train,22,44,0.9292608499526978,3.952735185623169,4.0
Adhesion,0.09,train,22,44,0.9434431195259094,3.949875831604004,4.0
Adhesion,0.09,train,22,44,0.9513837695121765,3.945624589920044,4.0
Adhesion,0.09,train,22,44,0.9531343579292297,3.936291456222534,4.0
Adhesion,0.09,train,22,44,0.9535897970199585,3.9326066970825195,4.0
Adhesion,0.09,train,24,49,0.8734149932861328,3.9867355823516846,4.083333492279053
Adhesion,0.09,train,28,61,0.753708004951477,3.9135074615478516,4.357142925262451
Adhesion,0.09,train,32,69,0.6716557741165161,3.94061541557312,4.3125
Adhesion,0.09,train,32,69,0.696271538734436,3.91542649269104,4.3125
Adhesion,0.09,train,32,69,0.7537190914154053,3.918452739715576,4.3125
Adhesion,0.09,train,32,69,0.7809669971466064,3.926666259765625,4.3125
Adhesion,0.09,train,35,76,0.7368912100791931,3.936016798019409,4.342857360839844
Adhesion,0.09,train,35,76,0.764284610748291,3.934518814086914,4.342857360839844
Adhesion,0.09,train,35,76,0.7906532883644104,3.943896532058716,4.342857360839844
Adhesion,0.09,train,39,86,0.7291752696037292,3.969120979309082,4.410256385803223
Adhesion,0.09,train,39,87,0.7775289416313171,3.9445269107818604,4.461538314819336
Adhesion,0.09,train,39,87,0.7913795709609985,3.9391205310821533,4.461538314819336
Adhesion,0.09,train,39,88,0.8048892617225647,3.9356696605682373,4.512820720672607
Adhesion,0.09,train,39,88,0.8178539276123047,3.9292986392974854,4.512820720672607
Adhesion,0.09,train,39,88,0.8312086462974548,3.9303925037384033,4.512820720672607
Adhesion,0.09,train,39,88,0.8449332118034363,3.934565544128418,4.512820720672607
Adhesion,0.09,train,39,89,0.8739741444587708,3.930250883102417,4.564102649688721
Adhesion,0.09,train,39,89,0.8867089748382568,3.927227258682251,4.564102649688721
Adhesion,0.09,train,39,89,0.8962843418121338,3.926565408706665,4.564102649688721
Adhesion,0.09,train,39,89,0.9042002558708191,3.925978899002075,4.564102649688721
Adhesion,0.09,train,39,89,0.9109494090080261,3.9250731468200684,4.564102649688721
Adhesion,0.09,train,42,96,0.8512871265411377,3.9472758769989014,4.5714287757873535
Adhesion,0.09,train,55,131,0.6537396311759949,3.975102663040161,4.763636589050293
Adhesion,0.09,train,55,131,0.6649442911148071,3.922536611557007,4.763636589050293
Adhesion,0.09,train,55,131,0.6808481812477112,3.913055896759033,4.763636589050293
Adhesion,0.09,train,55,131,0.6990938782691956,3.9149608612060547,4.763636589050293
Adhesion,0.09,train,55,131,0.7173284888267517,3.9209067821502686,4.763636589050293
Adhesion,0.09,train,60,145,0.6749841570854187,3.938615560531616,4.833333492279053
Adhesion,0.09,train,60,145,0.7107180953025818,3.940939426422119,4.833333492279053
Adhesion,0.09,train,66,158,0.6613044142723083,3.950148105621338,4.78787899017334
Adhesion,0.09,train,66,158,0.6759040355682373,3.941558361053467,4.78787899017334
Adhesion,0.09,train,66,158,0.691049337387085,3.9422788619995117,4.78787899017334
Adhesion,0.09,train,66,158,0.7013068795204163,3.9439618587493896,4.78787899017334
Adhesion,0.09,train,66,158,0.7104032039642334,3.9475107192993164,4.78787899017334
Adhesion,0.09,train,66,158,0.7285540699958801,3.9593141078948975,4.78787899017334
Adhesion,0.09,train,66,158,0.7378703951835632,3.9664671421051025,4.78787899017334
Adhesion,0.09,train,66,158,0.7474501729011536,3.973325252532959,4.78787899017334
Adhesion,0.09,train,66,158,0.7572840452194214,3.9804391860961914,4.78787899017334
Adhesion,0.09,train,66,158,0.7673078179359436,3.9844226837158203,4.78787899017334
Adhesion,0.09,train,66,158,0.7858613133430481,3.98533034324646,4.78787899017334
Adhesion,0.09,train,66,158,0.7941970825195312,3.9855144023895264,4.78787899017334
Adhesion,0.09,train,72,174,0.735209584236145,3.9929895401000977,4.833333492279053
Adhesion,0.09,train,81,198,0.6593231558799744,3.9845612049102783,4.888888835906982
Adhesion,0.09,train,91,222,0.5896797776222229,4.003775119781494,4.879120826721191
Adhesion,0.09,train,91,222,0.5958913564682007,3.970815896987915,4.879120826721191
Adhesion,0.09,train,91,222,0.6146466732025146,3.953883171081543,4.879120826721191
Adhesion,0.09,train,91,223,0.6257319450378418,3.9553229808807373,4.901098728179932
Adhesion,0.09,train,98,241,0.5915197730064392,3.9741291999816895,4.918367385864258
Adhesion,0.09,train,98,241,0.599586546421051,3.9647488594055176,4.918367385864258
Adhesion,0.09,train,98,242,0.6060534119606018,3.9636709690093994,4.938775539398193
Adhesion,0.09,train,109,274,0.5489369034767151,3.981492042541504,5.027523040771484
Adhesion,0.09,train,109,274,0.5504586696624756,3.9667577743530273,5.027523040771484
Adhesion,0.09,train,6,9,0.8660253882408142,3.722419500350952,3.0
Adhesion,0.09,train,7,11,0.6863539814949036,3.8059446811676025,3.142857074737549
Adhesion,0.09,train,7,11,0.7211923599243164,3.79729962348938,3.142857074737549
Adhesion,0.09,train,7,11,0.7574536204338074,3.793905019760132,3.142857074737549
Adhesion,0.09,train,8,13,0.691660463809967,3.844709634780884,3.25
Adhesion,0.09,train,8,13,0.7702105641365051,3.806389331817627,3.25
Adhesion,0.09,train,9,15,0.7199127674102783,3.82940673828125,3.3333332538604736
Adhesion,0.09,train,9,15,0.7651916146278381,3.817704439163208,3.3333332538604736
Adhesion,0.09,train,9,15,0.808074414730072,3.8146069049835205,3.3333332538604736
Adhesion,0.09,train,9,15,0.8422499895095825,3.8143436908721924,3.3333332538604736
Adhesion,0.09,train,9,15,0.867466926574707,3.8152542114257812,3.3333332538604736
Adhesion,0.09,train,9,15,0.912780225276947,3.8195903301239014,3.3333332538604736
Adhesion,0.09,train,9,15,0.9342837929725647,3.82199764251709,3.3333332538604736
Adhesion,0.09,train,9,15,0.9460073113441467,3.8235104084014893,3.3333332538604736
Adhesion,0.09,train,9,15,0.9574540257453918,3.82535982131958,3.3333332538604736
Adhesion,0.09,train,9,15,0.9607373476028442,3.8246994018554688,3.3333332538604736
Adhesion,0.09,train,9,15,0.9610734581947327,3.82420015335083,3.3333332538604736
Adhesion,0.09,train,10,17,0.8690696954727173,3.8551430702209473,3.4000000953674316
Adhesion,0.09,train,10,17,0.879591166973114,3.837834119796753,3.4000000953674316
Adhesion,0.09,train,10,17,0.8901270627975464,3.829137086868286,3.4000000953674316
Adhesion,0.09,train,12,21,0.7467933297157288,3.870640993118286,3.5
Adhesion,0.09,train,12,21,0.7664690613746643,3.8391082286834717,3.5
Adhesion,0.09,train,14,27,0.6821638941764832,3.872199535369873,3.857142925262451
Adhesion,0.09,train,14,27,0.7544345855712891,3.8396589756011963,3.857142925262451
Adhesion,0.09,train,16,31,0.6893829107284546,3.9387221336364746,3.875
Adhesion,0.09,train,16,31,0.7293630242347717,3.892887592315674,3.875
Adhesion,0.09,train,16,31,0.7679906487464905,3.877052068710327,3.875
Adhesion,0.09,train,18,36,0.7181276082992554,3.8875999450683594,4.0
Adhesion,0.09,train,18,36,0.803187906742096,3.8731510639190674,4.0
Adhesion,0.09,train,18,36,0.8359997272491455,3.875218391418457,4.0
Adhesion,0.09,train,18,36,0.8616834282875061,3.875906229019165,4.0
Adhesion,0.09,train,18,36,0.8842578530311584,3.87650465965271,4.0
Adhesion,0.09,train,18,36,0.9066817164421082,3.877713203430176,4.0
Adhesion,0.09,train,18,36,0.9275029301643372,3.879163980484009,4.0
Adhesion,0.09,train,18,36,0.949273943901062,3.883159637451172,4.0
Adhesion,0.09,train,18,36,0.9554464817047119,3.881578207015991,4.0
Adhesion,0.09,train,18,36,0.956689178943634,3.878636598587036,4.0
Adhesion,0.09,train,19,38,0.9060558676719666,3.9089391231536865,4.0
Adhesion,0.09,train,19,38,0.9091506004333496,3.8861682415008545,4.0
Adhesion,0.09,train,19,38,0.914341151714325,3.8803153038024902,4.0
Adhesion,0.09,train,23,48,0.7611973881721497,3.9422054290771484,4.17391300201416
Adhesion,0.09,train,23,48,0.7765195965766907,3.889125108718872,4.17391300201416
Adhesion,0.09,train,25,53,0.7346094250679016,3.890387535095215,4.239999771118164
Adhesion,0.09,train,25,53,0.7609738707542419,3.8870620727539062,4.239999771118164
Adhesion,0.09,train,25,53,0.7885497808456421,3.890531539916992,4.239999771118164
Adhesion,0.09,train,28,60,0.7260813117027283,3.9216465950012207,4.285714149475098
Adhesion,0.09,train,28,60,0.7892294526100159,3.898747205734253,4.285714149475098
Adhesion,0.09,train,31,68,0.7422760725021362,3.916853904724121,4.387096881866455
Adhesion,0.09,train,31,68,0.7752349972724915,3.9047763347625732,4.387096881866455
Adhesion,0.09,train,31,68,0.8066052198410034,3.9050068855285645,4.387096881866455
Adhesion,0.09,train,31,68,0.8284770250320435,3.9074954986572266,4.387096881866455
Adhesion,0.09,train,31,68,0.8471840023994446,3.91080379486084,4.387096881866455
Adhesion,0.09,train,31,68,0.8822337985038757,3.919043779373169,4.387096881866455
Adhesion,0.09,train,31,68,0.8990979194641113,3.9245975017547607,4.387096881866455
Adhesion,0.09,train,31,68,0.9087237119674683,3.9285354614257812,4.387096881866455
Adhesion,0.09,train,31,68,0.9179310202598572,3.9335238933563232,4.387096881866455
Adhesion,0.09,train,31,68,0.9267106652259827,3.9358997344970703,4.387096881866455
Adhesion,0.09,train,31,68,0.9333224296569824,3.9343721866607666,4.387096881866455
Adhesion,0.09,train,33,72,0.8839405179023743,3.9275143146514893,4.363636493682861
Adhesion,0.09,train,33,72,0.8880102038383484,3.921471357345581,4.363636493682861
Adhesion,0.09,train,33,72,0.8923537731170654,3.9197707176208496,4.363636493682861
Adhesion,0.09,train,41,96,0.7219577431678772,3.9448533058166504,4.682926654815674
Adhesion,0.09,train,41,96,0.7329272627830505,3.9160635471343994,4.682926654815674
Adhesion,0.09,train,45,108,0.6823683977127075,3.9319159984588623,4.800000190734863
Adhesion,0.09,train,45,108,0.7151649594306946,3.924999713897705,4.800000190734863
Adhesion,0.09,train,50,120,0.6556704640388489,3.9611496925354004,4.800000190734863
Adhesion,0.09,train,50,120,0.6730599403381348,3.931948184967041,4.800000190734863
Adhesion,0.09,train,50,120,0.6938074231147766,3.9201111793518066,4.800000190734863
Adhesion,0.09,train,55,134,0.649099588394165,3.9207069873809814,4.872727394104004
Adhesion,0.09,train,55,134,0.6685779690742493,3.920238733291626,4.872727394104004
Adhesion,0.09,train,55,134,0.7066947817802429,3.9153032302856445,4.872727394104004
Adhesion,0.09,train,55,134,0.7240058183670044,3.914341688156128,4.872727394104004
Adhesion,0.09,train,55,134,0.74064040184021,3.9142441749572754,4.872727394104004
Adhesion,0.09,train,55,134,0.7571274638175964,3.908466100692749,4.872727394104004
Adhesion,0.09,train,55,134,0.7730967998504639,3.9068236351013184,4.872727394104004
Adhesion,0.09,train,55,134,0.7948903441429138,3.9084818363189697,4.872727394104004
Adhesion,0.09,train,55,134,0.8046466708183289,3.9102025032043457,4.872727394104004
Adhesion,0.09,train,55,134,0.8141225576400757,3.9122486114501953,4.872727394104004
Adhesion,0.09,train,59,143,0.7674824595451355,3.948387384414673,4.847457408905029
Adhesion,0.09,train,59,143,0.7756417393684387,3.9232048988342285,4.847457408905029
Adhesion,0.09,train,59,143,0.7832160592079163,3.921112060546875,4.847457408905029
Adhesion,0.09,train,68,165,0.6907830238342285,3.9564082622528076,4.852941036224365
Adhesion,0.09,train,68,165,0.6954661011695862,3.935497522354126,4.852941036224365
Adhesion,0.09,train,73,177,0.6535452604293823,3.9455156326293945,4.849315166473389
Adhesion,0.09,train,73,177,0.6601606011390686,3.947941303253174,4.849315166473389
Adhesion,0.09,train,73,177,0.6676853895187378,3.95307993888855,4.849315166473389
Adhesion,0.09,train,82,199,0.6001303195953369,3.9945929050445557,4.853658676147461
Adhesion,0.09,train,82,199,0.6196731328964233,3.9791951179504395,4.853658676147461
Adhesion,0.09,train,89,217,0.5829210877418518,3.9840400218963623,4.876404285430908
Adhesion,0.09,train,89,217,0.5960882306098938,3.985093593597412,4.876404285430908
Adhesion,0.09,train,89,217,0.6098625659942627,3.9829013347625732,4.876404285430908
Adhesion,0.09,train,89,217,0.6239620447158813,3.9786853790283203,4.876404285430908
Adhesion,0.09,train,89,217,0.637813925743103,3.9787020683288574,4.876404285430908
Adhesion,0.09,train,89,217,0.6641964912414551,3.9798178672790527,4.876404285430908
Adhesion,0.09,train,89,217,0.6696428060531616,3.978079080581665,4.876404285430908
Adhesion,0.09,train,89,217,0.6715101003646851,3.979780912399292,4.876404285430908
Adhesion,0.09,train,89,217,0.6727227568626404,3.9777801036834717,4.876404285430908
Adhesion,0.09,train,89,217,0.6734057068824768,3.972400426864624,4.876404285430908
Adhesion,0.09,train,89,217,0.6741322875022888,3.966465711593628,4.876404285430908
Adhesion,0.09,train,6,9,0.9579070210456848,3.736482620239258,3.0
Adhesion,0.09,train,6,9,0.9621053338050842,3.744361639022827,3.0
Adhesion,0.09,train,6,9,0.9622364044189453,3.7484827041625977,3.0
Adhesion,0.09,train,6,9,0.9624022841453552,3.7516486644744873,3.0
Adhesion,0.09,train,6,9,0.9625775814056396,3.7546842098236084,3.0
Adhesion,0.09,train,6,9,0.9627488255500793,3.7578012943267822,3.0
Adhesion,0.09,train,6,9,0.9630622267723083,3.7643544673919678,3.0
Adhesion,0.09,train,6,9,0.9632024168968201,3.7677390575408936,3.0
Adhesion,0.09,train,7,11,0.8222168684005737,3.8524913787841797,3.142857074737549
Adhesion,0.09,train,7,11,0.8354896306991577,3.813957691192627,3.142857074737549
Adhesion,0.09,train,7,11,0.8503385186195374,3.8038229942321777,3.142857074737549
Adhesion,0.09,train,8,13,0.7590381503105164,3.8495750427246094,3.25
Adhesion,0.09,train,11,19,0.5935123562812805,3.901721239089966,3.454545497894287
Adhesion,0.09,train,12,21,0.5838525891304016,3.8920109272003174,3.5
Adhesion,0.09,train,12,21,0.6342453956604004,3.8714263439178467,3.5
Adhesion,0.09,train,12,21,0.6841707229614258,3.8685381412506104,3.5
Adhesion,0.09,train,12,21,0.7347412109375,3.8716323375701904,3.5
Adhesion,0.09,train,12,21,0.825402557849884,3.8769025802612305,3.5
Adhesion,0.09,train,12,21,0.8672025799751282,3.880145311355591,3.5
Adhesion,0.09,train,12,21,0.9032109379768372,3.8823273181915283,3.5
Adhesion,0.09,train,12,21,0.9337639808654785,3.884284019470215,3.5
Adhesion,0.09,train,12,21,0.9505522847175598,3.8827714920043945,3.5
Adhesion,0.09,train,12,21,0.955592930316925,3.877363920211792,3.5
Adhesion,0.09,train,12,21,0.9565544128417969,3.8679039478302,3.5
Adhesion,0.09,train,12,21,0.9569348692893982,3.864313840866089,3.5
Adhesion,0.09,train,12,21,0.9572856426239014,3.8612499237060547,3.5
Adhesion,0.09,train,12,21,0.9576139450073242,3.8586270809173584,3.5
Adhesion,0.09,train,12,21,0.9579240679740906,3.8563849925994873,3.5
Adhesion,0.09,train,12,21,0.9582188129425049,3.8544809818267822,3.5
Adhesion,0.09,train,14,26,0.8314480185508728,3.868823766708374,3.7142856121063232
Adhesion,0.09,train,14,26,0.8462036848068237,3.8613266944885254,3.7142856121063232
Adhesion,0.09,train,16,30,0.754364013671875,3.9032137393951416,3.75
Adhesion,0.09,train,18,35,0.6905887126922607,3.9279963970184326,3.8888888359069824
Adhesion,0.09,train,22,45,0.5902605652809143,3.931248664855957,4.090909004211426
Adhesion,0.09,train,24,50,0.5791850686073303,3.9437599182128906,4.166666507720947
Adhesion,0.09,train,24,50,0.6783422827720642,3.9118337631225586,4.166666507720947
Adhesion,0.09,train,24,50,0.7284295558929443,3.912245750427246,4.166666507720947
Adhesion,0.09,train,24,50,0.7758718132972717,3.9156246185302734,4.166666507720947
Adhesion,0.09,train,24,50,0.8171682357788086,3.9218108654022217,4.166666507720947
Adhesion,0.09,train,24,50,0.8576602935791016,3.9298410415649414,4.166666507720947
Adhesion,0.09,train,24,51,0.8924049735069275,3.9366321563720703,4.25
Adhesion,0.09,train,24,51,0.9410040974617004,3.928250551223755,4.25
Adhesion,0.09,train,24,51,0.947981059551239,3.9221413135528564,4.25
Adhesion,0.09,train,24,51,0.9494652152061462,3.9157402515411377,4.25
Adhesion,0.09,train,24,51,0.950404167175293,3.910479784011841,4.25
Adhesion,0.09,train,24,51,0.9510853886604309,3.905916452407837,4.25
Adhesion,0.09,train,24,51,0.9517472386360168,3.9018383026123047,4.25
Adhesion,0.09,train,24,51,0.9528059363365173,3.8951492309570312,4.25
Adhesion,0.09,train,24,51,0.9532033801078796,3.8923568725585938,4.25
Adhesion,0.09,train,26,56,0.8799303770065308,3.90726375579834,4.307692527770996
Adhesion,0.09,train,26,56,0.8849374055862427,3.890070676803589,4.307692527770996
Adhesion,0.09,train,26,56,0.8899268507957458,3.8847978115081787,4.307692527770996
Adhesion,0.09,train,30,65,0.7771717309951782,3.9175782203674316,4.333333492279053
Adhesion,0.09,train,40,89,0.6131061315536499,3.9276797771453857,4.449999809265137
Adhesion,0.09,train,42,94,0.607204794883728,3.9378809928894043,4.476190567016602
Adhesion,0.09,train,42,94,0.6363669037818909,3.9436275959014893,4.476190567016602
Adhesion,0.09,train,42,94,0.6650547981262207,3.9577455520629883,4.476190567016602
Adhesion,0.09,train,42,94,0.6907215714454651,3.9644739627838135,4.476190567016602
Adhesion,0.09,train,42,95,0.7459607124328613,3.9648334980010986,4.523809432983398
Adhesion,0.09,train,42,95,0.7735403180122375,3.975837230682373,4.523809432983398
Adhesion,0.09,train,42,95,0.7943709492683411,3.9849584102630615,4.523809432983398
Adhesion,0.09,train,42,95,0.8139505982398987,3.9951534271240234,4.523809432983398
Adhesion,0.09,train,42,95,0.8319322466850281,4.002758026123047,4.523809432983398
Adhesion,0.09,train,42,95,0.8470051884651184,4.005219459533691,4.523809432983398
Adhesion,0.09,train,42,95,0.869787335395813,4.0070624351501465,4.523809432983398
Adhesion,0.09,train,42,95,0.8791620135307312,4.007391452789307,4.523809432983398
Adhesion,0.09,train,42,95,0.8873036503791809,4.0070905685424805,4.523809432983398
Adhesion,0.09,train,42,95,0.8944169878959656,4.006270408630371,4.523809432983398
Adhesion,0.09,train,42,95,0.9006990790367126,4.005129814147949,4.523809432983398
Adhesion,0.09,train,42,95,0.906218945980072,4.00355863571167,4.523809432983398
Adhesion,0.09,train,45,102,0.8542205691337585,3.983978271484375,4.5333333015441895
Adhesion,0.09,train,45,102,0.8578750491142273,3.984260320663452,4.5333333015441895
Adhesion,0.09,train,52,121,0.7477998733520508,3.974236011505127,4.653846263885498
Adhesion,0.09,train,58,136,0.6831808686256409,3.9859485626220703,4.689655303955078
Adhesion,0.09,train,68,164,0.5931023955345154,3.932964563369751,4.823529243469238
Adhesion,0.09,train,71,173,0.5784010291099548,3.9205093383789062,4.873239517211914
Adhesion,0.09,train,71,173,0.6039361357688904,3.9141368865966797,4.873239517211914
Adhesion,0.09,train,71,173,0.6182022094726562,3.9195444583892822,4.873239517211914
Adhesion,0.09,train,71,173,0.632222056388855,3.9232492446899414,4.873239517211914
Adhesion,0.09,train,71,173,0.6476715803146362,3.924274206161499,4.873239517211914
Adhesion,0.09,train,71,173,0.664082407951355,3.9297475814819336,4.873239517211914
Adhesion,0.09,train,71,173,0.6781410574913025,3.9313788414001465,4.873239517211914
Adhesion,0.09,train,71,173,0.7029091119766235,3.9444682598114014,4.873239517211914
Adhesion,0.09,train,71,173,0.714815616607666,3.9488906860351562,4.873239517211914
Adhesion,0.09,train,71,173,0.7253732681274414,3.9453275203704834,4.873239517211914
Adhesion,0.09,train,71,173,0.7350168228149414,3.9458651542663574,4.873239517211914
Adhesion,0.09,train,71,173,0.7440833449363708,3.947791337966919,4.873239517211914
Adhesion,0.09,train,71,173,0.7526164650917053,3.949997663497925,4.873239517211914
Adhesion,0.09,train,71,173,0.768442690372467,3.954874277114868,4.873239517211914
Adhesion,0.09,train,71,173,0.7758193016052246,3.9573974609375,4.873239517211914
Adhesion,0.09,train,76,185,0.7313688397407532,3.9676876068115234,4.8684210777282715
Adhesion,0.09,train,76,185,0.737677812576294,3.963101387023926,4.8684210777282715
Adhesion,0.09,train,76,185,0.7433759570121765,3.9648184776306152,4.8684210777282715
Adhesion,0.09,train,86,210,0.660943329334259,3.9869346618652344,4.883720874786377
Adhesion,0.09,train,110,273,0.5295357704162598,3.9781582355499268,4.96363639831543
Adhesion,0.09,train,114,282,0.5167496800422668,3.9715535640716553,4.947368621826172
Adhesion,0.09,train,114,282,0.5221825838088989,3.976499557495117,4.947368621826172
Adhesion,0.09,train,114,282,0.5248984694480896,3.981593608856201,4.947368621826172
Adhesion,0.09,train,114,282,0.5257219672203064,3.9901459217071533,4.947368621826172
Adhesion,0.09,train,114,282,0.5263066291809082,3.9971067905426025,4.947368621826172
Adhesion,0.18,train,6,9,0.8660253882408142,3.722419500350952,3.0
Adhesion,0.18,train,6,9,0.8921672701835632,3.727800130844116,3.0
Adhesion,0.18,train,6,9,0.9145410060882568,3.730076551437378,3.0
Adhesion,0.18,train,6,9,0.931596577167511,3.7320756912231445,3.0
Adhesion,0.18,train,6,9,0.9486344456672668,3.7342445850372314,3.0
Adhesion,0.18,train,6,9,0.9575061798095703,3.7369840145111084,3.0
Adhesion,0.18,train,6,9,0.9578348994255066,3.740324020385742,3.0
Adhesion,0.18,train,6,9,0.9582939147949219,3.7475497722625732,3.0
Adhesion,0.18,train,7,11,0.8176279664039612,3.8652682304382324,3.142857074737549
Adhesion,0.18,train,8,13,0.7184790968894958,3.8446779251098633,3.25
Adhesion,0.18,train,9,14,0.6556554436683655,3.885366678237915,3.1111111640930176
Adhesion,0.18,train,9,14,0.6853192448616028,3.8539631366729736,3.1111111640930176
Adhesion,0.18,train,9,14,0.7201334238052368,3.846073627471924,3.1111111640930176
Adhesion,0.18,train,9,14,0.7892769575119019,3.844325542449951,3.1111111640930176
Adhesion,0.18,train,10,16,0.7384656667709351,3.873934268951416,3.200000047683716
Adhesion,0.18,train,10,16,0.7781662940979004,3.8480255603790283,3.200000047683716
Adhesion,0.18,train,10,16,0.8191536664962769,3.840317487716675,3.200000047683716
Adhesion,0.18,train,12,20,0.7103826403617859,3.8585641384124756,3.3333332538604736
Adhesion,0.18,train,12,20,0.7462161183357239,3.842383623123169,3.3333332538604736
Adhesion,0.18,train,12,20,0.8055910468101501,3.8368418216705322,3.3333332538604736
Adhesion,0.18,train,12,20,0.8312070369720459,3.8374006748199463,3.3333332538604736
Adhesion,0.18,train,12,20,0.8567642569541931,3.8392457962036133,3.3333332538604736
Adhesion,0.18,train,12,20,0.8824202418327332,3.8418960571289062,3.3333332538604736
Adhesion,0.18,train,12,20,0.9055243134498596,3.843709707260132,3.3333332538604736
Adhesion,0.18,train,12,20,0.9229552745819092,3.843829393386841,3.3333332538604736
Adhesion,0.18,train,12,20,0.9497547149658203,3.8428986072540283,3.3333332538604736
Adhesion,0.18,train,12,20,0.950439453125,3.839587450027466,3.3333332538604736
Adhesion,0.18,train,12,20,0.9505975842475891,3.836810827255249,3.3333332538604736
Adhesion,0.18,train,12,20,0.9506695866584778,3.8341026306152344,3.3333332538604736
Adhesion,0.18,train,13,22,0.8754543662071228,3.880333423614502,3.384615421295166
Adhesion,0.18,train,15,26,0.7588215470314026,3.899791717529297,3.4666666984558105
Adhesion,0.18,train,17,28,0.6803640723228455,3.9567620754241943,3.2941176891326904
Adhesion,0.18,train,17,28,0.7357831001281738,3.919283628463745,3.2941176891326904
Adhesion,0.18,train,17,29,0.76636803150177,3.9176106452941895,3.411764621734619
Adhesion,0.18,train,17,29,0.7978662848472595,3.897174119949341,3.411764621734619
Adhesion,0.18,train,19,33,0.7366104125976562,3.9248359203338623,3.473684310913086
Adhesion,0.18,train,19,33,0.7709581255912781,3.9154763221740723,3.473684310913086
Adhesion,0.18,train,19,33,0.8081501126289368,3.9158549308776855,3.473684310913086
Adhesion,0.18,train,22,41,0.7631269097328186,3.92462158203125,3.7272727489471436
Adhesion,0.18,train,22,41,0.7918382287025452,3.9191625118255615,3.7272727489471436
Adhesion,0.18,train,22,41,0.8123090863227844,3.9203338623046875,3.7272727489471436
Adhesion,0.18,train,22,41,0.832947313785553,3.924787998199463,3.7272727489471436
Adhesion,0.18,train,22,42,0.8556098341941833,3.9197378158569336,3.8181817531585693
Adhesion,0.18,train,22,42,0.8772484064102173,3.9194319248199463,3.8181817531585693
Adhesion,0.18,train,22,42,0.9132009148597717,3.924543857574463,3.8181817531585693
Adhesion,0.18,train,22,42,0.9273706078529358,3.9254415035247803,3.8181817531585693
Adhesion,0.18,train,22,42,0.9366143941879272,3.9235098361968994,3.8181817531585693
Adhesion,0.18,train,22,42,0.9384366869926453,3.9189939498901367,3.8181817531585693
Adhesion,0.18,train,22,42,0.9393459558486938,3.914762258529663,3.8181817531585693
Adhesion,0.18,train,22,42,0.9400344491004944,3.9110329151153564,3.8181817531585693
Adhesion,0.18,train,27,55,0.7674933671951294,3.9322588443756104,4.0740742683410645
Adhesion,0.18,train,31,62,0.6749681234359741,3.9722752571105957,4.0
Adhesion,0.18,train,31,62,0.6953015923500061,3.9385437965393066,4.0
Adhesion,0.18,train,31,62,0.7195376753807068,3.9397966861724854,4.0
Adhesion,0.18,train,31,62,0.7436689734458923,3.948493719100952,4.0
Adhesion,0.18,train,31,62,0.7693738341331482,3.9611830711364746,4.0
Adhesion,0.18,train,35,73,0.7044558525085449,3.971820831298828,4.171428680419922
Adhesion,0.18,train,35,73,0.7596902847290039,3.9795079231262207,4.171428680419922
Adhesion,0.18,train,40,87,0.6863378286361694,3.9817280769348145,4.349999904632568
Adhesion,0.18,train,40,87,0.7122769951820374,3.9526004791259766,4.349999904632568
Adhesion,0.18,train,40,88,0.7363036870956421,3.9416096210479736,4.400000095367432
Adhesion,0.18,train,40,89,0.7508020401000977,3.931766986846924,4.449999809265137
Adhesion,0.18,train,40,89,0.7643681764602661,3.92315673828125,4.449999809265137
Adhesion,0.18,train,40,90,0.7953298091888428,3.919495105743408,4.5
Adhesion,0.18,train,40,90,0.8107778429985046,3.923266887664795,4.5
Adhesion,0.18,train,40,90,0.826585590839386,3.9296231269836426,4.5
Adhesion,0.18,train,40,90,0.8421704173088074,3.93658447265625,4.5
Adhesion,0.18,train,40,90,0.8569254875183105,3.9417877197265625,4.5
Adhesion,0.18,train,40,90,0.8683544397354126,3.9441680908203125,4.5
Adhesion,0.18,train,40,90,0.8856934309005737,3.9465346336364746,4.5
Adhesion,0.18,train,43,96,0.8303675055503845,3.947617530822754,4.465116500854492
Adhesion,0.18,train,47,107,0.7636023163795471,3.9681031703948975,4.553191661834717
Adhesion,0.18,train,53,122,0.6788045167922974,4.002921104431152,4.603773593902588
Adhesion,0.18,train,53,122,0.6903550624847412,3.9692494869232178,4.603773593902588
Adhesion,0.18,train,53,122,0.705825686454773,3.969848871231079,4.603773593902588
Adhesion,0.18,train,53,122,0.7387546896934509,3.9880106449127197,4.603773593902588
Adhesion,0.18,train,59,138,0.6788966059684753,3.99820876121521,4.677966117858887
Adhesion,0.18,train,59,138,0.6940160393714905,4.001396656036377,4.677966117858887
Adhesion,0.18,train,59,139,0.7091764807701111,3.99776554107666,4.711864471435547
Adhesion,0.18,train,67,159,0.63752681016922,3.994851589202881,4.7462687492370605
Adhesion,0.18,train,67,159,0.6504192352294922,3.9834930896759033,4.7462687492370605
Adhesion,0.18,train,67,159,0.671550989151001,3.9836461544036865,4.7462687492370605
Adhesion,0.18,train,67,159,0.6796370148658752,3.982121706008911,4.7462687492370605
Adhesion,0.18,train,67,159,0.6880364418029785,3.983454942703247,4.7462687492370605
Adhesion,0.18,train,67,159,0.6969225406646729,3.975212812423706,4.7462687492370605
Adhesion,0.18,train,67,159,0.7063214778900146,3.968315362930298,4.7462687492370605
Adhesion,0.18,train,67,160,0.7162654995918274,3.9685800075531006,4.776119232177734
Adhesion,0.18,train,67,160,0.7264496684074402,3.9707157611846924,4.776119232177734
Adhesion,0.18,train,67,160,0.7470858693122864,3.972670316696167,4.776119232177734
Adhesion,0.18,train,67,160,0.7564715147018433,3.973154067993164,4.776119232177734
Adhesion,0.18,train,67,160,0.7652217745780945,3.973677396774292,4.776119232177734
Adhesion,0.18,train,73,177,0.7098629474639893,3.9979119300842285,4.849315166473389
Adhesion,0.18,train,78,190,0.6702489852905273,3.9744606018066406,4.871794700622559
Adhesion,0.18,train,87,213,0.6044063568115234,3.977527379989624,4.896551609039307
Adhesion,0.18,train,87,213,0.6202062964439392,3.9278156757354736,4.896551609039307
Adhesion,0.18,train,87,214,0.6307325959205627,3.924923896789551,4.9195404052734375
Adhesion,0.18,train,87,214,0.6418961882591248,3.929464101791382,4.9195404052734375
Adhesion,0.18,train,95,235,0.5988346338272095,3.9573066234588623,4.947368621826172
Adhesion,0.18,train,95,235,0.6103739142417908,3.9603919982910156,4.947368621826172
Adhesion,0.18,train,95,235,0.6213679313659668,3.960369825363159,4.947368621826172
Adhesion,0.18,train,7,11,0.6786026954650879,3.789222240447998,3.142857074737549
Adhesion,0.18,train,7,11,0.7135642766952515,3.776698589324951,3.142857074737549
Adhesion,0.18,train,7,11,0.7502273917198181,3.77301287651062,3.142857074737549
Adhesion,0.18,train,8,13,0.6846623420715332,3.8280725479125977,3.25
Adhesion,0.18,train,8,13,0.7245396375656128,3.793073892593384,3.25
Adhesion,0.18,train,8,13,0.7630659937858582,3.786053419113159,3.25
Adhesion,0.18,train,9,15,0.7578747868537903,3.792978525161743,3.3333332538604736
Adhesion,0.18,train,9,15,0.8010509610176086,3.791154146194458,3.3333332538604736
Adhesion,0.18,train,9,15,0.8355283141136169,3.793163299560547,3.3333332538604736
Adhesion,0.18,train,9,15,0.8609423041343689,3.795201301574707,3.3333332538604736
Adhesion,0.18,train,9,15,0.8838130235671997,3.7976253032684326,3.3333332538604736
Adhesion,0.18,train,9,15,0.9065626859664917,3.8002281188964844,3.3333332538604736
Adhesion,0.18,train,9,15,0.9281781315803528,3.8026516437530518,3.3333332538604736
Adhesion,0.18,train,9,15,0.9515707492828369,3.806352376937866,3.3333332538604736
Adhesion,0.18,train,9,15,0.9549391269683838,3.806290864944458,3.3333332538604736
Adhesion,0.18,train,9,15,0.9553382396697998,3.80646014213562,3.3333332538604736
Adhesion,0.18,train,10,17,0.8572454452514648,3.8766121864318848,3.4000000953674316
Adhesion,0.18,train,10,17,0.8627927899360657,3.8319954872131348,3.4000000953674316
Adhesion,0.18,train,10,17,0.8737050890922546,3.8170623779296875,3.4000000953674316
Adhesion,0.18,train,12,21,0.7403321266174316,3.8319196701049805,3.5
Adhesion,0.18,train,12,21,0.7593792080879211,3.8062963485717773,3.5
Adhesion,0.18,train,14,26,0.6722995042800903,3.835071325302124,3.7142856121063232
Adhesion,0.18,train,14,26,0.7086784243583679,3.815681219100952,3.7142856121063232
Adhesion,0.18,train,14,26,0.7455970048904419,3.810033082962036,3.7142856121063232
Adhesion,0.18,train,16,30,0.6802074313163757,3.896026372909546,3.75
Adhesion,0.18,train,16,30,0.7567176222801208,3.8606057167053223,3.75
Adhesion,0.18,train,18,34,0.7066420316696167,3.8707003593444824,3.777777671813965
Adhesion,0.18,train,18,34,0.7499786019325256,3.8635292053222656,3.777777671813965
Adhesion,0.18,train,18,34,0.7902544736862183,3.8663275241851807,3.777777671813965
Adhesion,0.18,train,18,34,0.8241738677024841,3.8705825805664062,3.777777671813965
Adhesion,0.18,train,18,34,0.8490175604820251,3.87395977973938,3.777777671813965
Adhesion,0.18,train,18,34,0.893183708190918,3.8836207389831543,3.777777671813965
Adhesion,0.18,train,18,34,0.9144706726074219,3.8886523246765137,3.777777671813965
Adhesion,0.18,train,18,34,0.9262107014656067,3.8914260864257812,3.777777671813965
Adhesion,0.18,train,18,34,0.9376624226570129,3.8943355083465576,3.777777671813965
Adhesion,0.18,train,18,34,0.9443320035934448,3.892108917236328,3.777777671813965
Adhesion,0.18,train,18,34,0.9458658695220947,3.8876750469207764,3.777777671813965
Adhesion,0.18,train,19,36,0.8957507610321045,3.9121711254119873,3.78947377204895
Adhesion,0.18,train,19,37,0.9061006307601929,3.8727715015411377,3.8947367668151855
Adhesion,0.18,train,19,37,0.9117689728736877,3.8677897453308105,3.8947367668151855
Adhesion,0.18,train,23,46,0.7526808381080627,3.9465444087982178,4.0
Adhesion,0.18,train,23,46,0.7664729356765747,3.8945584297180176,4.0
Adhesion,0.18,train,26,55,0.6978460550308228,3.8878543376922607,4.230769157409668
Adhesion,0.18,train,26,55,0.7251776456832886,3.8757784366607666,4.230769157409668
Adhesion,0.18,train,29,62,0.6967047452926636,3.9143455028533936,4.275862216949463
Adhesion,0.18,train,29,62,0.7286996245384216,3.8963847160339355,4.275862216949463
Adhesion,0.18,train,29,62,0.7620949745178223,3.9015932083129883,4.275862216949463
Adhesion,0.18,train,33,71,0.6983939409255981,3.9392168521881104,4.303030490875244
Adhesion,0.18,train,33,71,0.7306559085845947,3.9427711963653564,4.303030490875244
Adhesion,0.18,train,33,71,0.7590055465698242,3.951249599456787,4.303030490875244
Adhesion,0.18,train,33,71,0.8003581762313843,3.965155839920044,4.303030490875244
Adhesion,0.18,train,33,71,0.8194284439086914,3.9723308086395264,4.303030490875244
Adhesion,0.18,train,33,72,0.841715395450592,3.9641714096069336,4.363636493682861
Adhesion,0.18,train,33,72,0.8604978919029236,3.969799041748047,4.363636493682861
Adhesion,0.18,train,33,72,0.8715659379959106,3.9763522148132324,4.363636493682861
Adhesion,0.18,train,33,72,0.8826757073402405,3.9842755794525146,4.363636493682861
Adhesion,0.18,train,33,73,0.9044262170791626,3.9813168048858643,4.4242424964904785
Adhesion,0.18,train,35,77,0.8593593239784241,3.973022937774658,4.400000095367432
Adhesion,0.18,train,35,77,0.8640508651733398,3.962186574935913,4.400000095367432
Adhesion,0.18,train,35,77,0.8683547973632812,3.9477317333221436,4.400000095367432
Adhesion,0.18,train,35,77,0.8728482127189636,3.9448206424713135,4.400000095367432
Adhesion,0.18,train,42,96,0.7291327118873596,3.992605209350586,4.5714287757873535
Adhesion,0.18,train,45,104,0.7035106420516968,3.9416394233703613,4.622222423553467
Adhesion,0.18,train,45,104,0.7192671895027161,3.9450528621673584,4.622222423553467
Adhesion,0.18,train,45,104,0.7364766597747803,3.95510196685791,4.622222423553467
Adhesion,0.18,train,50,115,0.6737284660339355,4.002952575683594,4.599999904632568
Adhesion,0.18,train,50,115,0.688936173915863,3.9679455757141113,4.599999904632568
Adhesion,0.18,train,50,115,0.7084639668464661,3.9637093544006348,4.599999904632568
Adhesion,0.18,train,57,135,0.6401447653770447,3.919727325439453,4.736842155456543
Adhesion,0.18,train,57,135,0.6763004660606384,3.916304588317871,4.736842155456543
Adhesion,0.18,train,57,135,0.6924268007278442,3.915128469467163,4.736842155456543
Adhesion,0.18,train,57,135,0.7080299854278564,3.9144721031188965,4.736842155456543
Adhesion,0.18,train,57,135,0.7233304381370544,3.9151391983032227,4.736842155456543
Adhesion,0.18,train,57,136,0.7390457987785339,3.9154534339904785,4.771929740905762
Adhesion,0.18,train,57,136,0.7548860311508179,3.911144256591797,4.771929740905762
Adhesion,0.18,train,57,136,0.7745596766471863,3.916583776473999,4.771929740905762
Adhesion,0.18,train,57,136,0.7836993932723999,3.920105218887329,4.771929740905762
Adhesion,0.18,train,57,136,0.7927931547164917,3.922882080078125,4.771929740905762
Adhesion,0.18,train,61,146,0.7491509914398193,3.9236514568328857,4.7868852615356445
Adhesion,0.18,train,61,146,0.757170557975769,3.918539047241211,4.7868852615356445
Adhesion,0.18,train,61,146,0.7645425796508789,3.9185996055603027,4.7868852615356445
Adhesion,0.18,train,73,178,0.6489240527153015,3.954545497894287,4.876712322235107
Adhesion,0.18,train,73,178,0.6538295745849609,3.918829917907715,4.876712322235107
Adhesion,0.18,train,77,189,0.6257625222206116,3.9254531860351562,4.909090995788574
Adhesion,0.18,train,77,189,0.6327283978462219,3.918759822845459,4.909090995788574
Adhesion,0.18,train,77,189,0.6407389044761658,3.9209563732147217,4.909090995788574
Adhesion,0.18,train,85,209,0.5866029262542725,3.945225715637207,4.917646884918213
Adhesion,0.18,train,85,209,0.6083968877792358,3.9350578784942627,4.917646884918213
Adhesion,0.18,train,94,232,0.562732994556427,3.9191973209381104,4.9361701011657715
Adhesion,0.18,train,94,232,0.575392484664917,3.914287805557251,4.9361701011657715
Adhesion,0.18,train,94,232,0.5881491899490356,3.9133689403533936,4.9361701011657715
Adhesion,0.18,train,94,232,0.6013017892837524,3.913320302963257,4.9361701011657715
Adhesion,0.18,train,94,232,0.6144158244132996,3.915010452270508,4.9361701011657715
Adhesion,0.18,train,94,232,0.6257612109184265,3.9194531440734863,4.9361701011657715
Adhesion,0.18,train,94,232,0.6361488699913025,3.929436206817627,4.9361701011657715
Adhesion,0.18,train,94,232,0.637489914894104,3.934414863586426,4.9361701011657715
Adhesion,0.18,train,94,232,0.6382979154586792,3.9377236366271973,4.9361701011657715
Adhesion,0.18,train,94,232,0.6382978558540344,3.9374234676361084,4.9361701011657715
Adhesion,0.18,train,6,9,0.8660253882408142,3.722419500350952,3.0
Adhesion,0.18,train,6,9,0.9522305130958557,3.72640323638916,3.0
Adhesion,0.18,train,6,9,0.9570866227149963,3.7309210300445557,3.0
Adhesion,0.18,train,6,9,0.9573742747306824,3.7338292598724365,3.0
Adhesion,0.18,train,6,9,0.957643449306488,3.7371015548706055,3.0
Adhesion,0.18,train,6,9,0.9578917622566223,3.740600824356079,3.0
Adhesion,0.18,train,6,9,0.9581193327903748,3.744220018386841,3.0
Adhesion,0.18,train,6,9,0.9583271145820618,3.7478816509246826,3.0
Adhesion,0.18,train,7,11,0.8165379762649536,3.8301525115966797,3.142857074737549
Adhesion,0.18,train,7,11,0.829699695110321,3.7902820110321045,3.142857074737549
Adhesion,0.18,train,7,11,0.8447229266166687,3.781740188598633,3.142857074737549
Adhesion,0.18,train,8,12,0.750572144985199,3.8296382427215576,3.0
Adhesion,0.18,train,9,14,0.6860496997833252,3.818234443664551,3.1111111640930176
Adhesion,0.18,train,11,18,0.5841543674468994,3.8626527786254883,3.2727272510528564
Adhesion,0.18,train,12,20,0.6228771209716797,3.851656675338745,3.3333332538604736
Adhesion,0.18,train,12,20,0.6734631657600403,3.8537867069244385,3.3333332538604736
Adhesion,0.18,train,12,20,0.7241725325584412,3.857974052429199,3.3333332538604736
Adhesion,0.18,train,12,20,0.7723917961120605,3.863597869873047,3.3333332538604736
Adhesion,0.18,train,12,20,0.8149735331535339,3.8685495853424072,3.3333332538604736
Adhesion,0.18,train,12,20,0.8572757840156555,3.873828887939453,3.3333332538604736
Adhesion,0.18,train,12,20,0.8936168551445007,3.877762794494629,3.3333332538604736
Adhesion,0.18,train,12,20,0.9415876269340515,3.8801543712615967,3.3333332538604736
Adhesion,0.18,train,12,20,0.9467504620552063,3.874861478805542,3.3333332538604736
Adhesion,0.18,train,12,20,0.9474222660064697,3.8692586421966553,3.3333332538604736
Adhesion,0.18,train,12,20,0.947845458984375,3.864842414855957,3.3333332538604736
Adhesion,0.18,train,12,20,0.9483168125152588,3.8610048294067383,3.3333332538604736
Adhesion,0.18,train,12,20,0.9487531185150146,3.8576290607452393,3.3333332538604736
Adhesion,0.18,train,12,20,0.9495387077331543,3.8520314693450928,3.3333332538604736
Adhesion,0.18,train,12,20,0.9498975276947021,3.8497235774993896,3.3333332538604736
Adhesion,0.18,train,14,25,0.8105806112289429,3.904909372329712,3.5714285373687744
Adhesion,0.18,train,14,25,0.821914553642273,3.866527557373047,3.5714285373687744
Adhesion,0.18,train,14,25,0.8365405201911926,3.8574111461639404,3.5714285373687744
Adhesion,0.18,train,16,28,0.7436834573745728,3.892878532409668,3.5
Adhesion,0.18,train,21,39,0.6053776144981384,3.9213056564331055,3.7142856121063232
Adhesion,0.18,train,23,44,0.5883608460426331,3.9408059120178223,3.82608699798584
Adhesion,0.18,train,23,44,0.6342548131942749,3.9322502613067627,3.82608699798584
Adhesion,0.18,train,23,44,0.682121753692627,3.938774347305298,3.82608699798584
Adhesion,0.18,train,23,45,0.7310369610786438,3.941654920578003,3.91304349899292
Adhesion,0.18,train,23,45,0.7776228785514832,3.9441232681274414,3.91304349899292
Adhesion,0.18,train,23,45,0.8579474687576294,3.9555089473724365,3.91304349899292
Adhesion,0.18,train,23,45,0.890346884727478,3.96085262298584,3.91304349899292
Adhesion,0.18,train,23,45,0.9179190993309021,3.965538740158081,3.91304349899292
Adhesion,0.18,train,23,45,0.9337508082389832,3.964606285095215,3.91304349899292
Adhesion,0.18,train,23,45,0.9401229619979858,3.9598751068115234,3.91304349899292
Adhesion,0.18,train,23,45,0.9411266446113586,3.9540581703186035,3.91304349899292
Adhesion,0.18,train,23,45,0.94232577085495,3.9449243545532227,3.91304349899292
Adhesion,0.18,train,23,45,0.9428308606147766,3.9412317276000977,3.91304349899292
Adhesion,0.18,train,23,45,0.9432920217514038,3.9379351139068604,3.91304349899292
Adhesion,0.18,train,23,45,0.9437175989151001,3.934972047805786,3.91304349899292
Adhesion,0.18,train,23,45,0.9441128373146057,3.932293176651001,3.91304349899292
Adhesion,0.18,train,26,53,0.8330379724502563,3.9276509284973145,4.07692289352417
Adhesion,0.18,train,26,53,0.8402137756347656,3.900221109390259,4.07692289352417
Adhesion,0.18,train,30,62,0.7488684058189392,3.9344429969787598,4.133333206176758
Adhesion,0.18,train,34,74,0.6777118444442749,3.915937900543213,4.352941036224365
Adhesion,0.18,train,39,87,0.6110101342201233,3.9134693145751953,4.461538314819336
Adhesion,0.18,train,42,94,0.5881261825561523,3.910691499710083,4.476190567016602
Adhesion,0.18,train,42,94,0.6158292889595032,3.898447036743164,4.476190567016602
Adhesion,0.18,train,42,95,0.6461062431335449,3.891849994659424,4.523809432983398
Adhesion,0.18,train,42,95,0.7020953297615051,3.9134085178375244,4.523809432983398
Adhesion,0.18,train,42,95,0.7285233736038208,3.9165515899658203,4.523809432983398
Adhesion,0.18,train,42,95,0.7537113428115845,3.925036907196045,4.523809432983398
Adhesion,0.18,train,42,95,0.7739043235778809,3.9328510761260986,4.523809432983398
Adhesion,0.18,train,42,96,0.7926552295684814,3.9386959075927734,4.5714287757873535
Adhesion,0.18,train,42,96,0.8112116456031799,3.937894582748413,4.5714287757873535
Adhesion,0.18,train,42,96,0.8400272130966187,3.929202079772949,4.5714287757873535
Adhesion,0.18,train,42,96,0.8509988188743591,3.927522897720337,4.5714287757873535
Adhesion,0.18,train,42,96,0.8606936931610107,3.9265739917755127,4.5714287757873535
Adhesion,0.18,train,42,96,0.869330644607544,3.9257256984710693,4.5714287757873535
Adhesion,0.18,train,42,96,0.8770554661750793,3.92484974861145,4.5714287757873535
Adhesion,0.18,train,42,96,0.8839768767356873,3.9239273071289062,4.5714287757873535
Adhesion,0.18,train,46,106,0.8178717494010925,3.920116901397705,4.6086955070495605
Adhesion,0.18,train,46,106,0.8222211599349976,3.9099183082580566,4.6086955070495605
Adhesion,0.18,train,46,106,0.8260504603385925,3.9061694145202637,4.6086955070495605
Adhesion,0.18,train,53,125,0.7203467488288879,3.908078193664551,4.716980934143066
Adhesion,0.18,train,59,142,0.6570596694946289,3.913752317428589,4.813559532165527
Adhesion,0.18,train,65,157,0.6063589453697205,3.9047462940216064,4.830769062042236
Adhesion,0.18,train,71,171,0.5635635256767273,3.911428213119507,4.816901206970215
Adhesion,0.18,train,71,171,0.5891366600990295,3.9024078845977783,4.816901206970215
Adhesion,0.18,train,71,171,0.6039791703224182,3.90728497505188,4.816901206970215
Adhesion,0.18,train,71,171,0.6198188066482544,3.9160878658294678,4.816901206970215
Adhesion,0.18,train,71,171,0.6364690065383911,3.923123598098755,4.816901206970215
Adhesion,0.18,train,71,172,0.6546778678894043,3.9255757331848145,4.8450703620910645
Adhesion,0.18,train,71,173,0.670979917049408,3.9063708782196045,4.873239517211914
Adhesion,0.18,train,71,173,0.6977068185806274,3.9073808193206787,4.873239517211914
Adhesion,0.18,train,71,173,0.7104892730712891,3.9103035926818848,4.873239517211914
Adhesion,0.18,train,71,173,0.7215105295181274,3.911186933517456,4.873239517211914
Adhesion,0.18,train,71,173,0.7314155697822571,3.9116666316986084,4.873239517211914
Adhesion,0.18,train,71,173,0.7405379414558411,3.912140369415283,4.873239517211914
Adhesion,0.18,train,71,173,0.7490513324737549,3.9126880168914795,4.873239517211914
Adhesion,0.18,train,71,173,0.7646523118019104,3.914060354232788,4.873239517211914
Adhesion,0.18,train,71,173,0.7718661427497864,3.914876699447632,4.873239517211914
Adhesion,0.18,train,79,193,0.6998458504676819,3.9362878799438477,4.886075973510742
Adhesion,0.18,train,79,193,0.7055873870849609,3.9211363792419434,4.886075973510742
Adhesion,0.18,train,79,193,0.71080482006073,3.9204201698303223,4.886075973510742
Adhesion,0.18,train,90,221,0.6265536546707153,3.9254777431488037,4.911110877990723
Adhesion,0.18,train,107,267,0.5398494601249695,3.9535865783691406,4.990653991699219
Adhesion,0.18,train,115,286,0.5071794390678406,3.9484071731567383,4.973913192749023
Adhesion,0.18,train,115,287,0.5119422674179077,3.9446444511413574,4.991304397583008
Adhesion,0.18,train,115,287,0.5160080790519714,3.9513916969299316,4.991304397583008
Adhesion,0.18,train,115,287,0.5200601816177368,3.9594318866729736,4.991304397583008
Adhesion,0.18,train,115,287,0.521210253238678,3.961606740951538,4.991304397583008
Adhesion,0.18,train,115,287,0.52173912525177,3.9569993019104004,4.991304397583008
Adhesion,0.25,train,6,9,0.8660253882408142,3.722419500350952,3.0
Adhesion,0.25,train,6,9,0.8873522877693176,3.7256786823272705,3.0
Adhesion,0.25,train,6,9,0.9101197123527527,3.7266080379486084,3.0
Adhesion,0.25,train,6,9,0.9274460673332214,3.7285354137420654,3.0
Adhesion,0.25,train,6,9,0.9446900486946106,3.731079339981079,3.0
Adhesion,0.25,train,6,9,0.9536849856376648,3.7344682216644287,3.0
Adhesion,0.25,train,6,9,0.9540867805480957,3.7385733127593994,3.0
Adhesion,0.25,train,6,9,0.9543924331665039,3.742798089981079,3.0
Adhesion,0.25,train,6,9,0.9546626210212708,3.7470200061798096,3.0
Adhesion,0.25,train,7,11,0.813722550868988,3.8541030883789062,3.142857074737549
Adhesion,0.25,train,8,13,0.7131844758987427,3.8357176780700684,3.25
Adhesion,0.25,train,9,14,0.650110125541687,3.8661999702453613,3.1111111640930176
Adhesion,0.25,train,9,14,0.6796955466270447,3.837026834487915,3.1111111640930176
Adhesion,0.25,train,9,14,0.7147451043128967,3.8314688205718994,3.1111111640930176
Adhesion,0.25,train,9,14,0.749624490737915,3.8309223651885986,3.1111111640930176
Adhesion,0.25,train,9,14,0.7841672897338867,3.83152174949646,3.1111111640930176
Adhesion,0.25,train,10,16,0.7333427667617798,3.8629212379455566,3.200000047683716
Adhesion,0.25,train,10,16,0.773110568523407,3.834768295288086,3.200000047683716
Adhesion,0.25,train,10,16,0.8133767247200012,3.8277039527893066,3.200000047683716
Adhesion,0.25,train,12,20,0.7038587927818298,3.8475494384765625,3.3333332538604736
Adhesion,0.25,train,12,20,0.7392079830169678,3.8283798694610596,3.3333332538604736
Adhesion,0.25,train,12,20,0.7722302079200745,3.824782133102417,3.3333332538604736
Adhesion,0.25,train,12,20,0.8245983719825745,3.8271596431732178,3.3333332538604736
Adhesion,0.25,train,12,20,0.8506136536598206,3.83012318611145,3.3333332538604736
Adhesion,0.25,train,12,20,0.8762173652648926,3.8334286212921143,3.3333332538604736
Adhesion,0.25,train,12,20,0.8994616866111755,3.8361294269561768,3.3333332538604736
Adhesion,0.25,train,12,20,0.917039692401886,3.8372840881347656,3.3333332538604736
Adhesion,0.25,train,12,20,0.9343871474266052,3.839015245437622,3.3333332538604736
Adhesion,0.25,train,12,20,0.943988025188446,3.8386104106903076,3.3333332538604736
Adhesion,0.25,train,12,20,0.9446973204612732,3.83683705329895,3.3333332538604736
Adhesion,0.25,train,12,20,0.9451766014099121,3.8355934619903564,3.3333332538604736
Adhesion,0.25,train,12,20,0.9455850720405579,3.8347110748291016,3.3333332538604736
Adhesion,0.25,train,13,22,0.870063066482544,3.8891119956970215,3.384615421295166
Adhesion,0.25,train,15,26,0.7528024315834045,3.8837783336639404,3.4666666984558105
Adhesion,0.25,train,17,28,0.6743391752243042,3.9144842624664307,3.2941176891326904
Adhesion,0.25,train,17,28,0.6999353170394897,3.8843536376953125,3.2941176891326904
Adhesion,0.25,train,17,28,0.7306379079818726,3.8796072006225586,3.2941176891326904
Adhesion,0.25,train,17,28,0.7612004280090332,3.880098581314087,3.2941176891326904
Adhesion,0.25,train,17,29,0.7931690216064453,3.8690810203552246,3.411764621734619
Adhesion,0.25,train,19,33,0.7316685318946838,3.888535737991333,3.473684310913086
Adhesion,0.25,train,19,33,0.7659302949905396,3.8763556480407715,3.473684310913086
Adhesion,0.25,train,19,33,0.8032745718955994,3.876896858215332,3.473684310913086
Adhesion,0.25,train,22,40,0.721020519733429,3.9238882064819336,3.6363637447357178
Adhesion,0.25,train,22,40,0.7823693752288818,3.900132656097412,3.6363637447357178
Adhesion,0.25,train,22,40,0.8045187592506409,3.9070684909820557,3.6363637447357178
Adhesion,0.25,train,22,40,0.8268455266952515,3.916005849838257,3.6363637447357178
Adhesion,0.25,train,22,40,0.8484512567520142,3.924314022064209,3.6363637447357178
Adhesion,0.25,train,22,40,0.8695746064186096,3.932013511657715,3.6363637447357178
Adhesion,0.25,train,22,40,0.8903238773345947,3.9385673999786377,3.6363637447357178
Adhesion,0.25,train,22,40,0.9064700603485107,3.941382646560669,3.6363637447357178
Adhesion,0.25,train,22,41,0.9200443625450134,3.9397382736206055,3.7272727489471436
Adhesion,0.25,train,22,41,0.9286015033721924,3.9371352195739746,3.7272727489471436
Adhesion,0.25,train,22,41,0.9306509494781494,3.933730125427246,3.7272727489471436
Adhesion,0.25,train,22,41,0.9318733215332031,3.9312667846679688,3.7272727489471436
Adhesion,0.25,train,22,41,0.9326046109199524,3.9293324947357178,3.7272727489471436
Adhesion,0.25,train,24,46,0.8538517951965332,3.949232339859009,3.8333332538604736
Adhesion,0.25,train,27,53,0.7577666640281677,3.9555907249450684,3.9259259700775146
Adhesion,0.25,train,31,59,0.6645848751068115,3.9864423274993896,3.8064515590667725
Adhesion,0.25,train,31,60,0.6846479773521423,3.9677836894989014,3.8709676265716553
Adhesion,0.25,train,31,60,0.7110750675201416,3.9658572673797607,3.8709676265716553
Adhesion,0.25,train,31,60,0.7374783158302307,3.9751739501953125,3.8709676265716553
Adhesion,0.25,train,31,60,0.7630800604820251,3.9871609210968018,3.8709676265716553
Adhesion,0.25,train,35,71,0.6975746154785156,3.979548931121826,4.057142734527588
Adhesion,0.25,train,35,71,0.7216949462890625,3.9711062908172607,4.057142734527588
Adhesion,0.25,train,35,71,0.7469145059585571,3.968148708343506,4.057142734527588
Adhesion,0.25,train,40,85,0.6987343430519104,3.9584617614746094,4.25
Adhesion,0.25,train,40,86,0.7219070196151733,3.9641051292419434,4.300000190734863
Adhesion,0.25,train,40,86,0.7379089593887329,3.9742660522460938,4.300000190734863
Adhesion,0.25,train,40,86,0.7556918859481812,3.9864323139190674,4.300000190734863
Adhesion,0.25,train,40,86,0.7770657539367676,3.9923691749572754,4.300000190734863
Adhesion,0.25,train,40,87,0.7998846769332886,3.9897408485412598,4.349999904632568
Adhesion,0.25,train,40,86,0.8215925097465515,3.98939847946167,4.300000190734863
Adhesion,0.25,train,40,85,0.8427802920341492,3.9941139221191406,4.25
Adhesion,0.25,train,40,85,0.8629043698310852,4.00258731842041,4.25
Adhesion,0.25,train,40,85,0.8786317110061646,4.007489204406738,4.25
Adhesion,0.25,train,40,85,0.8890560269355774,4.00783634185791,4.25
Adhesion,0.25,train,40,85,0.8979806900024414,4.005537986755371,4.25
Adhesion,0.25,train,40,84,0.9048641324043274,4.0031538009643555,4.199999809265137
Adhesion,0.25,train,43,91,0.8458471298217773,4.017560958862305,4.232558250427246
Adhesion,0.25,train,49,107,0.7427449226379395,3.987013816833496,4.36734676361084
Adhesion,0.25,train,56,121,0.6508840322494507,4.0167927742004395,4.3214287757873535
Adhesion,0.25,train,56,121,0.6675179600715637,3.9893581867218018,4.3214287757873535
Adhesion,0.25,train,56,121,0.6912775039672852,3.986518383026123,4.3214287757873535
Adhesion,0.25,train,56,120,0.7160197496414185,3.9957199096679688,4.285714149475098
Adhesion,0.25,train,56,120,0.7413204908370972,4.009777069091797,4.285714149475098
Adhesion,0.25,train,61,133,0.704386830329895,4.011051654815674,4.360655784606934
Adhesion,0.25,train,61,135,0.7526394724845886,4.01627779006958,4.426229476928711
Adhesion,0.25,train,69,153,0.6850345134735107,3.9965953826904297,4.4347825050354
Adhesion,0.25,train,69,153,0.7095252871513367,3.9821574687957764,4.4347825050354
Adhesion,0.25,train,69,153,0.7322875261306763,3.9833219051361084,4.4347825050354
Adhesion,0.25,train,69,153,0.74760502576828,3.985243320465088,4.4347825050354
Adhesion,0.25,train,69,153,0.7623177170753479,3.9887893199920654,4.4347825050354
Adhesion,0.25,train,69,152,0.7779433727264404,3.992259979248047,4.405797004699707
Adhesion,0.25,train,69,152,0.7936213612556458,3.996065378189087,4.405797004699707
Adhesion,0.25,train,69,152,0.8094810247421265,4.000645637512207,4.405797004699707
Adhesion,0.25,train,69,152,0.8264904022216797,3.99367618560791,4.405797004699707
Adhesion,0.25,train,69,152,0.8432056307792664,3.9954001903533936,4.405797004699707
Adhesion,0.25,train,69,152,0.856335461139679,3.9918875694274902,4.405797004699707
Adhesion,0.25,train,69,152,0.8647152185440063,3.9913649559020996,4.405797004699707
Adhesion,0.25,train,6,9,0.8660253882408142,3.722419500350952,3.0
Adhesion,0.25,train,7,11,0.672147810459137,3.783566951751709,3.142857074737549
Adhesion,0.25,train,7,11,0.7075240015983582,3.7712981700897217,3.142857074737549
Adhesion,0.25,train,7,11,0.7445756196975708,3.767944812774658,3.142857074737549
Adhesion,0.25,train,8,13,0.6793015003204346,3.837515115737915,3.25
Adhesion,0.25,train,8,13,0.7187046408653259,3.7908997535705566,3.25
Adhesion,0.25,train,8,13,0.7574955821037292,3.781837224960327,3.25
Adhesion,0.25,train,9,15,0.706904411315918,3.794017791748047,3.3333332538604736
Adhesion,0.25,train,9,15,0.7957174181938171,3.783968210220337,3.3333332538604736
Adhesion,0.25,train,9,15,0.8304188251495361,3.786557912826538,3.3333332538604736
Adhesion,0.25,train,9,15,0.8558768033981323,3.7889230251312256,3.3333332538604736
Adhesion,0.25,train,9,15,0.8788612484931946,3.791386604309082,3.3333332538604736
Adhesion,0.25,train,9,15,0.9017878770828247,3.793900489807129,3.3333332538604736
Adhesion,0.25,train,9,15,0.9235135316848755,3.796268939971924,3.3333332538604736
Adhesion,0.25,train,9,15,0.9354257583618164,3.7983736991882324,3.3333332538604736
Adhesion,0.25,train,9,15,0.947081446647644,3.8005247116088867,3.3333332538604736
Adhesion,0.25,train,9,15,0.9505599141120911,3.8013343811035156,3.3333332538604736
Adhesion,0.25,train,9,15,0.9510143995285034,3.8024139404296875,3.3333332538604736
Adhesion,0.25,train,10,17,0.8528429269790649,3.8618805408477783,3.4000000953674316
Adhesion,0.25,train,10,17,0.8575445413589478,3.8242714405059814,3.4000000953674316
Adhesion,0.25,train,10,17,0.868188738822937,3.8158340454101562,3.4000000953674316
Adhesion,0.25,train,10,17,0.8786541223526001,3.813382387161255,3.4000000953674316
Adhesion,0.25,train,12,21,0.7340275645256042,3.842097520828247,3.5
Adhesion,0.25,train,12,21,0.7518248558044434,3.8161182403564453,3.5
Adhesion,0.25,train,14,26,0.663783073425293,3.8422701358795166,3.7142856121063232
Adhesion,0.25,train,14,26,0.7001053690910339,3.8292040824890137,3.7142856121063232
Adhesion,0.25,train,14,26,0.7370733618736267,3.826071262359619,3.7142856121063232
Adhesion,0.25,train,16,29,0.6715762615203857,3.8987643718719482,3.625
Adhesion,0.25,train,16,29,0.7090432643890381,3.8604085445404053,3.625
Adhesion,0.25,train,16,29,0.7483572959899902,3.8529372215270996,3.625
Adhesion,0.25,train,18,33,0.7394438982009888,3.8589868545532227,3.6666667461395264
Adhesion,0.25,train,18,33,0.7826265692710876,3.8613061904907227,3.6666667461395264
Adhesion,0.25,train,18,33,0.8177263736724854,3.8635547161102295,3.6666667461395264
Adhesion,0.25,train,18,33,0.84320467710495,3.8662524223327637,3.6666667461395264
Adhesion,0.25,train,18,33,0.8658397197723389,3.8693957328796387,3.6666667461395264
Adhesion,0.25,train,18,33,0.888371467590332,3.872649669647217,3.6666667461395264
Adhesion,0.25,train,18,33,0.9100265502929688,3.8762779235839844,3.6666667461395264
Adhesion,0.25,train,18,33,0.922082245349884,3.8791074752807617,3.6666667461395264
Adhesion,0.25,train,18,33,0.9338356852531433,3.8822903633117676,3.6666667461395264
Adhesion,0.25,train,18,33,0.9397618174552917,3.8810086250305176,3.6666667461395264
Adhesion,0.25,train,18,33,0.9408005475997925,3.8781161308288574,3.6666667461395264
Adhesion,0.25,train,19,35,0.8899836540222168,3.879920482635498,3.6842105388641357
Adhesion,0.25,train,19,35,0.8925426006317139,3.8674874305725098,3.6842105388641357
Adhesion,0.25,train,19,35,0.8983314633369446,3.8641903400421143,3.6842105388641357
Adhesion,0.25,train,19,35,0.9041740298271179,3.862696647644043,3.6842105388641357
Adhesion,0.25,train,23,45,0.746842086315155,3.9283640384674072,3.91304349899292
Adhesion,0.25,train,23,45,0.7615625262260437,3.883174419403076,3.91304349899292
Adhesion,0.25,train,25,50,0.7187057733535767,3.873842239379883,4.0
Adhesion,0.25,train,25,50,0.7454966902732849,3.8705554008483887,4.0
Adhesion,0.25,train,25,50,0.7735038995742798,3.874802589416504,4.0
Adhesion,0.25,train,28,54,0.7084999084472656,3.92032790184021,3.857142925262451
Adhesion,0.25,train,28,55,0.7678893208503723,3.906285047531128,3.9285714626312256
Adhesion,0.25,train,32,66,0.6970463991165161,3.909635066986084,4.125
Adhesion,0.25,train,32,66,0.7302525043487549,3.9092519283294678,4.125
Adhesion,0.25,train,32,66,0.7639402151107788,3.9188852310180664,4.125
Adhesion,0.25,train,32,66,0.789287805557251,3.9267194271087646,4.125
Adhesion,0.25,train,32,65,0.8118176460266113,3.932971477508545,4.0625
Adhesion,0.25,train,32,65,0.833652138710022,3.9402365684509277,4.0625
Adhesion,0.25,train,32,65,0.8557268381118774,3.9484453201293945,4.0625
Adhesion,0.25,train,32,65,0.8751315474510193,3.955845832824707,4.0625
Adhesion,0.25,train,32,65,0.8874363899230957,3.9621267318725586,4.0625
Adhesion,0.25,train,32,65,0.8994470834732056,3.9701013565063477,4.0625
Adhesion,0.25,train,32,65,0.9098126888275146,3.975399971008301,4.0625
Adhesion,0.25,train,32,65,0.9159237146377563,3.9756925106048584,4.0625
Adhesion,0.25,train,34,69,0.8638474941253662,3.982389211654663,4.058823585510254
Adhesion,0.25,train,34,69,0.8676644563674927,3.9671339988708496,4.058823585510254
Adhesion,0.25,train,34,70,0.8731616735458374,3.9661474227905273,4.117647171020508
Adhesion,0.25,train,34,69,0.8790073394775391,3.952838659286499,4.058823585510254
Adhesion,0.25,train,41,86,0.7294142842292786,4.004251480102539,4.195121765136719
Adhesion,0.25,train,41,86,0.7418791651725769,3.953584909439087,4.195121765136719
Adhesion,0.25,train,44,94,0.7114324569702148,3.956667900085449,4.2727274894714355
Adhesion,0.25,train,44,94,0.7347034215927124,3.951667547225952,4.2727274894714355
Adhesion,0.25,train,50,104,0.6817100048065186,3.9814743995666504,4.159999847412109
Adhesion,0.25,train,50,104,0.7079148888587952,3.967571496963501,4.159999847412109
Adhesion,0.25,train,50,105,0.737426221370697,3.9673712253570557,4.199999809265137
Adhesion,0.25,train,56,120,0.6836588978767395,3.959958553314209,4.285714149475098
Adhesion,0.25,train,56,120,0.7123110890388489,3.954503297805786,4.285714149475098
Adhesion,0.25,train,56,120,0.7421489357948303,3.9507176876068115,4.285714149475098
Adhesion,0.25,train,56,120,0.7669633626937866,3.9605867862701416,4.285714149475098
Adhesion,0.25,train,56,119,0.791584312915802,3.9705255031585693,4.25
Adhesion,0.25,train,56,119,0.814616322517395,3.978566884994507,4.25
Adhesion,0.25,train,56,120,0.8387570977210999,3.972715139389038,4.285714149475098
Adhesion,0.25,train,56,120,0.8605984449386597,3.981048583984375,4.285714149475098
Adhesion,0.25,train,56,119,0.8745549321174622,3.9851489067077637,4.25
Adhesion,0.25,train,56,119,0.8874682188034058,3.9811556339263916,4.25
Adhesion,0.25,train,56,119,0.8995875120162964,3.975534200668335,4.25
Adhesion,0.25,train,56,119,0.9104476571083069,3.9714837074279785,4.25
Adhesion,0.25,train,60,127,0.8564759492874146,3.9753661155700684,4.233333110809326
Adhesion,0.25,train,60,127,0.8637072443962097,3.954073667526245,4.233333110809326
Adhesion,0.25,train,60,127,0.8710793852806091,3.948586940765381,4.233333110809326
Adhesion,0.25,train,60,127,0.8782238364219666,3.946340322494507,4.233333110809326
Adhesion,0.25,train,70,153,0.75449138879776,3.9669604301452637,4.371428489685059
Adhesion,0.25,train,70,153,0.7666001319885254,3.9445369243621826,4.371428489685059
Adhesion,0.25,train,75,166,0.7303302884101868,3.9517011642456055,4.426666736602783
Adhesion,0.25,train,75,166,0.767494261264801,3.944873809814453,4.426666736602783
Adhesion,0.25,train,86,191,0.6827743649482727,3.9921982288360596,4.441860675811768
Adhesion,0.25,train,6,9,0.8660253882408142,3.722419500350952,3.0
Adhesion,0.25,train,6,9,0.9475314021110535,3.7237987518310547,3.0
Adhesion,0.25,train,6,9,0.9524096846580505,3.7250490188598633,3.0
Adhesion,0.25,train,6,9,0.9529905319213867,3.727611541748047,3.0
Adhesion,0.25,train,6,9,0.9534841179847717,3.7310163974761963,3.0
Adhesion,0.25,train,6,9,0.9538506865501404,3.7349281311035156,3.0
Adhesion,0.25,train,6,9,0.9541708827018738,3.7390804290771484,3.0
Adhesion,0.25,train,6,9,0.9544568061828613,3.7433083057403564,3.0
Adhesion,0.25,train,6,9,0.9547133445739746,3.7475101947784424,3.0
Adhesion,0.25,train,6,9,0.954944372177124,3.7516233921051025,3.0
Adhesion,0.25,train,7,11,0.8121076226234436,3.821646213531494,3.142857074737549
Adhesion,0.25,train,7,11,0.8252940773963928,3.7862136363983154,3.142857074737549
Adhesion,0.25,train,7,11,0.8404415845870972,3.7789437770843506,3.142857074737549
Adhesion,0.25,train,8,12,0.7454410791397095,3.8056552410125732,3.0
Adhesion,0.25,train,9,14,0.6808716058731079,3.80134916305542,3.1111111640930176
Adhesion,0.25,train,11,18,0.5779256224632263,3.8415472507476807,3.2727272510528564
Adhesion,0.25,train,12,20,0.566371738910675,3.83658766746521,3.3333332538604736
Adhesion,0.25,train,12,20,0.616939127445221,3.8208091259002686,3.3333332538604736
Adhesion,0.25,train,12,20,0.6681506037712097,3.819786310195923,3.3333332538604736
Adhesion,0.25,train,12,20,0.7675798535346985,3.827496290206909,3.3333332538604736
Adhesion,0.25,train,12,20,0.8103935122489929,3.8315391540527344,3.3333332538604736
Adhesion,0.25,train,12,20,0.8529143929481506,3.8358309268951416,3.3333332538604736
Adhesion,0.25,train,12,20,0.8894551396369934,3.8399016857147217,3.3333332538604736
Adhesion,0.25,train,12,20,0.9205699563026428,3.8433358669281006,3.3333332538604736
Adhesion,0.25,train,12,20,0.9375088810920715,3.842850923538208,3.3333332538604736
Adhesion,0.25,train,12,20,0.9425764083862305,3.8388547897338867,3.3333332538604736
Adhesion,0.25,train,12,20,0.9433038830757141,3.834859609603882,3.3333332538604736
Adhesion,0.25,train,12,20,0.9439018368721008,3.8314788341522217,3.3333332538604736
Adhesion,0.25,train,12,20,0.9444267749786377,3.8285810947418213,3.3333332538604736
Adhesion,0.25,train,12,20,0.9449003338813782,3.82609486579895,3.3333332538604736
Adhesion,0.25,train,12,20,0.9453350901603699,3.8239707946777344,3.3333332538604736
Adhesion,0.25,train,12,20,0.9457390308380127,3.8221702575683594,3.3333332538604736
Adhesion,0.25,train,12,20,0.9461174011230469,3.8206605911254883,3.3333332538604736
Adhesion,0.25,train,14,24,0.8044625520706177,3.8705859184265137,3.4285714626312256
Adhesion,0.25,train,14,24,0.8167309165000916,3.845531463623047,3.4285714626312256
Adhesion,0.25,train,14,24,0.8319870829582214,3.839401960372925,3.4285714626312256
Adhesion,0.25,train,16,27,0.7375128269195557,3.8679349422454834,3.375
Adhesion,0.25,train,18,32,0.6735384464263916,3.8772060871124268,3.555555582046509
Adhesion,0.25,train,21,38,0.599701464176178,3.8917415142059326,3.6190476417541504
Adhesion,0.25,train,23,42,0.5806134343147278,3.904853582382202,3.6521739959716797
Adhesion,0.25,train,23,42,0.676095187664032,3.9042084217071533,3.6521739959716797
Adhesion,0.25,train,23,43,0.7248267531394958,3.903254985809326,3.7391304969787598
Adhesion,0.25,train,23,43,0.7710846662521362,3.903918743133545,3.7391304969787598
Adhesion,0.25,train,23,44,0.8126441836357117,3.8943326473236084,3.82608699798584
Adhesion,0.25,train,23,44,0.8517585396766663,3.8923120498657227,3.82608699798584
Adhesion,0.25,train,23,44,0.8847213983535767,3.8944225311279297,3.82608699798584
Adhesion,0.25,train,23,44,0.9128681421279907,3.8968775272369385,3.82608699798584
Adhesion,0.25,train,23,44,0.928031325340271,3.8947620391845703,3.82608699798584
Adhesion,0.25,train,23,44,0.9340169429779053,3.8899340629577637,3.82608699798584
Adhesion,0.25,train,23,44,0.9351426959037781,3.88433575630188,3.82608699798584
Adhesion,0.25,train,23,44,0.9360026717185974,3.879777669906616,3.82608699798584
Adhesion,0.25,train,23,44,0.9367612600326538,3.8760416507720947,3.82608699798584
Adhesion,0.25,train,23,44,0.9374426007270813,3.87294864654541,3.82608699798584
Adhesion,0.25,train,23,44,0.9380582571029663,3.870368719100952,3.82608699798584
Adhesion,0.25,train,23,44,0.9383894205093384,3.8680946826934814,3.82608699798584
Adhesion,0.25,train,23,44,0.9388686418533325,3.866408586502075,3.82608699798584
Adhesion,0.25,train,26,52,0.8273101449012756,3.8906800746917725,4.0
Adhesion,0.25,train,26,52,0.8320229649543762,3.8747212886810303,4.0
Adhesion,0.25,train,26,52,0.8406792283058167,3.874479055404663,4.0
Adhesion,0.25,train,30,61,0.734842836856842,3.900306224822998,4.066666603088379
Adhesion,0.25,train,33,69,0.6848913431167603,3.907534122467041,4.181818008422852
Adhesion,0.25,train,39,84,0.5968800187110901,3.907423734664917,4.307692527770996
Adhesion,0.25,train,43,95,0.597935676574707,3.904134750366211,4.418604850769043
Adhesion,0.25,train,43,95,0.630190372467041,3.906853675842285,4.418604850769043
Adhesion,0.25,train,43,95,0.6603630185127258,3.916339635848999,4.418604850769043
Adhesion,0.25,train,43,95,0.690182626247406,3.9280126094818115,4.418604850769043
Adhesion,0.25,train,43,95,0.7165408730506897,3.930065393447876,4.418604850769043
Adhesion,0.25,train,43,95,0.7417572140693665,3.9357309341430664,4.418604850769043
Adhesion,0.25,train,43,95,0.7632337212562561,3.9405436515808105,4.418604850769043
Adhesion,0.25,train,43,95,0.7835879921913147,3.9465296268463135,4.418604850769043
Adhesion,0.25,train,43,95,0.8032814860343933,3.951106548309326,4.418604850769043
Adhesion,0.25,train,43,95,0.8204395174980164,3.953737497329712,4.418604850769043
Adhesion,0.25,train,43,95,0.8336552381515503,3.9543187618255615,4.418604850769043
Adhesion,0.25,train,43,95,0.844782829284668,3.954251289367676,4.418604850769043
Adhesion,0.25,train,43,95,0.8545008897781372,3.9538369178771973,4.418604850769043
Adhesion,0.25,train,43,95,0.8630927205085754,3.953169345855713,4.418604850769043
Adhesion,0.25,train,43,95,0.8707229495048523,3.9523277282714844,4.418604850769043
Adhesion,0.25,train,43,95,0.8773612380027771,3.9517366886138916,4.418604850769043
Adhesion,0.25,train,43,95,0.8833641409873962,3.951185703277588,4.418604850769043
Adhesion,0.25,train,46,102,0.8306159973144531,3.934509515762329,4.4347825050354
Adhesion,0.25,train,46,102,0.8349534869194031,3.9280965328216553,4.4347825050354
Adhesion,0.25,train,46,103,0.8398060202598572,3.9215078353881836,4.4782609939575195
Adhesion,0.25,train,53,122,0.732981264591217,3.90619158744812,4.603773593902588
Adhesion,0.25,train,67,158,0.5999433994293213,3.9038422107696533,4.7164177894592285
Adhesion,0.25,train,72,171,0.5678366422653198,3.9130656719207764,4.75
Adhesion,0.25,train,72,171,0.5807239413261414,3.909306049346924,4.75
Adhesion,0.25,train,72,172,0.5955504179000854,3.913625955581665,4.777777671813965
Adhesion,0.25,train,72,171,0.6115242838859558,3.922276735305786,4.75
Adhesion,0.25,train,72,171,0.6283819675445557,3.932237386703491,4.75
Adhesion,0.25,train,72,171,0.6470191478729248,3.936628580093384,4.75
Adhesion,0.25,train,72,171,0.6673269271850586,3.94352388381958,4.75
Adhesion,0.25,train,72,171,0.6836507320404053,3.9467670917510986,4.75
Adhesion,0.25,train,72,171,0.6968257427215576,3.954738140106201,4.75
Adhesion,0.25,train,72,171,0.7107334136962891,3.956176280975342,4.75
Adhesion,0.25,train,72,170,0.7247312068939209,3.957150459289551,4.722222328186035
Adhesion,0.25,train,72,170,0.7367861866950989,3.9575304985046387,4.722222328186035
Adhesion,0.25,train,72,170,0.7477511167526245,3.9559037685394287,4.722222328186035
Adhesion,0.25,train,72,169,0.7574970722198486,3.95700740814209,4.69444465637207
Adhesion,0.25,train,72,169,0.7664806842803955,3.959284782409668,4.69444465637207
Adhesion,0.25,train,72,169,0.7753787636756897,3.957947254180908,4.69444465637207
Adhesion,0.25,train,72,168,0.7840152382850647,3.954314708709717,4.666666507720947
Adhesion,0.25,train,72,168,0.7919186949729919,3.954848051071167,4.666666507720947
Adhesion,0.25,train,77,182,0.7473912239074707,3.958439826965332,4.7272725105285645
Adhesion,0.25,train,77,182,0.7538412809371948,3.95217227935791,4.7272725105285645
Adhesion,0.25,train,89,210,0.6596956849098206,3.9504427909851074,4.7191009521484375
Adhesion,0.5,val,6,9,0.8660253882408142,3.722419500350952,3.0
Adhesion,0.5,val,6,9,0.8706126809120178,3.757441759109497,3.0
Adhesion,0.5,val,6,9,0.8944792151451111,3.795109510421753,3.0
Adhesion,0.5,val,6,9,0.9125162959098816,3.828989267349243,3.0
Adhesion,0.5,val,6,9,0.9302882552146912,3.8591229915618896,3.0
Adhesion,0.5,val,6,9,0.939595639705658,3.8874101638793945,3.0
Adhesion,0.5,val,6,9,0.9404227137565613,3.9149868488311768,3.0
Adhesion,0.5,val,6,9,0.9411104321479797,3.9408676624298096,3.0
Adhesion,0.5,val,6,9,0.9416797757148743,3.965343475341797,3.0
Adhesion,0.5,val,7,8,0.7939435839653015,4.012047290802002,2.2857143878936768
Adhesion,0.5,val,8,8,0.6953932046890259,3.983976364135742,2.0
Adhesion,0.5,val,9,9,0.6323171257972717,3.9947798252105713,2.0
Adhesion,0.5,val,9,9,0.6642246246337891,3.9727118015289307,2.0
Adhesion,0.5,val,9,9,0.7003635764122009,3.9696061611175537,2.0
Adhesion,0.5,val,9,9,0.7361117601394653,3.9712159633636475,2.0
Adhesion,0.5,val,9,9,0.7709890604019165,3.973341941833496,2.0
Adhesion,0.5,val,10,10,0.716685950756073,4.001018047332764,2.0
Adhesion,0.5,val,10,10,0.7581642866134644,3.9913277626037598,2.0
Adhesion,0.5,val,10,10,0.7996548414230347,3.992460250854492,2.0
Adhesion,0.5,val,12,13,0.6883130073547363,3.994934320449829,2.1666667461395264
Adhesion,0.5,val,12,13,0.7267446517944336,3.968522310256958,2.1666667461395264
Adhesion,0.5,val,12,13,0.7613641619682312,3.9664418697357178,2.1666667461395264
Adhesion,0.5,val,12,13,0.7882647514343262,3.9697749614715576,2.1666667461395264
Adhesion,0.5,val,12,13,0.8147311210632324,3.9726808071136475,2.1666667461395264
Adhesion,0.5,val,12,13,0.8409240245819092,3.974895477294922,2.1666667461395264
Adhesion,0.5,val,12,13,0.8664565682411194,3.9758598804473877,2.1666667461395264
Adhesion,0.5,val,12,13,0.8885272145271301,3.977130651473999,2.1666667461395264
Adhesion,0.5,val,12,13,0.9056587219238281,3.979358434677124,2.1666667461395264
Adhesion,0.5,val,12,13,0.9227707386016846,3.981170654296875,2.1666667461395264
Adhesion,0.5,val,12,13,0.9312777519226074,3.983997344970703,2.1666667461395264
Adhesion,0.5,val,12,13,0.9318357110023499,3.98675537109375,2.1666667461395264
Adhesion,0.5,val,12,13,0.9322455525398254,3.9887189865112305,2.1666667461395264
Adhesion,0.5,val,12,13,0.9325652122497559,3.9901559352874756,2.1666667461395264
Adhesion,0.5,val,14,16,0.7893984913825989,4.038172721862793,2.2857143878936768
Adhesion,0.5,val,16,20,0.685225248336792,4.009487152099609,2.5
Adhesion,0.5,val,18,22,0.6204318404197693,3.9974441528320312,2.444444417953491
Adhesion,0.5,val,18,22,0.6529460549354553,3.9772770404815674,2.444444417953491
Adhesion,0.5,val,18,22,0.6888850331306458,3.976013660430908,2.444444417953491
Adhesion,0.5,val,18,22,0.7233619689941406,3.976813793182373,2.444444417953491
Adhesion,0.5,val,18,22,0.7573111057281494,3.978832721710205,2.444444417953491
Adhesion,0.5,val,20,24,0.7026263475418091,3.9947943687438965,2.4000000953674316
Adhesion,0.5,val,20,24,0.744185209274292,3.986117124557495,2.4000000953674316
Adhesion,0.5,val,20,24,0.7866830825805664,3.9870448112487793,2.4000000953674316
Adhesion,0.5,val,24,31,0.6747611165046692,4.005643367767334,2.5833332538604736
Adhesion,0.5,val,24,31,0.7099925875663757,3.9807469844818115,2.5833332538604736
Adhesion,0.5,val,24,31,0.7431411743164062,3.98100209236145,2.5833332538604736
Adhesion,0.5,val,24,31,0.769633948802948,3.9872894287109375,2.5833332538604736
Adhesion,0.5,val,24,31,0.7958828806877136,3.9943857192993164,2.5833332538604736
Adhesion,0.5,val,24,31,0.8221455216407776,4.001915454864502,2.5833332538604736
Adhesion,0.5,val,24,31,0.8482257723808289,4.009209156036377,2.5833332538604736
Adhesion,0.5,val,24,31,0.871141254901886,4.01588249206543,2.5833332538604736
Adhesion,0.5,val,24,31,0.889080286026001,4.022106170654297,2.5833332538604736
Adhesion,0.5,val,24,31,0.9069638848304749,4.028269290924072,2.5833332538604736
Adhesion,0.5,val,24,31,0.917017936706543,4.031243801116943,2.5833332538604736
Adhesion,0.5,val,24,31,0.9183874726295471,4.03234338760376,2.5833332538604736
Adhesion,0.5,val,24,30,0.9186971187591553,4.033010959625244,2.5
Adhesion,0.5,val,24,30,0.9192030429840088,4.033249855041504,2.5
Adhesion,0.5,val,28,41,0.7832397818565369,4.050897121429443,2.9285714626312256
Adhesion,0.5,val,32,49,0.6795348525047302,4.012576580047607,3.0625
Adhesion,0.5,val,36,53,0.6134974956512451,3.986722230911255,2.944444417953491
Adhesion,0.5,val,36,53,0.6444399356842041,3.9734480381011963,2.944444417953491
Adhesion,0.5,val,36,53,0.6779093742370605,3.9725875854492188,2.944444417953491
Adhesion,0.5,val,36,53,0.7119331359863281,3.9759957790374756,2.944444417953491
Adhesion,0.5,val,36,53,0.7461894750595093,3.9810867309570312,2.944444417953491
Adhesion,0.5,val,40,59,0.6923831105232239,3.997333526611328,2.950000047683716
Adhesion,0.5,val,40,59,0.7324851751327515,3.995380401611328,2.950000047683716
Adhesion,0.5,val,40,59,0.7725140452384949,4.0023932456970215,2.950000047683716
Adhesion,0.5,val,47,71,0.6783332228660583,4.002261638641357,3.0212767124176025
Adhesion,0.5,val,47,71,0.713089644908905,4.0014142990112305,3.0212767124176025
Adhesion,0.5,val,47,71,0.7446333169937134,4.0102081298828125,3.0212767124176025
Adhesion,0.5,val,47,71,0.7677668929100037,4.019956111907959,3.0212767124176025
Adhesion,0.5,val,47,71,0.7913746237754822,4.030799865722656,3.0212767124176025
Adhesion,0.5,val,47,71,0.8150899410247803,4.041723251342773,3.0212767124176025
Adhesion,0.5,val,47,72,0.8393515944480896,4.050384998321533,3.0638298988342285
Adhesion,0.5,val,47,72,0.8607502579689026,4.054702281951904,3.0638298988342285
Adhesion,0.5,val,47,72,0.8767316937446594,4.05787992477417,3.0638298988342285
Adhesion,0.5,val,47,72,0.8925263285636902,4.062433242797852,3.0638298988342285
Adhesion,0.5,val,47,72,0.9034662246704102,4.064762115478516,3.0638298988342285
Adhesion,0.5,val,47,72,0.9058334827423096,4.064938068389893,3.0638298988342285
Adhesion,0.5,val,47,72,0.9072529673576355,4.06564998626709,3.0638298988342285
Adhesion,0.5,val,47,72,0.9082726836204529,4.066675186157227,3.0638298988342285
Adhesion,0.5,val,53,87,0.8021742105484009,4.067739963531494,3.2830188274383545
Adhesion,0.5,val,61,105,0.6884981989860535,4.0157575607299805,3.4426229000091553
Adhesion,0.5,val,69,113,0.6114176511764526,4.012343883514404,3.275362253189087
Adhesion,0.5,val,69,113,0.6348326802253723,4.011788845062256,3.275362253189087
Adhesion,0.5,val,69,112,0.6649303436279297,4.019140243530273,3.2463767528533936
Adhesion,0.5,val,69,112,0.6963604092597961,4.02158784866333,3.2463767528533936
Adhesion,0.5,val,69,112,0.7271307706832886,4.028679847717285,3.2463767528533936
Adhesion,0.5,val,77,130,0.6733343005180359,4.050644397735596,3.3766233921051025
Adhesion,0.5,val,77,129,0.708577036857605,4.040902137756348,3.350649356842041
Adhesion,0.5,val,77,129,0.7475699782371521,4.044326305389404,3.350649356842041
Adhesion,0.5,val,89,150,0.6698706746101379,4.052745819091797,3.370786428451538
Adhesion,0.5,val,6,9,0.8660253882408142,3.722419500350952,3.0
Adhesion,0.5,val,7,11,0.6494127511978149,3.810882568359375,3.142857074737549
Adhesion,0.5,val,7,11,0.6866650581359863,3.8362998962402344,3.142857074737549
Adhesion,0.5,val,7,11,0.7248858213424683,3.858612298965454,3.142857074737549
Adhesion,0.5,val,8,12,0.6579962968826294,3.956939220428467,3.0
Adhesion,0.5,val,8,12,0.6959322690963745,3.9042696952819824,3.0
Adhesion,0.5,val,8,11,0.7340205907821655,3.908799171447754,2.75
Adhesion,0.5,val,9,13,0.6841553449630737,3.9277830123901367,2.8888888359069824
Adhesion,0.5,val,9,13,0.7309131026268005,3.93595552444458,2.8888888359069824
Adhesion,0.5,val,9,12,0.7749955654144287,3.95434308052063,2.6666667461395264
Adhesion,0.5,val,9,12,0.8101250529289246,3.9743123054504395,2.6666667461395264
Adhesion,0.5,val,9,10,0.8340836763381958,3.9934988021850586,2.222222328186035
Adhesion,0.5,val,9,10,0.857792854309082,4.005359649658203,2.222222328186035
Adhesion,0.5,val,9,10,0.8814452290534973,4.017206192016602,2.222222328186035
Adhesion,0.5,val,9,10,0.9033404588699341,4.0269670486450195,2.222222328186035
Adhesion,0.5,val,9,10,0.9148889183998108,4.034029960632324,2.222222328186035
Adhesion,0.5,val,9,10,0.9263473153114319,4.039621829986572,2.222222328186035
Adhesion,0.5,val,9,10,0.9296717047691345,4.04481840133667,2.222222328186035
Adhesion,0.5,val,9,10,0.9302430748939514,4.049427509307861,2.222222328186035
Adhesion,0.5,val,10,10,0.8281925320625305,4.082115173339844,2.0
Adhesion,0.5,val,10,10,0.8357003927230835,4.045322418212891,2.0
Adhesion,0.5,val,10,10,0.8470754623413086,4.041680812835693,2.0
Adhesion,0.5,val,10,10,0.8584454655647278,4.045231819152832,2.0
Adhesion,0.5,val,12,12,0.7093467712402344,4.0797648429870605,2.0
Adhesion,0.5,val,12,12,0.729595422744751,4.032073974609375,2.0
Adhesion,0.5,val,14,14,0.6430891752243042,4.026131629943848,2.0
Adhesion,0.5,val,14,14,0.6812185645103455,4.01467227935791,2.0
Adhesion,0.5,val,14,14,0.7190594673156738,4.0122761726379395,2.0
Adhesion,0.5,val,16,16,0.6503493785858154,4.018115520477295,2.0
Adhesion,0.5,val,16,16,0.691871166229248,3.99349045753479,2.0
Adhesion,0.5,val,16,16,0.7312129735946655,3.9883594512939453,2.0
Adhesion,0.5,val,18,19,0.6782752871513367,3.9837095737457275,2.1111111640930176
Adhesion,0.5,val,18,19,0.7240687012672424,3.9762818813323975,2.1111111640930176
Adhesion,0.5,val,18,19,0.7677971124649048,3.9768056869506836,2.1111111640930176
Adhesion,0.5,val,18,19,0.8023394346237183,3.9802212715148926,2.1111111640930176
Adhesion,0.5,val,18,19,0.8274621963500977,3.9844627380371094,2.1111111640930176
Adhesion,0.5,val,18,19,0.8508557081222534,3.988172769546509,2.1111111640930176
Adhesion,0.5,val,18,19,0.8743341565132141,3.991481304168701,2.1111111640930176
Adhesion,0.5,val,18,19,0.8961658477783203,3.99479341506958,2.1111111640930176
Adhesion,0.5,val,18,19,0.908456563949585,4.0002312660217285,2.1111111640930176
Adhesion,0.5,val,18,19,0.9206104278564453,4.0053911209106445,2.1111111640930176
Adhesion,0.5,val,18,19,0.9242798686027527,4.008848667144775,2.1111111640930176
Adhesion,0.5,val,18,19,0.9251946210861206,4.011434555053711,2.1111111640930176
Adhesion,0.5,val,20,22,0.825609564781189,4.079792022705078,2.200000047683716
Adhesion,0.5,val,20,22,0.8284810781478882,4.022623538970947,2.200000047683716
Adhesion,0.5,val,20,22,0.8388606905937195,4.023330211639404,2.200000047683716
Adhesion,0.5,val,20,22,0.849785327911377,4.028540134429932,2.200000047683716
Adhesion,0.5,val,24,26,0.7019126415252686,4.087932586669922,2.1666667461395264
Adhesion,0.5,val,24,26,0.7208560109138489,4.03731632232666,2.1666667461395264
Adhesion,0.5,val,28,33,0.63222736120224,4.016886234283447,2.357142925262451
Adhesion,0.5,val,28,33,0.6692648530006409,4.012038230895996,2.357142925262451
Adhesion,0.5,val,28,33,0.7063326835632324,4.0148539543151855,2.357142925262451
Adhesion,0.5,val,32,37,0.6374574303627014,4.0183258056640625,2.3125
Adhesion,0.5,val,32,37,0.6774235963821411,4.011661052703857,2.3125
Adhesion,0.5,val,32,37,0.7162794470787048,4.01469087600708,2.3125
Adhesion,0.5,val,36,43,0.663128137588501,4.023104190826416,2.3888888359069824
Adhesion,0.5,val,36,43,0.7085726261138916,4.02410888671875,2.3888888359069824
Adhesion,0.5,val,36,43,0.750980019569397,4.030981540679932,2.3888888359069824
Adhesion,0.5,val,36,42,0.7849813103675842,4.03913688659668,2.3333332538604736
Adhesion,0.5,val,36,42,0.8089191913604736,4.044667720794678,2.3333332538604736
Adhesion,0.5,val,36,42,0.8315088748931885,4.05021333694458,2.3333332538604736
Adhesion,0.5,val,36,42,0.8543155789375305,4.056459903717041,2.3333332538604736
Adhesion,0.5,val,36,41,0.8754798173904419,4.059850215911865,2.277777671813965
Adhesion,0.5,val,36,41,0.8874285817146301,4.0650763511657715,2.277777671813965
Adhesion,0.5,val,36,41,0.899383008480072,4.071224212646484,2.277777671813965
Adhesion,0.5,val,36,41,0.9050410389900208,4.072422504425049,2.277777671813965
Adhesion,0.5,val,36,40,0.9069809317588806,4.071218490600586,2.222222328186035
Adhesion,0.5,val,40,48,0.8115783929824829,4.079891204833984,2.4000000953674316
Adhesion,0.5,val,40,48,0.8159797787666321,4.058612823486328,2.4000000953674316
Adhesion,0.5,val,40,49,0.8281760215759277,4.048491954803467,2.450000047683716
Adhesion,0.5,val,40,49,0.8384669423103333,4.049526214599609,2.450000047683716
Adhesion,0.5,val,48,59,0.6909773945808411,4.059751033782959,2.4583332538604736
Adhesion,0.5,val,48,59,0.7090702056884766,4.0485663414001465,2.4583332538604736
Adhesion,0.5,val,56,71,0.618617057800293,4.061116695404053,2.5357143878936768
Adhesion,0.5,val,56,71,0.6550921201705933,4.068330764770508,2.5357143878936768
Adhesion,0.5,val,56,71,0.6910412907600403,4.0828537940979,2.5357143878936768
Adhesion,0.5,val,64,82,0.6236295104026794,4.098753929138184,2.5625
Adhesion,0.5,val,64,80,0.6606719493865967,4.100096702575684,2.5
Adhesion,0.5,val,64,79,0.7013844847679138,4.106307506561279,2.46875
Adhesion,0.5,val,72,98,0.6545640230178833,4.1013078689575195,2.722222328186035
Adhesion,0.5,val,72,98,0.6983506679534912,4.106295108795166,2.722222328186035
Adhesion,0.5,val,72,96,0.7418100237846375,4.109216213226318,2.6666667461395264
Adhesion,0.5,val,72,96,0.7759519219398499,4.112812042236328,2.6666667461395264
Adhesion,0.5,val,72,96,0.8016961216926575,4.115222930908203,2.6666667461395264
Adhesion,0.5,val,72,95,0.8249468207359314,4.117703914642334,2.6388888359069824
Adhesion,0.5,val,6,9,0.8660253882408142,3.722419500350952,3.0
Adhesion,0.5,val,6,9,0.9311091899871826,3.7521560192108154,3.0
Adhesion,0.5,val,6,9,0.9368879199028015,3.790799379348755,3.0
Adhesion,0.5,val,6,9,0.9380808472633362,3.82617449760437,3.0
Adhesion,0.5,val,6,9,0.93904709815979,3.858057975769043,3.0
Adhesion,0.5,val,6,9,0.9398693442344666,3.887179136276245,3.0
Adhesion,0.5,val,6,9,0.9405919909477234,3.914174795150757,3.0
Adhesion,0.5,val,6,9,0.9412200450897217,3.9395625591278076,3.0
Adhesion,0.5,val,6,9,0.9417487978935242,3.963599920272827,3.0
Adhesion,0.5,val,6,9,0.9422505497932434,3.9867055416107178,3.0
Adhesion,0.5,val,7,6,0.7929317355155945,3.9991278648376465,1.7142857313156128
Adhesion,0.5,val,7,6,0.8080070614814758,3.972759962081909,1.7142857313156128
Adhesion,0.5,val,7,6,0.824015736579895,3.9669711589813232,1.7142857313156128
Adhesion,0.5,val,8,7,0.7280517220497131,3.9864840507507324,1.75
Adhesion,0.5,val,9,9,0.6635608673095703,3.977060556411743,2.0
Adhesion,0.5,val,11,11,0.5576391220092773,4.004650115966797,2.0
Adhesion,0.5,val,12,12,0.549267053604126,3.9905099868774414,2.0
Adhesion,0.5,val,12,12,0.6032590270042419,3.9789516925811768,2.0
Adhesion,0.5,val,12,12,0.6568319201469421,3.9774169921875,2.0
Adhesion,0.5,val,12,12,0.7095925211906433,3.9770278930664062,2.0
Adhesion,0.5,val,12,12,0.7587912678718567,3.9769909381866455,2.0
Adhesion,0.5,val,12,12,0.8025333285331726,3.9783236980438232,2.0
Adhesion,0.5,val,12,12,0.8459479212760925,3.9792051315307617,2.0
Adhesion,0.5,val,12,12,0.8825986981391907,3.9819748401641846,2.0
Adhesion,0.5,val,12,12,0.9135151505470276,3.9849135875701904,2.0
Adhesion,0.5,val,12,12,0.9284899830818176,3.9897823333740234,2.0
Adhesion,0.5,val,12,12,0.9328263401985168,3.995532274246216,2.0
Adhesion,0.5,val,12,12,0.9334585070610046,4.000637531280518,2.0
Adhesion,0.5,val,12,12,0.9339473247528076,4.004603385925293,2.0
Adhesion,0.5,val,12,12,0.9343371987342834,4.007766246795654,2.0
Adhesion,0.5,val,12,12,0.934655487537384,4.010352611541748,2.0
Adhesion,0.5,val,12,12,0.9347084164619446,4.011926174163818,2.0
Adhesion,0.5,val,12,12,0.9348118305206299,4.011991024017334,2.0
Adhesion,0.5,val,12,12,0.9349109530448914,4.012338638305664,2.0
Adhesion,0.5,val,14,14,0.7863602042198181,4.028475284576416,2.0
Adhesion,0.5,val,14,14,0.7990515828132629,4.012385845184326,2.0
Adhesion,0.5,val,14,14,0.8126125335693359,4.008636474609375,2.0
Adhesion,0.5,val,16,16,0.7169433236122131,4.002623081207275,2.0
Adhesion,0.5,val,18,19,0.6487071514129639,4.002427101135254,2.1111111640930176
Adhesion,0.5,val,22,23,0.5426909327507019,4.009155750274658,2.090909004211426
Adhesion,0.5,val,24,25,0.5303953886032104,4.008129119873047,2.0833332538604736
Adhesion,0.5,val,24,25,0.5816090703010559,4.010076999664307,2.0833332538604736
Adhesion,0.5,val,24,25,0.6324275135993958,4.018009662628174,2.0833332538604736
Adhesion,0.5,val,24,25,0.6842390894889832,4.028106689453125,2.0833332538604736
Adhesion,0.5,val,24,25,0.7339167594909668,4.036479949951172,2.0833332538604736
Adhesion,0.5,val,24,25,0.776624858379364,4.044160842895508,2.0833332538604736
Adhesion,0.5,val,24,25,0.819317102432251,4.055295467376709,2.0833332538604736
Adhesion,0.5,val,24,25,0.8549471497535706,4.068841457366943,2.0833332538604736
Adhesion,0.5,val,24,25,0.8877951502799988,4.081380367279053,2.0833332538604736
Adhesion,0.5,val,24,24,0.9044057726860046,4.086962699890137,2.0
Adhesion,0.5,val,24,25,0.9105117321014404,4.090560436248779,2.0833332538604736
Adhesion,0.5,val,24,25,0.9122593402862549,4.093871593475342,2.0833332538604736
Adhesion,0.5,val,24,24,0.9133279919624329,4.096734523773193,2.0
Adhesion,0.5,val,24,24,0.9146693348884583,4.099689960479736,2.0
Adhesion,0.5,val,24,23,0.915520191192627,4.102295398712158,1.9166666269302368
Adhesion,0.5,val,24,23,0.9163198471069336,4.104211807250977,1.9166666269302368
Adhesion,0.5,val,24,24,0.9173407554626465,4.105761528015137,2.0
Adhesion,0.5,val,24,23,0.9177694320678711,4.1070556640625,1.9166666269302368
Adhesion,0.5,val,28,31,0.7752071022987366,4.121180534362793,2.2142856121063232
Adhesion,0.5,val,28,31,0.7879554033279419,4.097992897033691,2.2142856121063232
Adhesion,0.5,val,28,31,0.8024955987930298,4.097053527832031,2.2142856121063232
Adhesion,0.5,val,32,36,0.7071264386177063,4.071416854858398,2.25
Adhesion,0.5,val,36,42,0.6410658955574036,4.064521789550781,2.3333332538604736
Adhesion,0.5,val,44,53,0.5335070490837097,4.079722881317139,2.409090995788574
Adhesion,0.5,val,48,57,0.5207906365394592,4.082780361175537,2.375
Adhesion,0.5,val,48,56,0.57220458984375,4.090998649597168,2.3333332538604736
Adhesion,0.5,val,48,56,0.625066339969635,4.10078239440918,2.3333332538604736
Adhesion,0.5,val,48,56,0.6782376766204834,4.108907699584961,2.3333332538604736
Adhesion,0.5,val,48,55,0.7288684844970703,4.104173183441162,2.2916667461395264
Adhesion,0.5,val,48,55,0.7739008069038391,4.10355806350708,2.2916667461395264
Adhesion,0.5,val,48,55,0.8184375762939453,4.105692386627197,2.2916667461395264
Adhesion,0.5,val,48,55,0.8561784625053406,4.110280990600586,2.2916667461395264
Adhesion,0.5,val,48,55,0.8878727555274963,4.116052150726318,2.2916667461395264
Adhesion,0.5,val,48,55,0.904860258102417,4.12092924118042,2.2916667461395264
Adhesion,0.5,val,48,55,0.9106776118278503,4.122973918914795,2.2916667461395264
Adhesion,0.5,val,48,55,0.9124111533164978,4.125005722045898,2.2916667461395264
Adhesion,0.5,val,48,54,0.9138948917388916,4.127107620239258,2.25
Adhesion,0.5,val,48,54,0.9149977564811707,4.129855632781982,2.25
Adhesion,0.5,val,48,54,0.9159162640571594,4.132620334625244,2.25
Adhesion,0.5,val,48,54,0.9167030453681946,4.135245323181152,2.25
Adhesion,0.5,val,48,54,0.9173858761787415,4.137641429901123,2.25
Adhesion,0.5,val,48,54,0.917997419834137,4.139683246612549,2.25
Adhesion,0.5,val,56,69,0.7735161185264587,4.1350836753845215,2.4642856121063232
Adhesion,0.5,val,56,69,0.786135733127594,4.120408058166504,2.4642856121063232
Adhesion,0.5,val,56,69,0.8003279566764832,4.11846923828125,2.4642856121063232
Adhesion,0.5,val,64,76,0.7007520794868469,4.100902557373047,2.375
Adhesion,0.5,val,72,89,0.6328434348106384,4.109446048736572,2.472222328186035
Adhesion,0.5,val,88,115,0.5302788019180298,4.096097946166992,2.6136362552642822
Adhesion,0.5,val,96,123,0.5143269896507263,4.081636428833008,2.5625
Adhesion,0.5,val,96,123,0.5647007822990417,4.082172393798828,2.5625
Adhesion,0.5,val,96,122,0.6154775023460388,4.093207836151123,2.5416667461395264
Adhesion,1.0,val,6,9,0.8660253882408142,3.722419500350952,3.0
Adhesion,1.0,val,6,9,0.8429765701293945,3.9888830184936523,3.0
Adhesion,1.0,val,6,3,0.874768078327179,4.19052267074585,1.0
Adhesion,1.0,val,6,0,0.9153948426246643,4.223455905914307,0.0
Adhesion,1.0,val,6,0,0.9323105812072754,4.201261520385742,0.0
Adhesion,1.0,val,6,0,0.9398624897003174,4.193868160247803,0.0
Adhesion,1.0,val,6,0,0.9399159550666809,4.191226005554199,0.0
Adhesion,1.0,val,6,0,0.939961850643158,4.190187454223633,0.0
Adhesion,1.0,val,6,0,0.9399986267089844,4.189734935760498,0.0
Adhesion,1.0,val,7,1,0.7920141220092773,4.33239221572876,0.2857142984867096
Adhesion,1.0,val,8,2,0.6791681051254272,4.2619757652282715,0.5
Adhesion,1.0,val,9,3,0.6182442903518677,4.342541694641113,0.6666666865348816
Adhesion,1.0,val,9,2,0.6542430520057678,4.376894474029541,0.4444444477558136
Adhesion,1.0,val,9,1,0.6942412853240967,4.417197227478027,0.2222222238779068
Adhesion,1.0,val,9,1,0.730947732925415,4.411342620849609,0.2222222238779068
Adhesion,1.0,val,9,1,0.7655214667320251,4.410135269165039,0.2222222238779068
Adhesion,1.0,val,10,2,0.7047916650772095,4.405590057373047,0.4000000059604645
Adhesion,1.0,val,10,2,0.7470119595527649,4.447882175445557,0.4000000059604645
Adhesion,1.0,val,10,2,0.7904221415519714,4.4777116775512695,0.4000000059604645
Adhesion,1.0,val,12,3,0.6733238101005554,4.506663799285889,0.5
Adhesion,1.0,val,12,3,0.7136416435241699,4.530086994171143,0.5
Adhesion,1.0,val,12,2,0.7525447010993958,4.53538179397583,0.3333333432674408
Adhesion,1.0,val,12,2,0.7792699337005615,4.537095546722412,0.3333333432674408
Adhesion,1.0,val,12,2,0.8057265877723694,4.539048671722412,0.3333333432674408
Adhesion,1.0,val,12,2,0.8319416046142578,4.540433883666992,0.3333333432674408
Adhesion,1.0,val,12,2,0.8579786419868469,4.541335582733154,0.3333333432674408
Adhesion,1.0,val,12,2,0.8806195259094238,4.54184103012085,0.3333333432674408
Adhesion,1.0,val,12,2,0.8979551196098328,4.542099475860596,0.3333333432674408
Adhesion,1.0,val,12,2,0.9148566126823425,4.541958808898926,0.3333333432674408
Adhesion,1.0,val,12,2,0.922511100769043,4.543234348297119,0.3333333432674408
Adhesion,1.0,val,12,2,0.9227043986320496,4.5460333824157715,0.3333333432674408
Adhesion,1.0,val,12,2,0.9228050112724304,4.5474700927734375,0.3333333432674408
Adhesion,1.0,val,12,2,0.9228621125221252,4.5482659339904785,0.3333333432674408
Adhesion,1.0,val,14,4,0.7717431783676147,4.507781028747559,0.5714285969734192
Adhesion,1.0,val,16,6,0.6605591773986816,4.479965686798096,0.75
Adhesion,1.0,val,18,8,0.5976947546005249,4.495059490203857,0.8888888955116272
Adhesion,1.0,val,18,8,0.631700336933136,4.4648871421813965,0.8888888955116272
Adhesion,1.0,val,18,8,0.6702673435211182,4.464535236358643,0.8888888955116272
Adhesion,1.0,val,18,8,0.7078740000724792,4.470539093017578,0.8888888955116272
Adhesion,1.0,val,18,8,0.7444719076156616,4.475599765777588,0.8888888955116272
Adhesion,1.0,val,20,10,0.6869240999221802,4.497590065002441,1.0
Adhesion,1.0,val,20,10,0.7302525639533997,4.479716777801514,1.0
Adhesion,1.0,val,20,10,0.7734639048576355,4.479318141937256,1.0
Adhesion,1.0,val,24,14,0.6541357040405273,4.4525322914123535,1.1666666269302368
Adhesion,1.0,val,24,14,0.6946072578430176,4.446803569793701,1.1666666269302368
Adhesion,1.0,val,24,14,0.7311184406280518,4.452004909515381,1.1666666269302368
Adhesion,1.0,val,24,14,0.7592668533325195,4.458413124084473,1.1666666269302368
Adhesion,1.0,val,24,14,0.7867582440376282,4.463032245635986,1.1666666269302368
Adhesion,1.0,val,24,14,0.8137810826301575,4.466338634490967,1.1666666269302368
Adhesion,1.0,val,24,14,0.8404871821403503,4.46850061416626,1.1666666269302368
Adhesion,1.0,val,24,14,0.8634293079376221,4.471930980682373,1.1666666269302368
Adhesion,1.0,val,24,14,0.8812882304191589,4.475856781005859,1.1666666269302368
Adhesion,1.0,val,24,14,0.8989241719245911,4.4782023429870605,1.1666666269302368
Adhesion,1.0,val,24,14,0.9067988395690918,4.484353065490723,1.1666666269302368
Adhesion,1.0,val,24,14,0.9073376655578613,4.491472244262695,1.1666666269302368
Adhesion,1.0,val,24,14,0.9077053070068359,4.496473789215088,1.1666666269302368
Adhesion,1.0,val,24,14,0.9079696536064148,4.500158309936523,1.1666666269302368
Adhesion,1.0,val,28,18,0.7560387849807739,4.433187007904053,1.2857142686843872
Adhesion,1.0,val,32,22,0.6452053189277649,4.3702392578125,1.375
Adhesion,1.0,val,36,26,0.582301139831543,4.344141006469727,1.4444444179534912
Adhesion,1.0,val,36,26,0.6159687042236328,4.336065292358398,1.4444444179534912
Adhesion,1.0,val,36,26,0.6550526022911072,4.3435587882995605,1.4444444179534912
Adhesion,1.0,val,36,26,0.692457377910614,4.351312160491943,1.4444444179534912
Adhesion,1.0,val,36,26,0.7288682460784912,4.358325481414795,1.4444444179534912
Adhesion,1.0,val,40,30,0.6692171096801758,4.336895942687988,1.5
Adhesion,1.0,val,40,30,0.7118905782699585,4.337756156921387,1.5
Adhesion,1.0,val,40,30,0.7550452351570129,4.341141700744629,1.5
Adhesion,1.0,val,48,38,0.6356437802314758,4.283010482788086,1.5833333730697632
Adhesion,1.0,val,48,38,0.675900936126709,4.278822898864746,1.5833333730697632
Adhesion,1.0,val,48,38,0.7121631503105164,4.2855353355407715,1.5833333730697632
Adhesion,1.0,val,48,38,0.7406244277954102,4.294994354248047,1.5833333730697632
Adhesion,1.0,val,48,38,0.768422544002533,4.303518295288086,1.5833333730697632
Adhesion,1.0,val,48,38,0.7960007190704346,4.311526775360107,1.5833333730697632
Adhesion,1.0,val,48,37,0.8234143853187561,4.319770812988281,1.5416666269302368
Adhesion,1.0,val,48,37,0.8465976715087891,4.324816703796387,1.5416666269302368
Adhesion,1.0,val,48,37,0.8644859194755554,4.328968524932861,1.5416666269302368
Adhesion,1.0,val,48,37,0.8820206522941589,4.331668853759766,1.5416666269302368
Adhesion,1.0,val,48,37,0.8903133273124695,4.336558818817139,1.5416666269302368
Adhesion,1.0,val,48,37,0.8912701606750488,4.341854572296143,1.5416666269302368
Adhesion,1.0,val,48,37,0.8921254277229309,4.346397876739502,1.5416666269302368
Adhesion,1.0,val,48,37,0.8927577137947083,4.3502373695373535,1.5416666269302368
Adhesion,1.0,val,56,48,0.7454196810722351,4.319302558898926,1.7142857313156128
Adhesion,1.0,val,64,56,0.6334170699119568,4.252137184143066,1.75
Adhesion,1.0,val,72,64,0.5671241879463196,4.220331192016602,1.7777777910232544
Adhesion,1.0,val,72,64,0.5982276201248169,4.206332206726074,1.7777777910232544
Adhesion,1.0,val,72,64,0.6338790059089661,4.206347942352295,1.7777777910232544
Adhesion,1.0,val,72,63,0.6713625192642212,4.206266403198242,1.75
Adhesion,1.0,val,72,63,0.7077668905258179,4.208024501800537,1.75
Adhesion,1.0,val,80,76,0.6508519053459167,4.205956935882568,1.899999976158142
Adhesion,1.0,val,80,76,0.6928117275238037,4.2047553062438965,1.899999976158142
Adhesion,1.0,val,80,75,0.7353218793869019,4.204907417297363,1.875
Adhesion,1.0,val,96,92,0.6146453022956848,4.16925573348999,1.9166666269302368
Adhesion,1.0,val,6,9,0.8660253882408142,3.722419500350952,3.0
Adhesion,1.0,val,7,10,0.604476809501648,4.036975383758545,2.857142925262451
Adhesion,1.0,val,7,6,0.6667835116386414,4.195924282073975,1.7142857313156128
Adhesion,1.0,val,7,2,0.7158865928649902,4.328836441040039,0.5714285969734192
Adhesion,1.0,val,8,1,0.6591581702232361,4.3349609375,0.25
Adhesion,1.0,val,8,1,0.6984953880310059,4.37546968460083,0.25
Adhesion,1.0,val,8,0,0.7443899512290955,4.424717903137207,0.0
Adhesion,1.0,val,9,1,0.6841537952423096,4.432962417602539,0.2222222238779068
Adhesion,1.0,val,9,1,0.7332338690757751,4.474360942840576,0.2222222238779068
Adhesion,1.0,val,9,0,0.7801660895347595,4.501561641693115,0.0
Adhesion,1.0,val,9,0,0.8165822625160217,4.499370574951172,0.0
Adhesion,1.0,val,9,0,0.8403809070587158,4.498659133911133,0.0
Adhesion,1.0,val,9,0,0.8632171154022217,4.49849796295166,0.0
Adhesion,1.0,val,9,0,0.8859943747520447,4.498445987701416,0.0
Adhesion,1.0,val,9,0,0.9071464538574219,4.49843168258667,0.0
Adhesion,1.0,val,9,0,0.9181308746337891,4.498317718505859,0.0
Adhesion,1.0,val,9,0,0.9294286370277405,4.4979071617126465,0.0
Adhesion,1.0,val,9,0,0.9318569898605347,4.4977216720581055,0.0
Adhesion,1.0,val,9,0,0.9318919777870178,4.497651100158691,0.0
Adhesion,1.0,val,10,1,0.8252169489860535,4.5297746658325195,0.20000000298023224
Adhesion,1.0,val,10,1,0.8304868936538696,4.496356010437012,0.20000000298023224
Adhesion,1.0,val,10,1,0.8424478769302368,4.49147367477417,0.20000000298023224
Adhesion,1.0,val,10,1,0.8537901043891907,4.491709232330322,0.20000000298023224
Adhesion,1.0,val,12,3,0.6971352696418762,4.532421112060547,0.5
Adhesion,1.0,val,12,3,0.7192441821098328,4.489894390106201,0.5
Adhesion,1.0,val,14,5,0.626219630241394,4.497254848480225,0.7142857313156128
Adhesion,1.0,val,14,5,0.6679709553718567,4.524869441986084,0.7142857313156128
Adhesion,1.0,val,14,4,0.7094460129737854,4.522186756134033,0.5714285969734192
Adhesion,1.0,val,16,6,0.6359199285507202,4.550556182861328,0.75
Adhesion,1.0,val,16,6,0.676593542098999,4.513827800750732,0.75
Adhesion,1.0,val,16,6,0.7179981470108032,4.510542869567871,0.75
Adhesion,1.0,val,18,8,0.6613426208496094,4.514984130859375,0.8888888955116272
Adhesion,1.0,val,18,8,0.7102444171905518,4.50534200668335,0.8888888955116272
Adhesion,1.0,val,18,8,0.7552884817123413,4.506828308105469,0.8888888955116272
Adhesion,1.0,val,18,8,0.7912022471427917,4.512178897857666,0.8888888955116272
Adhesion,1.0,val,18,8,0.816504716873169,4.516354560852051,0.8888888955116272
Adhesion,1.0,val,18,8,0.8401198983192444,4.5178542137146,0.8888888955116272
Adhesion,1.0,val,18,8,0.8635115623474121,4.518261432647705,0.8888888955116272
Adhesion,1.0,val,18,8,0.8850455284118652,4.51885461807251,0.8888888955116272
Adhesion,1.0,val,18,8,0.8968943357467651,4.522414207458496,0.8888888955116272
Adhesion,1.0,val,18,8,0.9085619449615479,4.523883819580078,0.8888888955116272
Adhesion,1.0,val,18,8,0.910898745059967,4.528707027435303,0.8888888955116272
Adhesion,1.0,val,18,8,0.9111220240592957,4.531774520874023,0.8888888955116272
Adhesion,1.0,val,20,10,0.804701030254364,4.496265888214111,1.0
Adhesion,1.0,val,20,10,0.809087872505188,4.479490280151367,1.0
Adhesion,1.0,val,20,10,0.820710301399231,4.476729869842529,1.0
Adhesion,1.0,val,20,10,0.8322849273681641,4.4761247634887695,1.0
Adhesion,1.0,val,24,14,0.6765415072441101,4.419127464294434,1.1666666269302368
Adhesion,1.0,val,24,14,0.6988587379455566,4.405910491943359,1.1666666269302368
Adhesion,1.0,val,28,18,0.6074432730674744,4.391423225402832,1.2857142686843872
Adhesion,1.0,val,28,18,0.6492034792900085,4.38847017288208,1.2857142686843872
Adhesion,1.0,val,28,18,0.6895509958267212,4.390854358673096,1.2857142686843872
Adhesion,1.0,val,32,22,0.6186387538909912,4.374999523162842,1.375
Adhesion,1.0,val,32,22,0.6587655544281006,4.349242210388184,1.375
Adhesion,1.0,val,32,22,0.7019436359405518,4.358038902282715,1.375
Adhesion,1.0,val,36,26,0.6438477635383606,4.330419540405273,1.4444444179534912
Adhesion,1.0,val,36,26,0.6940889358520508,4.3357391357421875,1.4444444179534912
Adhesion,1.0,val,36,26,0.7396566271781921,4.340032577514648,1.4444444179534912
Adhesion,1.0,val,36,26,0.7762861251831055,4.346951007843018,1.4444444179534912
Adhesion,1.0,val,36,26,0.8024188280105591,4.356291770935059,1.4444444179534912
Adhesion,1.0,val,36,26,0.8269827365875244,4.363816261291504,1.4444444179534912
Adhesion,1.0,val,36,26,0.8510119915008545,4.369611740112305,1.4444444179534912
Adhesion,1.0,val,36,26,0.8721917271614075,4.371947288513184,1.4444444179534912
Adhesion,1.0,val,36,26,0.8838905692100525,4.37908935546875,1.4444444179534912
Adhesion,1.0,val,36,26,0.8953694105148315,4.385294437408447,1.4444444179534912
Adhesion,1.0,val,36,26,0.8981499075889587,4.391709804534912,1.4444444179534912
Adhesion,1.0,val,36,26,0.8986256718635559,4.396759510040283,1.4444444179534912
Adhesion,1.0,val,40,30,0.7919034957885742,4.3678975105285645,1.5
Adhesion,1.0,val,40,30,0.7952976226806641,4.357169151306152,1.5
Adhesion,1.0,val,40,30,0.8065972328186035,4.359015464782715,1.5
Adhesion,1.0,val,40,30,0.817743182182312,4.362009048461914,1.5
Adhesion,1.0,val,48,38,0.6619372367858887,4.300889492034912,1.5833333730697632
Adhesion,1.0,val,48,38,0.6826205849647522,4.284664154052734,1.5833333730697632
Adhesion,1.0,val,56,46,0.5877000689506531,4.238485813140869,1.6428571939468384
Adhesion,1.0,val,56,46,0.6281377673149109,4.237873554229736,1.6428571939468384
Adhesion,1.0,val,56,46,0.6675649881362915,4.2412896156311035,1.6428571939468384
Adhesion,1.0,val,64,54,0.596301794052124,4.2158894538879395,1.6875
Adhesion,1.0,val,64,54,0.6371649503707886,4.203631401062012,1.6875
Adhesion,1.0,val,64,54,0.6780987977981567,4.205378532409668,1.6875
Adhesion,1.0,val,72,67,0.6216016411781311,4.1999945640563965,1.8611111640930176
Adhesion,1.0,val,72,66,0.6692162752151489,4.19877815246582,1.8333333730697632
Adhesion,1.0,val,72,66,0.7130598425865173,4.202568531036377,1.8333333730697632
Adhesion,1.0,val,72,66,0.7491395473480225,4.211241722106934,1.8333333730697632
Adhesion,1.0,val,72,65,0.7769039869308472,4.221175670623779,1.8055555820465088
Adhesion,1.0,val,72,65,0.8027048110961914,4.232175827026367,1.8055555820465088
Adhesion,1.0,val,72,64,0.8285786509513855,4.242924213409424,1.7777777910232544
Adhesion,1.0,val,6,9,0.8660253882408142,3.722419500350952,3.0
Adhesion,1.0,val,6,9,0.9038069248199463,3.96988582611084,3.0
Adhesion,1.0,val,6,3,0.9170136451721191,4.172691345214844,1.0
Adhesion,1.0,val,6,0,0.9398680329322815,4.230286598205566,0.0
Adhesion,1.0,val,6,0,0.9397984147071838,4.2043280601501465,0.0
Adhesion,1.0,val,6,0,0.9398278594017029,4.195122241973877,0.0
Adhesion,1.0,val,6,0,0.9398805499076843,4.191735744476318,0.0
Adhesion,1.0,val,6,0,0.9399295449256897,4.190393447875977,0.0
Adhesion,1.0,val,6,0,0.939969539642334,4.189807415008545,0.0
Adhesion,1.0,val,6,0,0.9400008320808411,4.1895270347595215,0.0
Adhesion,1.0,val,7,1,0.7857221364974976,4.266843318939209,0.2857142984867096
Adhesion,1.0,val,7,1,0.7994900345802307,4.229186058044434,0.2857142984867096
Adhesion,1.0,val,7,1,0.8159050345420837,4.224961280822754,0.2857142984867096
Adhesion,1.0,val,8,2,0.7122312784194946,4.250677108764648,0.5
Adhesion,1.0,val,9,3,0.6438322067260742,4.322725772857666,0.6666666865348816
Adhesion,1.0,val,11,4,0.5392616391181946,4.40899658203125,0.7272727489471436
Adhesion,1.0,val,12,4,0.5346823334693909,4.517907619476318,0.6666666865348816
Adhesion,1.0,val,12,3,0.5940639972686768,4.537525653839111,0.5
Adhesion,1.0,val,12,2,0.650426983833313,4.536720275878906,0.3333333432674408
Adhesion,1.0,val,12,2,0.7027695775032043,4.537406921386719,0.3333333432674408
Adhesion,1.0,val,12,2,0.7514284253120422,4.53948450088501,0.3333333432674408
Adhesion,1.0,val,12,2,0.7947831749916077,4.542757511138916,0.3333333432674408
Adhesion,1.0,val,12,2,0.8379473090171814,4.544962406158447,0.3333333432674408
Adhesion,1.0,val,12,2,0.8744651675224304,4.546474933624268,0.3333333432674408
Adhesion,1.0,val,12,2,0.9047873020172119,4.5474853515625,0.3333333432674408
Adhesion,1.0,val,12,2,0.9195906519889832,4.548079490661621,0.3333333432674408
Adhesion,1.0,val,12,2,0.9233255982398987,4.55131721496582,0.3333333432674408
Adhesion,1.0,val,12,2,0.9235484600067139,4.554563522338867,0.3333333432674408
Adhesion,1.0,val,12,2,0.9236831665039062,4.556466102600098,0.3333333432674408
Adhesion,1.0,val,12,2,0.9234266877174377,4.557384967803955,0.3333333432674408
Adhesion,1.0,val,12,2,0.9234787821769714,4.5580034255981445,0.3333333432674408
Adhesion,1.0,val,12,2,0.9235203266143799,4.558534145355225,0.3333333432674408
Adhesion,1.0,val,12,2,0.923186719417572,4.5538787841796875,0.3333333432674408
Adhesion,1.0,val,12,2,0.9230589866638184,4.551466464996338,0.3333333432674408
Adhesion,1.0,val,14,4,0.7646210789680481,4.480722904205322,0.5714285969734192
Adhesion,1.0,val,14,4,0.7794082760810852,4.465262413024902,0.5714285969734192
Adhesion,1.0,val,14,4,0.7963643670082092,4.464699745178223,0.5714285969734192
Adhesion,1.0,val,16,6,0.696429431438446,4.476654529571533,0.75
Adhesion,1.0,val,18,8,0.6287451386451721,4.487300395965576,0.8888888955116272
Adhesion,1.0,val,22,12,0.5224029421806335,4.493646621704102,1.0909091234207153
Adhesion,1.0,val,24,14,0.5124198794364929,4.43346643447876,1.1666666269302368
Adhesion,1.0,val,24,14,0.5698491930961609,4.432120323181152,1.1666666269302368
Adhesion,1.0,val,24,14,0.6256274580955505,4.437043190002441,1.1666666269302368
Adhesion,1.0,val,24,14,0.6798897385597229,4.4412360191345215,1.1666666269302368
Adhesion,1.0,val,24,14,0.7300984263420105,4.445016384124756,1.1666666269302368
Adhesion,1.0,val,24,14,0.7749297618865967,4.449284076690674,1.1666666269302368
Adhesion,1.0,val,24,14,0.8191347718238831,4.452059268951416,1.1666666269302368
Adhesion,1.0,val,24,14,0.8563621640205383,4.456788539886475,1.1666666269302368
Adhesion,1.0,val,24,14,0.8873119354248047,4.46201229095459,1.1666666269302368
Adhesion,1.0,val,24,14,0.9023712277412415,4.471815586090088,1.1666666269302368
Adhesion,1.0,val,24,14,0.9066295623779297,4.481895446777344,1.1666666269302368
Adhesion,1.0,val,24,14,0.907222330570221,4.489826202392578,1.1666666269302368
Adhesion,1.0,val,24,14,0.9076295495033264,4.495381832122803,1.1666666269302368
Adhesion,1.0,val,24,14,0.9079111218452454,4.499464511871338,1.1666666269302368
Adhesion,1.0,val,24,14,0.9081205725669861,4.502552032470703,1.1666666269302368
Adhesion,1.0,val,24,14,0.908280611038208,4.504939556121826,1.1666666269302368
Adhesion,1.0,val,24,14,0.9084055423736572,4.506812572479248,1.1666666269302368
Adhesion,1.0,val,24,14,0.9085044860839844,4.50829553604126,1.1666666269302368
Adhesion,1.0,val,28,18,0.7513736486434937,4.428150177001953,1.2857142686843872
Adhesion,1.0,val,28,18,0.7656576037406921,4.422486782073975,1.2857142686843872
Adhesion,1.0,val,28,18,0.7813323140144348,4.423183441162109,1.2857142686843872
Adhesion,1.0,val,32,22,0.6796630024909973,4.373902320861816,1.375
Adhesion,1.0,val,36,26,0.6102778911590576,4.340349197387695,1.4444444179534912
Adhesion,1.0,val,44,34,0.5015637278556824,4.287966251373291,1.545454502105713
Adhesion,1.0,val,48,38,0.49342456459999084,4.259382724761963,1.5833333730697632
Adhesion,1.0,val,48,38,0.5500676035881042,4.262985706329346,1.5833333730697632
Adhesion,1.0,val,48,38,0.6053751111030579,4.269372463226318,1.5833333730697632
Adhesion,1.0,val,48,38,0.6597152352333069,4.274238586425781,1.5833333730697632
Adhesion,1.0,val,48,38,0.7107987403869629,4.278409481048584,1.5833333730697632
Adhesion,1.0,val,48,38,0.7558271288871765,4.282332897186279,1.5833333730697632
Adhesion,1.0,val,48,38,0.7998974919319153,4.283331394195557,1.5833333730697632
Adhesion,1.0,val,48,38,0.8371973633766174,4.287351131439209,1.5833333730697632
Adhesion,1.0,val,48,38,0.8680965304374695,4.293914794921875,1.5833333730697632
Adhesion,1.0,val,48,38,0.8839976787567139,4.307592868804932,1.5833333730697632
Adhesion,1.0,val,48,37,0.8899195790290833,4.320667743682861,1.5416666269302368
Adhesion,1.0,val,48,37,0.8912644386291504,4.3309149742126465,1.5416666269302368
Adhesion,1.0,val,48,37,0.8923723101615906,4.339613437652588,1.5416666269302368
Adhesion,1.0,val,48,37,0.8932686448097229,4.3468708992004395,1.5416666269302368
Adhesion,1.0,val,48,37,0.894042432308197,4.352860927581787,1.5416666269302368
Adhesion,1.0,val,48,37,0.8946552276611328,4.358002662658691,1.5416666269302368
Adhesion,1.0,val,48,37,0.8951666951179504,4.3624138832092285,1.5416666269302368
Adhesion,1.0,val,48,37,0.8956157565116882,4.366347789764404,1.5416666269302368
Adhesion,1.0,val,56,48,0.7416302561759949,4.319949626922607,1.7142857313156128
Adhesion,1.0,val,56,48,0.75555819272995,4.314209938049316,1.7142857313156128
Adhesion,1.0,val,56,48,0.7708624601364136,4.317366600036621,1.7142857313156128
Adhesion,1.0,val,64,56,0.6688659191131592,4.2673139572143555,1.75
Adhesion,1.0,val,72,63,0.5973153710365295,4.232219696044922,1.75
Adhesion,1.0,val,88,84,0.48858359456062317,4.189906120300293,1.9090908765792847
Adhesion,1.0,val,96,93,0.47505366802215576,4.164847373962402,1.9375
Adhesion,1.0,val,96,92,0.5285435318946838,4.160420894622803,1.9166666269302368
Adhesion,1.0,val,96,92,0.5816871523857117,4.165781497955322,1.9166666269302368
Adhesion,2.0,test,6,9,0.8660253882408142,3.722419500350952,3.0
Adhesion,2.0,test,6,0,0.8576161861419678,4.328311920166016,0.0
Adhesion,2.0,test,6,0,0.8988911509513855,4.227573871612549,0.0
Adhesion,2.0,test,6,0,0.915533721446991,4.20145845413208,0.0
Adhesion,2.0,test,6,0,0.932492733001709,4.193613529205322,0.0
Adhesion,2.0,test,6,0,0.9401278495788574,4.191188812255859,0.0
Adhesion,2.0,test,6,0,0.9401729702949524,4.190451145172119,0.0
Adhesion,2.0,test,6,0,0.9402112364768982,4.190216541290283,0.0
Adhesion,2.0,test,6,0,0.9402425289154053,4.1901421546936035,0.0
Adhesion,2.0,test,7,1,0.777243971824646,4.2255024909973145,0.2857142984867096
Adhesion,2.0,test,8,0,0.6956451535224915,4.427051544189453,0.0
Adhesion,2.0,test,9,1,0.6195510625839233,4.4369988441467285,0.2222222238779068
Adhesion,2.0,test,9,0,0.6673763990402222,4.500369548797607,0.0
Adhesion,2.0,test,9,0,0.7024757862091064,4.498378276824951,0.0
Adhesion,2.0,test,9,0,0.7370563745498657,4.498685359954834,0.0
Adhesion,2.0,test,9,0,0.7716398239135742,4.498905658721924,0.0
Adhesion,2.0,test,10,0,0.6987752914428711,4.578860282897949,0.0
Adhesion,2.0,test,10,0,0.7588340044021606,4.561795711517334,0.0
Adhesion,2.0,test,10,0,0.7999987006187439,4.561151504516602,0.0
Adhesion,2.0,test,12,2,0.6464402079582214,4.734947204589844,0.3333333432674408
Adhesion,2.0,test,12,2,0.691575825214386,4.687407493591309,0.3333333432674408
Adhesion,2.0,test,12,2,0.7331942915916443,4.682317733764648,0.3333333432674408
Adhesion,2.0,test,12,2,0.7622584700584412,4.678818225860596,0.3333333432674408
Adhesion,2.0,test,12,2,0.7896198630332947,4.669805526733398,0.3333333432674408
Adhesion,2.0,test,12,2,0.8166281580924988,4.663264751434326,0.3333333432674408
Adhesion,2.0,test,12,2,0.8433985114097595,4.658150672912598,0.3333333432674408
Adhesion,2.0,test,12,2,0.866729199886322,4.6539435386657715,0.3333333432674408
Adhesion,2.0,test,12,2,0.8847074508666992,4.6504225730896,0.3333333432674408
Adhesion,2.0,test,12,2,0.9025530815124512,4.6474714279174805,0.3333333432674408
Adhesion,2.0,test,12,2,0.9106643795967102,4.65524435043335,0.3333333432674408
Adhesion,2.0,test,12,2,0.9114377498626709,4.666754245758057,0.3333333432674408
Adhesion,2.0,test,12,2,0.9119626879692078,4.674479961395264,0.3333333432674408
Adhesion,2.0,test,12,2,0.9123452305793762,4.680104732513428,0.3333333432674408
Adhesion,2.0,test,14,4,0.7512341737747192,4.746706962585449,0.5714285969734192
Adhesion,2.0,test,16,6,0.6105378866195679,4.918125152587891,0.75
Adhesion,2.0,test,18,8,0.5483872890472412,4.865720272064209,0.8888888955116272
Adhesion,2.0,test,18,8,0.5839739441871643,4.893679141998291,0.8888888955116272
Adhesion,2.0,test,18,8,0.6312772631645203,4.873517990112305,0.8888888955116272
Adhesion,2.0,test,18,8,0.6727620363235474,4.87703800201416,0.8888888955116272
Adhesion,2.0,test,18,8,0.7115263342857361,4.877798080444336,0.8888888955116272
Adhesion,2.0,test,20,10,0.6400569081306458,4.955081462860107,1.0
Adhesion,2.0,test,20,10,0.6859825849533081,4.916322231292725,1.0
Adhesion,2.0,test,20,10,0.73483806848526,4.900543212890625,1.0
Adhesion,2.0,test,24,13,0.5985034108161926,4.880819320678711,1.0833333730697632
Adhesion,2.0,test,24,12,0.6480482220649719,4.88826322555542,1.0
Adhesion,2.0,test,24,12,0.6911095976829529,4.894712448120117,1.0
Adhesion,2.0,test,24,12,0.7215400338172913,4.906843662261963,1.0
Adhesion,2.0,test,24,12,0.750080406665802,4.907948017120361,1.0
Adhesion,2.0,test,24,12,0.7779292464256287,4.906936168670654,1.0
Adhesion,2.0,test,24,12,0.8045551776885986,4.897304058074951,1.0
Adhesion,2.0,test,24,12,0.8274646401405334,4.893433094024658,1.0
Adhesion,2.0,test,24,12,0.8454821109771729,4.894474029541016,1.0
Adhesion,2.0,test,24,12,0.8634226322174072,4.89533805847168,1.0
Adhesion,2.0,test,24,12,0.8716967701911926,4.905064105987549,1.0
Adhesion,2.0,test,24,12,0.8727348446846008,4.918869495391846,1.0
Adhesion,2.0,test,24,12,0.873600959777832,4.930196762084961,1.0
Adhesion,2.0,test,24,12,0.8743369579315186,4.939894199371338,1.0
Adhesion,2.0,test,28,16,0.7128321528434753,4.875361919403076,1.1428571939468384
Adhesion,2.0,test,32,16,0.5858696699142456,4.946720123291016,1.0
Adhesion,2.0,test,36,20,0.5324327945709229,4.869699478149414,1.1111111640930176
Adhesion,2.0,test,36,18,0.5733945369720459,4.919802188873291,1.0
Adhesion,2.0,test,36,18,0.6198983788490295,4.922025680541992,1.0
Adhesion,2.0,test,36,18,0.6604371070861816,4.932398796081543,1.0
Adhesion,2.0,test,36,18,0.6989952921867371,4.938567638397217,1.0
Adhesion,2.0,test,40,22,0.62796550989151,4.919929504394531,1.100000023841858
Adhesion,2.0,test,40,20,0.6771150827407837,4.921163558959961,1.0
Adhesion,2.0,test,40,20,0.7264313697814941,4.9131669998168945,1.0
Adhesion,2.0,test,48,28,0.587619960308075,4.865817546844482,1.1666666269302368
Adhesion,2.0,test,48,28,0.6300471425056458,4.820210933685303,1.1666666269302368
Adhesion,2.0,test,48,28,0.6696144938468933,4.808183670043945,1.1666666269302368
Adhesion,2.0,test,48,28,0.699652910232544,4.808251857757568,1.1666666269302368
Adhesion,2.0,test,48,28,0.7284870743751526,4.8070292472839355,1.1666666269302368
Adhesion,2.0,test,48,28,0.7562808394432068,4.806262016296387,1.1666666269302368
Adhesion,2.0,test,48,28,0.7840140461921692,4.807143688201904,1.1666666269302368
Adhesion,2.0,test,48,28,0.8081857562065125,4.811912536621094,1.1666666269302368
Adhesion,2.0,test,48,28,0.8269521594047546,4.817257404327393,1.1666666269302368
Adhesion,2.0,test,48,28,0.8455916047096252,4.822607040405273,1.1666666269302368
Adhesion,2.0,test,48,28,0.854365885257721,4.835325717926025,1.1666666269302368
Adhesion,2.0,test,48,28,0.8560147285461426,4.851699352264404,1.1666666269302368
Adhesion,2.0,test,48,28,0.857541024684906,4.866844654083252,1.1666666269302368
Adhesion,2.0,test,48,28,0.8588890433311462,4.881502628326416,1.1666666269302368
Adhesion,2.0,test,56,36,0.6994718909263611,4.848006725311279,1.2857142686843872
Adhesion,2.0,test,64,44,0.5728070735931396,4.827711582183838,1.375
Adhesion,2.0,test,72,51,0.5081604719161987,4.751731872558594,1.4166666269302368
Adhesion,2.0,test,72,51,0.5443158149719238,4.725964069366455,1.4166666269302368
Adhesion,2.0,test,72,51,0.587944507598877,4.710029602050781,1.4166666269302368
Adhesion,2.0,test,72,51,0.6293648481369019,4.711748123168945,1.4166666269302368
Adhesion,2.0,test,72,51,0.6693160533905029,4.718859672546387,1.4166666269302368
Adhesion,2.0,test,80,59,0.6015723943710327,4.725796699523926,1.475000023841858
Adhesion,2.0,test,80,59,0.6471883058547974,4.7026872634887695,1.475000023841858
Adhesion,2.0,test,80,59,0.6940132975578308,4.695588111877441,1.475000023841858
Adhesion,2.0,test,96,74,0.5617098212242126,4.6594696044921875,1.5416666269302368
Adhesion,2.0,test,96,72,0.6056583523750305,4.646817684173584,1.5
Adhesion,2.0,test,6,9,0.8660253882408142,3.722419500350952,3.0
Adhesion,2.0,test,7,1,0.5840500593185425,4.953822612762451,0.2857142984867096
Adhesion,2.0,test,6,0,0.7303027510643005,4.219361782073975,0.0
Adhesion,2.0,test,6,0,0.7643428444862366,4.198306083679199,0.0
Adhesion,2.0,test,7,1,0.6516846418380737,4.242408752441406,0.2857142984867096
Adhesion,2.0,test,7,0,0.7141171097755432,4.325382232666016,0.0
Adhesion,2.0,test,7,0,0.7510995268821716,4.322722434997559,0.0
Adhesion,2.0,test,8,0,0.6823558807373047,4.426337718963623,0.0
Adhesion,2.0,test,8,0,0.7302040457725525,4.422619342803955,0.0
Adhesion,2.0,test,8,0,0.7718167304992676,4.421500205993652,0.0
Adhesion,2.0,test,8,0,0.8041360378265381,4.421274185180664,0.0
Adhesion,2.0,test,8,0,0.8307347893714905,4.4211907386779785,0.0
Adhesion,2.0,test,8,0,0.8564457893371582,4.42112922668457,0.0
Adhesion,2.0,test,8,0,0.8820797204971313,4.4210734367370605,0.0
Adhesion,2.0,test,8,0,0.9059025049209595,4.421039581298828,0.0
Adhesion,2.0,test,8,0,0.9187321066856384,4.421082496643066,0.0
Adhesion,2.0,test,8,0,0.9315062165260315,4.421097755432129,0.0
Adhesion,2.0,test,8,0,0.934256911277771,4.420955657958984,0.0
Adhesion,2.0,test,8,0,0.9343008995056152,4.420882225036621,0.0
Adhesion,2.0,test,9,1,0.8052781224250793,4.431310653686523,0.2222222238779068
Adhesion,2.0,test,9,0,0.8303621411323547,4.500960350036621,0.0
Adhesion,2.0,test,9,0,0.8415677547454834,4.498056411743164,0.0
Adhesion,2.0,test,9,0,0.8531798720359802,4.497707843780518,0.0
Adhesion,2.0,test,11,2,0.6586470007896423,4.5998430252075195,0.3636363744735718
Adhesion,2.0,test,11,1,0.6973094940185547,4.6307549476623535,0.1818181872367859
Adhesion,2.0,test,12,2,0.6465097665786743,4.70935583114624,0.3333333432674408
Adhesion,2.0,test,12,2,0.6891838908195496,4.684350490570068,0.3333333432674408
Adhesion,2.0,test,12,2,0.7280838489532471,4.687526226043701,0.3333333432674408
Adhesion,2.0,test,14,4,0.6165687441825867,4.756176471710205,0.5714285969734192
Adhesion,2.0,test,14,4,0.6486982107162476,4.791221618652344,0.5714285969734192
Adhesion,2.0,test,14,4,0.6960787177085876,4.7529497146606445,0.5714285969734192
Adhesion,2.0,test,16,6,0.6082210540771484,4.868642807006836,0.75
Adhesion,2.0,test,16,6,0.6647483706474304,4.816761016845703,0.75
Adhesion,2.0,test,16,6,0.7142072319984436,4.815976142883301,0.75
Adhesion,2.0,test,16,6,0.7508650422096252,4.817314624786377,0.75
Adhesion,2.0,test,16,6,0.7803061604499817,4.8218464851379395,0.75
Adhesion,2.0,test,16,6,0.8082076907157898,4.822964668273926,0.75
Adhesion,2.0,test,16,6,0.8353996276855469,4.820494174957275,0.75
Adhesion,2.0,test,16,6,0.8601707816123962,4.813831329345703,0.75
Adhesion,2.0,test,16,6,0.8738619685173035,4.817298412322998,0.75
Adhesion,2.0,test,16,6,0.8872586488723755,4.817447662353516,0.75
Adhesion,2.0,test,16,6,0.8899462819099426,4.8266472816467285,0.75
Adhesion,2.0,test,16,6,0.8904063701629639,4.833904266357422,0.75
Adhesion,2.0,test,18,8,0.7650523781776428,4.874332427978516,0.8888888955116272
Adhesion,2.0,test,18,8,0.7632225751876831,4.912524700164795,0.8888888955116272
Adhesion,2.0,test,18,8,0.7821338176727295,4.887019157409668,0.8888888955116272
Adhesion,2.0,test,18,8,0.7977597713470459,4.890994071960449,0.8888888955116272
Adhesion,2.0,test,22,12,0.6157745718955994,4.906187534332275,1.0909091234207153
Adhesion,2.0,test,22,11,0.6359166502952576,4.94200325012207,1.0
Adhesion,2.0,test,24,12,0.5982690453529358,4.918804168701172,1.0
Adhesion,2.0,test,24,12,0.6450575590133667,4.913505554199219,1.0
Adhesion,2.0,test,24,12,0.6858323216438293,4.920080184936523,1.0
Adhesion,2.0,test,28,16,0.5792384743690491,4.859158992767334,1.1428571939468384
Adhesion,2.0,test,28,14,0.6217566728591919,4.913139343261719,1.0
Adhesion,2.0,test,28,14,0.6711211800575256,4.919065952301025,1.0
Adhesion,2.0,test,32,16,0.5877412557601929,4.935507774353027,1.0
Adhesion,2.0,test,32,16,0.6466144323348999,4.914691925048828,1.0
Adhesion,2.0,test,32,16,0.6950258016586304,4.914521217346191,1.0
Adhesion,2.0,test,32,16,0.7302188873291016,4.914453506469727,1.0
Adhesion,2.0,test,32,16,0.7590311169624329,4.916118621826172,1.0
Adhesion,2.0,test,32,16,0.786573052406311,4.9155049324035645,1.0
Adhesion,2.0,test,32,16,0.8132097721099854,4.906878471374512,1.0
Adhesion,2.0,test,32,16,0.8372187614440918,4.8973774909973145,1.0
Adhesion,2.0,test,32,16,0.8502746820449829,4.897632598876953,1.0
Adhesion,2.0,test,32,16,0.863089919090271,4.897154808044434,1.0
Adhesion,2.0,test,32,16,0.8659660220146179,4.902592658996582,1.0
Adhesion,2.0,test,32,16,0.8664194345474243,4.908663272857666,1.0
Adhesion,2.0,test,36,20,0.7390718460083008,4.864147663116455,1.1111111640930176
Adhesion,2.0,test,36,18,0.7438579201698303,4.912383079528809,1.0
Adhesion,2.0,test,36,18,0.7659509181976318,4.908361434936523,1.0
Adhesion,2.0,test,36,18,0.7808807492256165,4.914779186248779,1.0
Adhesion,2.0,test,44,26,0.5962283611297607,4.850101947784424,1.1818181276321411
Adhesion,2.0,test,44,24,0.6201638579368591,4.859257221221924,1.0909091234207153
Adhesion,2.0,test,48,28,0.5801119804382324,4.82265043258667,1.1666666269302368
Adhesion,2.0,test,48,28,0.6227759718894958,4.8018693923950195,1.1666666269302368
Adhesion,2.0,test,48,28,0.6627112030982971,4.798811435699463,1.1666666269302368
Adhesion,2.0,test,56,36,0.5584266781806946,4.7722907066345215,1.2857142686843872
Adhesion,2.0,test,56,36,0.5972949266433716,4.756096363067627,1.2857142686843872
Adhesion,2.0,test,56,36,0.6416350603103638,4.738171577453613,1.2857142686843872
Adhesion,2.0,test,64,44,0.5562762022018433,4.727287292480469,1.375
Adhesion,2.0,test,64,44,0.6093704104423523,4.692657947540283,1.375
Adhesion,2.0,test,64,44,0.6579447388648987,4.688206672668457,1.375
Adhesion,2.0,test,64,44,0.6961593627929688,4.703752517700195,1.375
Adhesion,2.0,test,64,43,0.7284852862358093,4.7292561531066895,1.34375
Adhesion,2.0,test,64,43,0.7595775723457336,4.751426696777344,1.34375
Adhesion,2.0,test,64,43,0.7889550924301147,4.767055988311768,1.34375
Adhesion,2.0,test,64,42,0.8160462975502014,4.782831192016602,1.3125
Adhesion,2.0,test,64,42,0.8318544626235962,4.80529260635376,1.3125
Adhesion,2.0,test,64,41,0.8474593758583069,4.825261116027832,1.28125
Adhesion,2.0,test,64,41,0.8525196313858032,4.8486480712890625,1.28125
Adhesion,2.0,test,64,41,0.8544305562973022,4.869112968444824,1.28125
Adhesion,2.0,test,72,49,0.7285397052764893,4.8533172607421875,1.3611111640930176
Adhesion,2.0,test,72,49,0.7319247722625732,4.8546223640441895,1.3611111640930176
Adhesion,2.0,test,72,49,0.748227596282959,4.840047359466553,1.3611111640930176
Adhesion,2.0,test,72,49,0.7634751796722412,4.844535827636719,1.3611111640930176
Adhesion,2.0,test,88,64,0.5815693140029907,4.791128158569336,1.454545497894287
Adhesion,2.0,test,88,63,0.6043421030044556,4.7740159034729,1.4318181276321411
Adhesion,2.0,test,96,70,0.5617082118988037,4.725802898406982,1.4583333730697632
Adhesion,2.0,test,96,70,0.6039862632751465,4.707947254180908,1.4583333730697632
Adhesion,2.0,test,6,9,0.8660253882408142,3.722419500350952,3.0
Adhesion,2.0,test,6,0,0.9318711161613464,4.288926601409912,0.0
Adhesion,2.0,test,6,0,0.9400224685668945,4.222879886627197,0.0
Adhesion,2.0,test,6,0,0.939960241317749,4.200681209564209,0.0
Adhesion,2.0,test,6,0,0.9400100708007812,4.193497180938721,0.0
Adhesion,2.0,test,6,0,0.940077006816864,4.191214561462402,0.0
Adhesion,2.0,test,6,0,0.9401354789733887,4.190474033355713,0.0
Adhesion,2.0,test,6,0,0.9400152564048767,4.190075397491455,0.0
Adhesion,2.0,test,6,0,0.939993143081665,4.189243793487549,0.0
Adhesion,2.0,test,6,0,0.940008819103241,4.189052104949951,0.0
Adhesion,2.0,test,7,1,0.7603617906570435,4.384357929229736,0.2857142984867096
Adhesion,2.0,test,7,1,0.7765759229660034,4.3559651374816895,0.2857142984867096
Adhesion,2.0,test,7,1,0.7991412878036499,4.338053226470947,0.2857142984867096
Adhesion,2.0,test,8,1,0.7083581686019897,4.44198751449585,0.25
Adhesion,2.0,test,9,1,0.6376997828483582,4.526795864105225,0.2222222238779068
Adhesion,2.0,test,11,1,0.5375538468360901,4.637928009033203,0.1818181872367859
Adhesion,2.0,test,12,2,0.5232181549072266,4.7138237953186035,0.3333333432674408
Adhesion,2.0,test,12,2,0.580893337726593,4.681844234466553,0.3333333432674408
Adhesion,2.0,test,12,2,0.636781632900238,4.680949687957764,0.3333333432674408
Adhesion,2.0,test,12,2,0.6907365918159485,4.6830220222473145,0.3333333432674408
Adhesion,2.0,test,12,2,0.7402632832527161,4.687361240386963,0.3333333432674408
Adhesion,2.0,test,12,2,0.7841361165046692,4.692695140838623,0.3333333432674408
Adhesion,2.0,test,12,2,0.8276023268699646,4.694608688354492,0.3333333432674408
Adhesion,2.0,test,12,2,0.864321768283844,4.694797515869141,0.3333333432674408
Adhesion,2.0,test,12,2,0.8947928547859192,4.694072246551514,0.3333333432674408
Adhesion,2.0,test,12,2,0.909720242023468,4.692817211151123,0.3333333432674408
Adhesion,2.0,test,12,2,0.9134988188743591,4.697201251983643,0.3333333432674408
Adhesion,2.0,test,12,2,0.9137570261955261,4.701927661895752,0.3333333432674408
Adhesion,2.0,test,12,2,0.9138922691345215,4.704400539398193,0.3333333432674408
Adhesion,2.0,test,12,2,0.9139666557312012,4.70574951171875,0.3333333432674408
Adhesion,2.0,test,12,2,0.914009153842926,4.706510543823242,0.3333333432674408
Adhesion,2.0,test,12,2,0.9140341281890869,4.706951141357422,0.3333333432674408
Adhesion,2.0,test,12,2,0.9140493273735046,4.707211017608643,0.3333333432674408
Adhesion,2.0,test,12,2,0.9140586853027344,4.707367420196533,0.3333333432674408
Adhesion,2.0,test,14,4,0.7332257032394409,4.703971862792969,0.5714285969734192
Adhesion,2.0,test,14,3,0.7543579339981079,4.717574119567871,0.4285714328289032
Adhesion,2.0,test,14,3,0.7820904850959778,4.717929363250732,0.4285714328289032
Adhesion,2.0,test,16,5,0.6615469455718994,4.8437323570251465,0.625
Adhesion,2.0,test,18,7,0.5814034938812256,4.887674808502197,0.7777777910232544
Adhesion,2.0,test,22,11,0.45409223437309265,4.985142707824707,1.0
Adhesion,2.0,test,24,13,0.4485323429107666,4.902408123016357,1.0833333730697632
Adhesion,2.0,test,24,12,0.5188925862312317,4.877854347229004,1.0
Adhesion,2.0,test,24,12,0.5815023183822632,4.878126621246338,1.0
Adhesion,2.0,test,24,12,0.639255702495575,4.878650665283203,1.0
Adhesion,2.0,test,24,12,0.6917638778686523,4.878671646118164,1.0
Adhesion,2.0,test,24,12,0.7380632758140564,4.879103660583496,1.0
Adhesion,2.0,test,24,12,0.7833746075630188,4.8743367195129395,1.0
Adhesion,2.0,test,24,12,0.8214723467826843,4.8763813972473145,1.0
Adhesion,2.0,test,24,12,0.8531122803688049,4.880970478057861,1.0
Adhesion,2.0,test,24,12,0.8687260746955872,4.897949695587158,1.0
Adhesion,2.0,test,24,12,0.8733227849006653,4.917569637298584,1.0
Adhesion,2.0,test,24,12,0.8742418885231018,4.933145046234131,1.0
Adhesion,2.0,test,24,12,0.8748785853385925,4.943899154663086,1.0
Adhesion,2.0,test,24,12,0.8753462433815002,4.95177698135376,1.0
Adhesion,2.0,test,24,12,0.8757050633430481,4.957820892333984,1.0
Adhesion,2.0,test,24,12,0.8759881854057312,4.962612152099609,1.0
Adhesion,2.0,test,24,12,0.876217782497406,4.966515064239502,1.0
Adhesion,2.0,test,24,12,0.8764081001281738,4.969765663146973,1.0
Adhesion,2.0,test,28,16,0.7005614638328552,4.939382076263428,1.1428571939468384
Adhesion,2.0,test,28,16,0.7171487212181091,4.8905510902404785,1.1428571939468384
Adhesion,2.0,test,28,16,0.7361114621162415,4.866164684295654,1.1428571939468384
Adhesion,2.0,test,32,18,0.6238369941711426,4.8694844245910645,1.125
Adhesion,2.0,test,36,22,0.5516228675842285,4.8434319496154785,1.2222222089767456
Adhesion,2.0,test,44,26,0.4354887902736664,4.850885391235352,1.1818181276321411
Adhesion,2.0,test,48,28,0.43605759739875793,4.835108280181885,1.1666666269302368
Adhesion,2.0,test,48,28,0.5029986500740051,4.818148136138916,1.1666666269302368
Adhesion,2.0,test,48,28,0.5629720091819763,4.816051959991455,1.1666666269302368
Adhesion,2.0,test,48,28,0.6205374598503113,4.814241886138916,1.1666666269302368
Adhesion,2.0,test,48,28,0.6733444333076477,4.815035343170166,1.1666666269302368
Adhesion,2.0,test,48,28,0.7199952006340027,4.8135151863098145,1.1666666269302368
Adhesion,2.0,test,48,28,0.7655897736549377,4.807949066162109,1.1666666269302368
Adhesion,2.0,test,48,28,0.8039278984069824,4.8094482421875,1.1666666269302368
Adhesion,2.0,test,48,28,0.8355997204780579,4.813456058502197,1.1666666269302368
Adhesion,2.0,test,48,28,0.8514573574066162,4.8301262855529785,1.1666666269302368
Adhesion,2.0,test,48,28,0.8566127419471741,4.852257251739502,1.1666666269302368
Adhesion,2.0,test,48,27,0.8591541647911072,4.873554706573486,1.125
Adhesion,2.0,test,48,27,0.8607571721076965,4.889986038208008,1.125
Adhesion,2.0,test,48,27,0.8620846271514893,4.904942035675049,1.125
Adhesion,2.0,test,48,27,0.8632635474205017,4.918460369110107,1.125
Adhesion,2.0,test,48,27,0.8642318844795227,4.9304094314575195,1.125
Adhesion,2.0,test,48,27,0.8650720715522766,4.940939426422119,1.125
Adhesion,2.0,test,48,27,0.8658115863800049,4.9504780769348145,1.125
Adhesion,2.0,test,56,35,0.6931831240653992,4.89961576461792,1.25
Adhesion,2.0,test,56,34,0.7123661041259766,4.877771854400635,1.2142857313156128
Adhesion,2.0,test,56,34,0.7318100333213806,4.8669352531433105,1.2142857313156128
Adhesion,2.0,test,64,42,0.6182396411895752,4.8291754722595215,1.3125
Adhesion,2.0,test,72,50,0.5408602952957153,4.783973693847656,1.3888888359069824
Adhesion,2.0,test,88,66,0.41878315806388855,4.7260236740112305,1.5
Adhesion,2.0,test,96,74,0.4078286588191986,4.643600940704346,1.5416666269302368
Adhesion,2.0,test,96,73,0.4703127443790436,4.606626510620117,1.5208333730697632
Adhesion,2.0,test,96,72,0.5300365090370178,4.594822883605957,1.5
Adhesion,2.0,test,96,71,0.5881170630455017,4.5923285484313965,1.4791666269302368
DeformationEnergy,1.0,train,6,9,0.8660253882408142,3.722419500350952,3.0
DeformationEnergy,1.0,train,6,9,0.6031600832939148,3.794801712036133,3.0
DeformationEnergy,1.0,train,9,15,0.33203786611557007,3.903641700744629,3.3333332538604736
DeformationEnergy,1.0,train,10,17,0.3094927668571472,3.9013679027557373,3.4000000953674316
DeformationEnergy,1.0,train,12,21,0.3036153018474579,3.9723119735717773,3.5
DeformationEnergy,1.0,train,12,21,0.4336848556995392,3.8784236907958984,3.5
DeformationEnergy,1.0,train,16,29,0.3136606812477112,3.904970645904541,3.625
DeformationEnergy,1.0,train,18,34,0.3147753179073334,3.9318525791168213,3.777777671813965
DeformationEnergy,1.0,train,21,40,0.2864079177379608,3.920259475708008,3.809523820877075
DeformationEnergy,1.0,train,22,42,0.3550158441066742,3.9047112464904785,3.8181817531585693
DeformationEnergy,1.0,train,28,57,0.28247734904289246,3.9505386352539062,4.0714287757873535
DeformationEnergy,1.0,train,29,59,0.32712650299072266,3.9426674842834473,4.068965435028076
DeformationEnergy,1.0,train,34,70,0.29654985666275024,3.9483134746551514,4.117647171020508
DeformationEnergy,1.0,train,36,74,0.3286155164241791,4.020522117614746,4.111111164093018
DeformationEnergy,1.0,train,40,84,0.29426151514053345,3.9646759033203125,4.199999809265137
DeformationEnergy,1.0,train,38,80,0.3580501079559326,3.895888090133667,4.210526466369629
DeformationEnergy,1.0,train,47,102,0.294371634721756,3.92551851272583,4.340425491333008
DeformationEnergy,1.0,train,48,104,0.3351086676120758,3.9096317291259766,4.333333492279053
DeformationEnergy,1.0,train,58,130,0.29297584295272827,3.967085838317871,4.482758522033691
DeformationEnergy,1.0,train,59,132,0.3130105435848236,3.926880359649658,4.474576473236084
DeformationEnergy,1.0,train,70,161,0.27975115180015564,3.9348912239074707,4.599999904632568
DeformationEnergy,1.0,train,74,171,0.2932766377925873,3.9451074600219727,4.621621608734131
DeformationEnergy,1.0,train,77,177,0.29696717858314514,3.943448066711426,4.597402572631836
DeformationEnergy,1.0,train,75,175,0.3453844487667084,3.9130825996398926,4.666666507720947
DeformationEnergy,1.0,train,85,206,0.3238948583602905,3.92159104347229,4.8470587730407715
DeformationEnergy,1.0,train,91,225,0.32554861903190613,3.9381840229034424,4.94505500793457
DeformationEnergy,1.0,train,101,245,0.2949039041996002,3.901914119720459,4.851485252380371
DeformationEnergy,1.0,train,101,247,0.3177035450935364,3.9038140773773193,4.891088962554932
DeformationEnergy,1.0,train,111,274,0.31059300899505615,3.954840660095215,4.936936855316162
DeformationEnergy,1.0,train,120,299,0.3085830509662628,3.962407350540161,4.983333110809326
DeformationEnergy,1.0,train,129,320,0.28817811608314514,3.9490482807159424,4.961240291595459
DeformationEnergy,1.0,train,131,324,0.29205524921417236,3.949345588684082,4.946564674377441
DeformationEnergy,1.0,train,138,343,0.2867065668106079,3.9681174755096436,4.971014499664307
DeformationEnergy,1.0,train,136,340,0.3128660023212433,3.979562759399414,5.0
DeformationEnergy,1.0,train,150,381,0.28843313455581665,3.9808781147003174,5.079999923706055
DeformationEnergy,1.0,train,148,375,0.29963231086730957,3.9680564403533936,5.067567348480225
DeformationEnergy,1.0,train,156,393,0.2804564833641052,3.9747474193573,5.038461685180664
DeformationEnergy,1.0,train,148,374,0.3078238070011139,3.9322690963745117,5.054054260253906
DeformationEnergy,1.0,train,163,414,0.2821423411369324,3.954759120941162,5.079754829406738
DeformationEnergy,1.0,train,147,371,0.31364598870277405,3.930263042449951,5.047618865966797
DeformationEnergy,1.0,train,155,387,0.2964835464954376,3.9599246978759766,4.993548393249512
DeformationEnergy,1.0,train,152,382,0.3159678876399994,3.974047899246216,5.026315689086914
DeformationEnergy,1.0,train,155,391,0.31741392612457275,3.9263365268707275,5.045161247253418
DeformationEnergy,1.0,train,150,377,0.33333438634872437,3.944638252258301,5.026666641235352
DeformationEnergy,1.0,train,154,390,0.3198283314704895,3.9674770832061768,5.064935207366943
DeformationEnergy,1.0,train,153,389,0.3254750967025757,3.964693784713745,5.084967136383057
DeformationEnergy,1.0,train,155,394,0.32883980870246887,3.9669225215911865,5.083870887756348
DeformationEnergy,1.0,train,152,389,0.339908242225647,3.9631412029266357,5.1184210777282715
DeformationEnergy,1.0,train,156,399,0.3285420835018158,3.927443265914917,5.115384578704834
DeformationEnergy,1.0,train,151,381,0.3438401520252228,3.9345436096191406,5.04635763168335
DeformationEnergy,1.0,train,154,385,0.33585411310195923,3.9309017658233643,5.0
DeformationEnergy,1.0,train,146,361,0.35255929827690125,3.952336549758911,4.9452056884765625
DeformationEnergy,1.0,train,152,374,0.3338043987751007,3.9884538650512695,4.9210524559021
DeformationEnergy,1.0,train,144,353,0.353721559047699,3.9519357681274414,4.902777671813965
DeformationEnergy,1.0,train,142,351,0.35328543186187744,3.9446074962615967,4.943662166595459
DeformationEnergy,1.0,train,136,339,0.36960288882255554,3.9397408962249756,4.985294342041016
DeformationEnergy,1.0,train,140,350,0.3581406772136688,3.9394004344940186,5.0
DeformationEnergy,1.0,train,137,343,0.36724114418029785,3.976492166519165,5.007299423217773
DeformationEnergy,1.0,train,132,332,0.38302138447761536,3.9339821338653564,5.030303001403809
DeformationEnergy,1.0,train,134,339,0.3759135603904724,3.9275918006896973,5.059701442718506
DeformationEnergy,1.0,train,132,329,0.3791465759277344,3.9277477264404297,4.984848499298096
DeformationEnergy,1.0,train,131,327,0.38355329632759094,3.9233827590942383,4.992366313934326
DeformationEnergy,1.0,train,130,324,0.3890899419784546,3.9182424545288086,4.984615325927734
DeformationEnergy,1.0,train,132,330,0.3843333125114441,3.916447877883911,5.0
DeformationEnergy,1.0,train,132,328,0.38090166449546814,3.9598019123077393,4.969696998596191
DeformationEnergy,1.0,train,129,321,0.3870488703250885,3.9462199211120605,4.976744174957275
DeformationEnergy,1.0,train,129,319,0.38732674717903137,3.9311845302581787,4.945736408233643
DeformationEnergy,1.0,train,140,349,0.35739240050315857,3.9551138877868652,4.985714435577393
DeformationEnergy,1.0,train,133,329,0.37985777854919434,3.932919979095459,4.947368621826172
DeformationEnergy,1.0,train,128,317,0.39632904529571533,3.9275710582733154,4.953125
DeformationEnergy,1.0,train,128,316,0.39319467544555664,3.9715182781219482,4.9375
DeformationEnergy,1.0,train,129,319,0.3879130184650421,3.938568592071533,4.945736408233643
DeformationEnergy,1.0,train,130,319,0.3792075514793396,3.9675259590148926,4.9076924324035645
DeformationEnergy,1.0,train,123,303,0.40585362911224365,3.9284451007843018,4.9268293380737305
DeformationEnergy,1.0,train,121,297,0.41386038064956665,3.9414143562316895,4.909090995788574
DeformationEnergy,1.0,train,124,304,0.4002784490585327,3.9394638538360596,4.903225898742676
DeformationEnergy,1.0,train,127,312,0.3900883197784424,3.927610158920288,4.91338586807251
DeformationEnergy,1.0,train,125,307,0.39479148387908936,3.9372897148132324,4.9120001792907715
DeformationEnergy,1.0,train,120,294,0.41125625371932983,3.924192190170288,4.900000095367432
DeformationEnergy,1.0,train,119,291,0.41703400015830994,3.9515483379364014,4.890756130218506
DeformationEnergy,1.0,train,118,289,0.42247098684310913,3.9449799060821533,4.8983049392700195
DeformationEnergy,1.0,train,120,296,0.4142369329929352,3.95784330368042,4.933333396911621
DeformationEnergy,1.0,train,111,274,0.44633105397224426,3.9123213291168213,4.936936855316162
DeformationEnergy,1.0,train,113,278,0.4349910020828247,3.9149832725524902,4.920353889465332
DeformationEnergy,1.0,train,114,281,0.4268578588962555,3.918497085571289,4.929824352264404
DeformationEnergy,1.0,train,112,275,0.4328025281429291,3.9174766540527344,4.910714149475098
DeformationEnergy,1.0,train,112,275,0.43387576937675476,3.924804449081421,4.910714149475098
DeformationEnergy,1.0,train,110,271,0.4427660405635834,3.9155619144439697,4.927272796630859
DeformationEnergy,1.0,train,110,271,0.4438720643520355,3.9177770614624023,4.927272796630859
DeformationEnergy,1.0,train,112,277,0.434469074010849,3.968639850616455,4.9464287757873535
DeformationEnergy,1.0,train,108,267,0.44911378622055054,3.9145541191101074,4.94444465637207
DeformationEnergy,1.0,train,107,265,0.45155438780784607,3.9323718547821045,4.95327091217041
DeformationEnergy,1.0,train,107,264,0.4516547620296478,3.919651985168457,4.934579372406006
DeformationEnergy,1.0,train,109,270,0.44112318754196167,3.9068591594696045,4.954128265380859
DeformationEnergy,1.0,train,106,261,0.4531630873680115,3.9074923992156982,4.924528121948242
DeformationEnergy,1.0,train,104,256,0.46405521035194397,3.9028537273406982,4.92307710647583
DeformationEnergy,1.0,train,105,257,0.4598967134952545,3.9221129417419434,4.895237922668457
DeformationEnergy,1.0,train,105,259,0.4598672091960907,3.9124093055725098,4.933333396911621
DeformationEnergy,1.0,train,107,264,0.44923266768455505,3.95510196685791,4.934579372406006
DeformationEnergy,1.0,train,107,264,0.44711652398109436,3.9154207706451416,4.934579372406006
DeformationEnergy,1.0,train,7,11,0.5628299713134766,3.7955996990203857,3.142857074737549
DeformationEnergy,1.0,train,9,13,0.30697858333587646,3.883314371109009,2.8888888359069824
DeformationEnergy,1.0,train,7,11,0.4688779413700104,3.908217191696167,3.142857074737549
DeformationEnergy,1.0,train,8,13,0.4657841920852661,3.9243459701538086,3.25
DeformationEnergy,1.0,train,12,21,0.24545596539974213,3.925666093826294,3.5
DeformationEnergy,1.0,train,14,25,0.23912060260772705,3.941838026046753,3.5714285373687744
DeformationEnergy,1.0,train,9,15,0.5078079700469971,3.8866212368011475,3.3333332538604736
DeformationEnergy,1.0,train,11,19,0.44197559356689453,3.9819047451019287,3.454545497894287
DeformationEnergy,1.0,train,17,32,0.2000102549791336,4.005076885223389,3.7647058963775635
DeformationEnergy,1.0,train,17,32,0.2325686514377594,4.149517059326172,3.7647058963775635
DeformationEnergy,1.0,train,16,30,0.35373586416244507,4.044665813446045,3.75
DeformationEnergy,1.0,train,18,34,0.3701169192790985,4.062295436859131,3.777777671813965
DeformationEnergy,1.0,train,24,47,0.25253719091415405,4.021577835083008,3.9166667461395264
DeformationEnergy,1.0,train,24,47,0.29617318511009216,3.980285406112671,3.9166667461395264
DeformationEnergy,1.0,train,26,51,0.3301193118095398,4.0366315841674805,3.923076868057251
DeformationEnergy,1.0,train,29,59,0.3298642933368683,4.060121536254883,4.068965435028076
DeformationEnergy,1.0,train,34,71,0.26522549986839294,3.9903407096862793,4.176470756530762
DeformationEnergy,1.0,train,35,72,0.26781949400901794,4.000760078430176,4.114285945892334
DeformationEnergy,1.0,train,36,73,0.29445910453796387,4.019880294799805,4.05555534362793
DeformationEnergy,1.0,train,37,76,0.3116982877254486,3.9966933727264404,4.108108043670654
DeformationEnergy,1.0,train,40,84,0.2657727599143982,4.058600425720215,4.199999809265137
DeformationEnergy,1.0,train,40,84,0.2933439314365387,4.042595863342285,4.199999809265137
DeformationEnergy,1.0,train,44,92,0.2694145143032074,4.015902996063232,4.181818008422852
DeformationEnergy,1.0,train,41,85,0.3268027901649475,4.031852722167969,4.146341323852539
DeformationEnergy,1.0,train,46,101,0.2946856915950775,3.9721696376800537,4.3913044929504395
DeformationEnergy,1.0,train,49,108,0.2899142801761627,4.073653221130371,4.408163070678711
DeformationEnergy,1.0,train,52,115,0.28653019666671753,4.029844284057617,4.42307710647583
DeformationEnergy,1.0,train,52,116,0.3182966411113739,4.008374214172363,4.461538314819336
DeformationEnergy,1.0,train,59,136,0.2961752712726593,3.9950742721557617,4.610169410705566
DeformationEnergy,1.0,train,63,146,0.3052060604095459,3.9629464149475098,4.634920597076416
DeformationEnergy,1.0,train,69,163,0.30396002531051636,3.949087381362915,4.724637508392334
DeformationEnergy,1.0,train,72,170,0.32661211490631104,3.9832611083984375,4.722222328186035
DeformationEnergy,1.0,train,78,186,0.32388225197792053,3.94207763671875,4.769230842590332
DeformationEnergy,1.0,train,84,203,0.3259664475917816,3.932986259460449,4.833333492279053
DeformationEnergy,1.0,train,93,226,0.30857667326927185,3.938098430633545,4.860215187072754
DeformationEnergy,1.0,train,100,242,0.30025753378868103,3.987600803375244,4.840000152587891
DeformationEnergy,1.0,train,105,254,0.28571969270706177,3.9980087280273438,4.838095188140869
DeformationEnergy,1.0,train,104,252,0.2967210114002228,3.9906163215637207,4.846153736114502
DeformationEnergy,1.0,train,113,278,0.2851826250553131,3.9452364444732666,4.920353889465332
DeformationEnergy,1.0,train,114,280,0.301425576210022,3.966643810272217,4.912280559539795
DeformationEnergy,1.0,train,120,294,0.2900676131248474,4.0195112228393555,4.900000095367432
DeformationEnergy,1.0,train,120,294,0.2903953790664673,3.9533095359802246,4.900000095367432
DeformationEnergy,1.0,train,130,324,0.2741985619068146,4.000142574310303,4.984615325927734
DeformationEnergy,1.0,train,126,313,0.2957548201084137,3.9998786449432373,4.968254089355469
DeformationEnergy,1.0,train,128,319,0.3012806177139282,3.9597690105438232,4.984375
DeformationEnergy,1.0,train,122,307,0.32219448685646057,3.9455924034118652,5.032786846160889
DeformationEnergy,1.0,train,128,322,0.30713945627212524,3.9412379264831543,5.03125
DeformationEnergy,1.0,train,126,315,0.32472512125968933,3.9626243114471436,5.0
DeformationEnergy,1.0,train,130,324,0.31393519043922424,3.996556282043457,4.984615325927734
DeformationEnergy,1.0,train,125,314,0.32535597681999207,3.9651126861572266,5.02400016784668
DeformationEnergy,1.0,train,126,315,0.3220929801464081,3.9457781314849854,5.0
DeformationEnergy,1.0,train,123,308,0.34283584356307983,3.955658435821533,5.008130073547363
DeformationEnergy,1.0,train,124,311,0.34579998254776,3.9446780681610107,5.016129016876221
DeformationEnergy,1.0,train,122,304,0.3493209481239319,3.9683566093444824,4.983606338500977
DeformationEnergy,1.0,train,130,324,0.3241433799266815,4.005863189697266,4.984615325927734
DeformationEnergy,1.0,train,127,316,0.3328280746936798,3.958897352218628,4.976377964019775
DeformationEnergy,1.0,train,125,311,0.3370140492916107,4.075949668884277,4.97599983215332
DeformationEnergy,1.0,train,121,301,0.348195344209671,3.9820120334625244,4.97520637512207
DeformationEnergy,1.0,train,124,308,0.3367667496204376,3.9682531356811523,4.967741966247559
DeformationEnergy,1.0,train,125,311,0.33816638588905334,3.9958231449127197,4.97599983215332
DeformationEnergy,1.0,train,128,318,0.3309936821460724,4.008482933044434,4.96875
DeformationEnergy,1.0,train,125,309,0.33948856592178345,3.9928672313690186,4.943999767303467
DeformationEnergy,1.0,train,121,301,0.34621453285217285,3.9962873458862305,4.97520637512207
DeformationEnergy,1.0,train,119,296,0.3525685667991638,3.993175745010376,4.974790096282959
DeformationEnergy,1.0,train,117,289,0.3581302762031555,3.9871294498443604,4.940170764923096
DeformationEnergy,1.0,train,116,285,0.3624831438064575,4.0006585121154785,4.913793087005615
DeformationEnergy,1.0,train,113,277,0.3688954710960388,3.959710121154785,4.902654647827148
DeformationEnergy,1.0,train,113,278,0.36932238936424255,3.9859912395477295,4.920353889465332
DeformationEnergy,1.0,train,110,272,0.38116776943206787,3.9518377780914307,4.9454545974731445
DeformationEnergy,1.0,train,114,281,0.36688104271888733,3.954011917114258,4.929824352264404
DeformationEnergy,1.0,train,115,283,0.35918837785720825,3.981257915496826,4.921739101409912
DeformationEnergy,1.0,train,111,275,0.37370264530181885,3.964040756225586,4.954955101013184
DeformationEnergy,1.0,train,109,267,0.3774304986000061,3.951178550720215,4.899082660675049
DeformationEnergy,1.0,train,118,291,0.3465801477432251,3.992544412612915,4.93220329284668
DeformationEnergy,1.0,train,106,260,0.3870790898799896,3.947323799133301,4.905660152435303
DeformationEnergy,1.0,train,104,255,0.3957771062850952,3.9570119380950928,4.903846263885498
DeformationEnergy,1.0,train,105,259,0.3962543308734894,3.9428327083587646,4.933333396911621
DeformationEnergy,1.0,train,107,262,0.3888353407382965,3.9879531860351562,4.897196292877197
DeformationEnergy,1.0,train,101,248,0.4067766070365906,3.95192813873291,4.910891056060791
DeformationEnergy,1.0,train,108,265,0.37904492020606995,3.962916851043701,4.907407283782959
DeformationEnergy,1.0,train,104,255,0.3943790793418884,3.958509683609009,4.903846263885498
DeformationEnergy,1.0,train,103,254,0.399723082780838,3.9428584575653076,4.9320387840271
DeformationEnergy,1.0,train,104,258,0.39672353863716125,3.9529664516448975,4.961538314819336
DeformationEnergy,1.0,train,106,261,0.38425198197364807,3.978846311569214,4.924528121948242
DeformationEnergy,1.0,train,111,274,0.36397096514701843,3.9798474311828613,4.936936855316162
DeformationEnergy,1.0,train,110,271,0.36721017956733704,3.971092939376831,4.927272796630859
DeformationEnergy,1.0,train,109,268,0.3744620978832245,3.9726614952087402,4.917431354522705
DeformationEnergy,1.0,train,106,260,0.3872862458229065,3.9477741718292236,4.905660152435303
DeformationEnergy,1.0,train,108,267,0.3843585252761841,3.9554169178009033,4.94444465637207
DeformationEnergy,1.0,train,109,266,0.3775724470615387,3.9797873497009277,4.880733966827393
DeformationEnergy,1.0,train,107,260,0.38278713822364807,3.9783403873443604,4.859813213348389
DeformationEnergy,1.0,train,107,260,0.38107728958129883,3.987194776535034,4.859813213348389
DeformationEnergy,1.0,train,107,261,0.3859289884567261,3.972153663635254,4.878504753112793
DeformationEnergy,1.0,train,103,250,0.39906996488571167,3.990943431854248,4.854369163513184
DeformationEnergy,1.0,train,100,244,0.41533565521240234,3.9399619102478027,4.880000114440918
DeformationEnergy,1.0,train,102,249,0.40679478645324707,3.9299466609954834,4.882352828979492
DeformationEnergy,1.0,train,100,243,0.412932425737381,3.9377853870391846,4.860000133514404
DeformationEnergy,1.0,train,103,251,0.4029712378978729,3.9588093757629395,4.873786449432373
DeformationEnergy,1.0,train,104,253,0.3989792466163635,3.9538803100585938,4.865384578704834
DeformationEnergy,1.0,train,100,243,0.4186251759529114,3.9754552841186523,4.860000133514404
DeformationEnergy,1.0,train,6,9,0.6422625780105591,3.766718626022339,3.0
DeformationEnergy,1.0,train,6,9,0.6079571843147278,3.8119280338287354,3.0
DeformationEnergy,1.0,train,11,19,0.250830739736557,3.910665988922119,3.454545497894287
DeformationEnergy,1.0,train,12,21,0.24436408281326294,3.8932430744171143,3.5
DeformationEnergy,1.0,train,12,21,0.403887003660202,3.894094705581665,3.5
DeformationEnergy,1.0,train,12,21,0.4776001274585724,3.8890674114227295,3.5
DeformationEnergy,1.0,train,19,35,0.2636999189853668,3.908221483230591,3.6842105388641357
DeformationEnergy,1.0,train,21,39,0.23915790021419525,3.9379806518554688,3.7142856121063232
DeformationEnergy,1.0,train,21,39,0.36106446385383606,3.903409242630005,3.7142856121063232
DeformationEnergy,1.0,train,21,39,0.40156736969947815,3.8941385746002197,3.7142856121063232
DeformationEnergy,1.0,train,32,65,0.24707168340682983,3.9653828144073486,4.0625
DeformationEnergy,1.0,train,31,63,0.23500008881092072,3.907900810241699,4.064516067504883
DeformationEnergy,1.0,train,33,67,0.32132160663604736,4.001337051391602,4.060606002807617
DeformationEnergy,1.0,train,31,63,0.3996278643608093,3.9126763343811035,4.064516067504883
DeformationEnergy,1.0,train,44,98,0.2849917709827423,3.9569709300994873,4.454545497894287
DeformationEnergy,1.0,train,46,104,0.25864672660827637,3.928290367126465,4.5217390060424805
DeformationEnergy,1.0,train,49,109,0.3062867820262909,3.9133670330047607,4.448979377746582
DeformationEnergy,1.0,train,47,106,0.3593426048755646,3.9013307094573975,4.510638236999512
DeformationEnergy,1.0,train,59,140,0.3209609389305115,3.931398391723633,4.745762825012207
DeformationEnergy,1.0,train,66,158,0.2869854271411896,3.8820302486419678,4.78787899017334
DeformationEnergy,1.0,train,72,170,0.30218154191970825,3.9071409702301025,4.722222328186035
DeformationEnergy,1.0,train,75,177,0.3181345760822296,3.927802801132202,4.71999979019165
DeformationEnergy,1.0,train,86,208,0.31141701340675354,3.911123514175415,4.837209224700928
DeformationEnergy,1.0,train,94,228,0.2892007827758789,3.9331698417663574,4.8510637283325195
DeformationEnergy,1.0,train,99,239,0.29624271392822266,3.9469239711761475,4.828282833099365
DeformationEnergy,1.0,train,95,227,0.32716256380081177,3.9369611740112305,4.778947353363037
DeformationEnergy,1.0,train,103,250,0.3281843960285187,3.942185401916504,4.854369163513184
DeformationEnergy,1.0,train,122,305,0.2859956622123718,3.9135029315948486,5.0
DeformationEnergy,1.0,train,129,320,0.2822686731815338,3.9477474689483643,4.961240291595459
DeformationEnergy,1.0,train,126,311,0.3021765351295471,3.907226324081421,4.936507701873779
DeformationEnergy,1.0,train,131,325,0.3069819509983063,3.9291558265686035,4.961832046508789
DeformationEnergy,1.0,train,144,362,0.2836275100708008,3.9626057147979736,5.027777671813965
DeformationEnergy,1.0,train,145,366,0.3003951609134674,3.932168483734131,5.048275947570801
DeformationEnergy,1.0,train,159,402,0.2752384543418884,3.950861692428589,5.056603908538818
DeformationEnergy,1.0,train,155,391,0.2943838834762573,3.9316647052764893,5.045161247253418
DeformationEnergy,1.0,train,161,407,0.28769975900650024,3.9247865676879883,5.055900573730469
DeformationEnergy,1.0,train,160,404,0.30206379294395447,3.949816942214966,5.050000190734863
DeformationEnergy,1.0,train,165,418,0.2927780747413635,3.989259719848633,5.066666603088379
DeformationEnergy,1.0,train,171,432,0.2885768711566925,3.941929578781128,5.052631378173828
DeformationEnergy,1.0,train,173,438,0.2850509583950043,3.952239751815796,5.063583850860596
DeformationEnergy,1.0,train,163,410,0.3157740831375122,3.934704303741455,5.030674934387207
DeformationEnergy,1.0,train,165,415,0.31557121872901917,3.9517037868499756,5.030303001403809
DeformationEnergy,1.0,train,175,442,0.2976554334163666,3.9322328567504883,5.05142879486084
DeformationEnergy,1.0,train,169,427,0.30231764912605286,3.9287383556365967,5.0532546043396
DeformationEnergy,1.0,train,160,404,0.32775673270225525,3.915661334991455,5.050000190734863
DeformationEnergy,1.0,train,155,392,0.34589770436286926,3.9132039546966553,5.0580644607543945
DeformationEnergy,1.0,train,159,400,0.33427679538726807,3.9458770751953125,5.03144645690918
DeformationEnergy,1.0,train,157,396,0.33846941590309143,3.962770938873291,5.044586181640625
DeformationEnergy,1.0,train,146,366,0.3670848608016968,3.9570505619049072,5.013698577880859
DeformationEnergy,1.0,train,144,362,0.3720757067203522,3.9362614154815674,5.027777671813965
DeformationEnergy,1.0,train,148,370,0.36264872550964355,3.942559242248535,5.0
DeformationEnergy,1.0,train,142,355,0.38007521629333496,3.9154186248779297,5.0
DeformationEnergy,1.0,train,143,356,0.38105523586273193,3.979337215423584,4.979021072387695
DeformationEnergy,1.0,train,139,347,0.3915252685546875,3.919290542602539,4.9928059577941895
DeformationEnergy,1.0,train,138,344,0.3946283459663391,3.9156582355499268,4.985507011413574
DeformationEnergy,1.0,train,144,360,0.3768051564693451,3.9053149223327637,5.0
DeformationEnergy,1.0,train,142,355,0.3839430510997772,3.939788341522217,5.0
DeformationEnergy,1.0,train,139,345,0.3926860988140106,3.9173786640167236,4.964028835296631
DeformationEnergy,1.0,train,141,350,0.3871616721153259,3.9341537952423096,4.964539051055908
DeformationEnergy,1.0,train,141,352,0.38085389137268066,3.9648597240448,4.992908000946045
DeformationEnergy,1.0,train,140,348,0.3821564018726349,3.9443764686584473,4.971428394317627
DeformationEnergy,1.0,train,137,341,0.39495277404785156,3.9542016983032227,4.978102207183838
DeformationEnergy,1.0,train,137,344,0.39515095949172974,3.9623796939849854,5.021897792816162
DeformationEnergy,1.0,train,131,323,0.4056202471256256,3.938180685043335,4.931297779083252
DeformationEnergy,1.0,train,132,325,0.40173014998435974,3.9505128860473633,4.9242424964904785
DeformationEnergy,1.0,train,125,308,0.4239554703235626,3.9169046878814697,4.927999973297119
DeformationEnergy,1.0,train,123,306,0.4303188621997833,3.9234814643859863,4.97560977935791
DeformationEnergy,1.0,train,122,304,0.43053844571113586,3.9229929447174072,4.983606338500977
DeformationEnergy,1.0,train,121,302,0.43537917733192444,3.9029364585876465,4.991735458374023
DeformationEnergy,1.0,train,122,306,0.4353434443473816,3.901132106781006,5.016393661499023
DeformationEnergy,1.0,train,125,314,0.4222191274166107,3.9239561557769775,5.02400016784668
DeformationEnergy,1.0,train,118,292,0.44311434030532837,3.8942928314208984,4.94915246963501
DeformationEnergy,1.0,train,120,298,0.43460533022880554,3.9419312477111816,4.9666666984558105
DeformationEnergy,1.0,train,120,298,0.4329761266708374,3.932213068008423,4.9666666984558105
DeformationEnergy,1.0,train,117,290,0.44185128808021545,3.948895215988159,4.9572649002075195
DeformationEnergy,1.0,train,114,282,0.45265570282936096,3.9038710594177246,4.947368621826172
DeformationEnergy,1.0,train,114,283,0.4538676142692566,3.914689779281616,4.964912414550781
DeformationEnergy,1.0,train,114,282,0.45663294196128845,3.922677755355835,4.947368621826172
DeformationEnergy,1.0,train,108,267,0.4800472855567932,3.919306993484497,4.94444465637207
DeformationEnergy,1.0,train,105,261,0.4888552129268646,3.9047908782958984,4.971428394317627
DeformationEnergy,1.0,train,111,278,0.4589110314846039,3.907837390899658,5.009008884429932
DeformationEnergy,1.0,train,110,273,0.45732977986335754,3.900686264038086,4.96363639831543
DeformationEnergy,1.0,train,108,268,0.46306073665618896,3.9321298599243164,4.962963104248047
DeformationEnergy,1.0,train,104,259,0.4801853597164154,3.9045703411102295,4.980769157409668
DeformationEnergy,1.0,train,105,262,0.47920504212379456,3.904458522796631,4.990476131439209
DeformationEnergy,1.0,train,103,258,0.4896007180213928,3.906219244003296,5.009708881378174
DeformationEnergy,1.0,train,104,259,0.48367249965667725,3.8903086185455322,4.980769157409668
DeformationEnergy,1.0,train,102,254,0.49490368366241455,3.8834450244903564,4.980391979217529
DeformationEnergy,1.0,train,104,259,0.4848821759223938,3.8979508876800537,4.980769157409668
DeformationEnergy,1.0,train,103,255,0.48878946900367737,3.9444591999053955,4.951456546783447
DeformationEnergy,1.0,train,101,251,0.4959641695022583,3.8957760334014893,4.970296859741211
DeformationEnergy,1.0,train,103,257,0.48671266436576843,3.9009945392608643,4.990291118621826
DeformationEnergy,1.0,train,98,242,0.5090439319610596,3.892688751220703,4.938775539398193
DeformationEnergy,1.0,train,96,238,0.520573079586029,3.8744351863861084,4.958333492279053
DeformationEnergy,1.0,train,98,242,0.5087935924530029,3.881559371948242,4.938775539398193
DeformationEnergy,1.0,train,97,240,0.5121557712554932,3.9151082038879395,4.948453426361084
DeformationEnergy,1.0,train,97,240,0.5101997256278992,3.8927230834960938,4.948453426361084
DeformationEnergy,1.0,train,94,233,0.5194077491760254,3.8784401416778564,4.957446575164795
DeformationEnergy,1.0,train,94,233,0.5190545320510864,3.881011962890625,4.957446575164795
DeformationEnergy,1.0,train,94,233,0.5188872218132019,3.8865902423858643,4.957446575164795
DeformationEnergy,2.0,train,6,9,0.8660253882408142,3.722419500350952,3.0
DeformationEnergy,2.0,train,6,9,0.784292459487915,3.7546985149383545,3.0
DeformationEnergy,2.0,train,6,9,0.8047770857810974,3.768623113632202,3.0
DeformationEnergy,2.0,train,9,15,0.494555801153183,3.8813493251800537,3.3333332538604736
DeformationEnergy,2.0,train,10,17,0.5335956811904907,3.912926197052002,3.4000000953674316
DeformationEnergy,2.0,train,12,21,0.5339812636375427,3.8918192386627197,3.5
DeformationEnergy,2.0,train,12,21,0.6479319930076599,3.868173599243164,3.5
DeformationEnergy,2.0,train,12,21,0.757458508014679,3.8610641956329346,3.5
DeformationEnergy,2.0,train,14,27,0.6608890295028687,3.9105377197265625,3.857142925262451
DeformationEnergy,2.0,train,18,36,0.5131903886795044,3.8496546745300293,4.0
DeformationEnergy,2.0,train,20,40,0.5607022047042847,3.8689301013946533,4.0
DeformationEnergy,2.0,train,24,49,0.5489503741264343,3.88169264793396,4.083333492279053
DeformationEnergy,2.0,train,24,49,0.6363756060600281,3.9001047611236572,4.083333492279053
DeformationEnergy,2.0,train,24,49,0.727813720703125,3.9259068965911865,4.083333492279053
DeformationEnergy,2.0,train,29,63,0.6068638563156128,3.935835838317871,4.344827651977539
DeformationEnergy,2.0,train,33,71,0.5462866425514221,3.883962869644165,4.303030490875244
DeformationEnergy,2.0,train,37,81,0.5655054450035095,3.8863072395324707,4.378378391265869
DeformationEnergy,2.0,train,43,99,0.5569693446159363,3.8928322792053223,4.604650974273682
DeformationEnergy,2.0,train,43,99,0.6050815582275391,3.9010720252990723,4.604650974273682
DeformationEnergy,2.0,train,43,100,0.6521452069282532,3.8876686096191406,4.651162624359131
DeformationEnergy,2.0,train,57,137,0.4964289963245392,3.9353744983673096,4.8070173263549805
DeformationEnergy,2.0,train,57,137,0.5128913521766663,3.8831048011779785,4.8070173263549805
DeformationEnergy,2.0,train,73,178,0.4380108118057251,3.9139299392700195,4.876712322235107
DeformationEnergy,2.0,train,73,178,0.4741491973400116,3.9033517837524414,4.876712322235107
DeformationEnergy,2.0,train,73,178,0.4944973886013031,3.918651819229126,4.876712322235107
DeformationEnergy,2.0,train,73,178,0.5085781812667847,3.9188525676727295,4.876712322235107
DeformationEnergy,2.0,train,94,231,0.3931483328342438,3.916714906692505,4.914893627166748
DeformationEnergy,2.0,train,107,266,0.3664252460002899,3.916938543319702,4.9719624519348145
DeformationEnergy,2.0,train,121,308,0.3512352705001831,3.902086019515991,5.090909004211426
DeformationEnergy,2.0,train,121,309,0.3667130470275879,3.893616199493408,5.107438087463379
DeformationEnergy,2.0,train,121,309,0.373546302318573,3.909587860107422,5.107438087463379
DeformationEnergy,2.0,train,121,309,0.37983447313308716,3.9071075916290283,5.107438087463379
DeformationEnergy,2.0,train,151,394,0.304218053817749,3.896263360977173,5.21854305267334
DeformationEnergy,2.0,train,166,433,0.2927473783493042,3.9130806922912598,5.216867446899414
DeformationEnergy,2.0,train,175,453,0.2954787313938141,3.9136223793029785,5.17714262008667
DeformationEnergy,2.0,train,172,445,0.30993059277534485,3.907971143722534,5.1744184494018555
DeformationEnergy,2.0,train,171,443,0.3167673647403717,3.92500638961792,5.181286334991455
DeformationEnergy,2.0,train,168,434,0.3261694312095642,3.9148921966552734,5.166666507720947
DeformationEnergy,2.0,train,197,510,0.2792871594429016,3.933370590209961,5.177664756774902
DeformationEnergy,2.0,train,201,517,0.2844545245170593,3.9279770851135254,5.144278526306152
DeformationEnergy,2.0,train,210,541,0.28031080961227417,3.969494104385376,5.15238094329834
DeformationEnergy,2.0,train,204,525,0.2919600307941437,3.9634575843811035,5.147058963775635
DeformationEnergy,2.0,train,198,512,0.3016635477542877,3.9420008659362793,5.171717166900635
DeformationEnergy,2.0,train,197,507,0.3032344579696655,3.9652013778686523,5.147208213806152
DeformationEnergy,2.0,train,224,580,0.2672443091869354,3.949312210083008,5.1785712242126465
DeformationEnergy,2.0,train,228,587,0.2626608610153198,3.944413661956787,5.149122714996338
DeformationEnergy,2.0,train,225,582,0.2663329541683197,3.91792368888855,5.173333168029785
DeformationEnergy,2.0,train,225,584,0.2664387822151184,3.9354326725006104,5.191111087799072
DeformationEnergy,2.0,train,222,573,0.2701271176338196,3.92110538482666,5.1621623039245605
DeformationEnergy,2.0,train,255,658,0.23515988886356354,3.953803777694702,5.1607842445373535
DeformationEnergy,2.0,train,248,642,0.24174755811691284,3.942657709121704,5.177419185638428
DeformationEnergy,2.0,train,240,618,0.24989181756973267,3.9458937644958496,5.150000095367432
DeformationEnergy,2.0,train,240,618,0.24989165365695953,3.9653666019439697,5.150000095367432
DeformationEnergy,2.0,train,237,612,0.2530066967010498,3.951497793197632,5.164556980133057
DeformationEnergy,2.0,train,233,606,0.25740060210227966,3.9713821411132812,5.201716899871826
DeformationEnergy,2.0,train,246,640,0.24369457364082336,3.9629342555999756,5.203251838684082
DeformationEnergy,2.0,train,241,623,0.24879929423332214,3.990314483642578,5.170124530792236
DeformationEnergy,2.0,train,234,604,0.25637298822402954,3.9511008262634277,5.162393093109131
DeformationEnergy,2.0,train,231,596,0.259647399187088,3.9362871646881104,5.160172939300537
DeformationEnergy,2.0,train,238,613,0.2519429922103882,3.977513074874878,5.1512603759765625
DeformationEnergy,2.0,train,229,588,0.2619177997112274,3.9465596675872803,5.135371208190918
DeformationEnergy,2.0,train,236,599,0.2541825771331787,3.971057415008545,5.076271057128906
DeformationEnergy,2.0,train,231,588,0.2595953941345215,3.9940991401672363,5.090909004211426
DeformationEnergy,2.0,train,217,553,0.27638375759124756,3.9751505851745605,5.096774101257324
DeformationEnergy,2.0,train,222,561,0.2701413035392761,3.96053147315979,5.054054260253906
DeformationEnergy,2.0,train,220,557,0.2725909948348999,3.9491031169891357,5.063636302947998
DeformationEnergy,2.0,train,226,572,0.26537826657295227,3.9599642753601074,5.061946868896484
DeformationEnergy,2.0,train,217,549,0.27642032504081726,3.9677464962005615,5.059907913208008
DeformationEnergy,2.0,train,214,543,0.28034350275993347,3.952672004699707,5.074766159057617
DeformationEnergy,2.0,train,214,546,0.28034189343452454,3.9384231567382812,5.102803707122803
DeformationEnergy,2.0,train,212,540,0.2829728126525879,3.9436893463134766,5.094339847564697
DeformationEnergy,2.0,train,213,543,0.28165704011917114,4.01276969909668,5.098591327667236
DeformationEnergy,2.0,train,211,536,0.2842007577419281,3.966022491455078,5.080568790435791
DeformationEnergy,2.0,train,211,537,0.2843490242958069,3.925889730453491,5.090047359466553
DeformationEnergy,2.0,train,211,537,0.2843489646911621,3.9474363327026367,5.090047359466553
DeformationEnergy,2.0,train,216,550,0.2777458131313324,3.97310209274292,5.092592716217041
DeformationEnergy,2.0,train,215,544,0.2789025604724884,3.9607887268066406,5.060465335845947
DeformationEnergy,2.0,train,215,546,0.2788391411304474,3.951810598373413,5.0790696144104
DeformationEnergy,2.0,train,213,538,0.28164389729499817,3.9458179473876953,5.051643371582031
DeformationEnergy,2.0,train,206,521,0.29122963547706604,3.9268815517425537,5.058252334594727
DeformationEnergy,2.0,train,208,524,0.28843098878860474,3.9171576499938965,5.038461685180664
DeformationEnergy,2.0,train,210,529,0.28562426567077637,3.9425911903381348,5.038095474243164
DeformationEnergy,2.0,train,212,534,0.28279533982276917,3.942413091659546,5.037735939025879
DeformationEnergy,2.0,train,208,525,0.2883818447589874,3.95286226272583,5.04807710647583
DeformationEnergy,2.0,train,206,521,0.29119959473609924,3.933506965637207,5.058252334594727
DeformationEnergy,2.0,train,208,523,0.28841209411621094,3.9576334953308105,5.028846263885498
DeformationEnergy,2.0,train,208,523,0.28843384981155396,3.9347681999206543,5.028846263885498
DeformationEnergy,2.0,train,210,530,0.2856048345565796,3.9456095695495605,5.047618865966797
DeformationEnergy,2.0,train,204,515,0.29408472776412964,3.9406166076660156,5.049019813537598
DeformationEnergy,2.0,train,202,512,0.29699426889419556,3.923849582672119,5.06930685043335
DeformationEnergy,2.0,train,205,521,0.29262733459472656,3.9315366744995117,5.0829267501831055
DeformationEnergy,2.0,train,205,524,0.29260489344596863,3.9570152759552,5.112195014953613
DeformationEnergy,2.0,train,202,516,0.29695168137550354,3.919895887374878,5.108911037445068
DeformationEnergy,2.0,train,201,512,0.2984478175640106,3.927696704864502,5.094527244567871
DeformationEnergy,2.0,train,205,521,0.2925781309604645,3.931474208831787,5.0829267501831055
DeformationEnergy,2.0,train,205,524,0.2926351726055145,3.9369471073150635,5.112195014953613
DeformationEnergy,2.0,train,209,530,0.2870262861251831,3.950531482696533,5.071770191192627
DeformationEnergy,2.0,train,208,528,0.28839969635009766,3.94130802154541,5.07692289352417
DeformationEnergy,2.0,train,203,517,0.29547640681266785,3.9203953742980957,5.0935959815979
DeformationEnergy,2.0,train,204,521,0.2938910722732544,3.9272873401641846,5.107842922210693
DeformationEnergy,2.0,train,212,539,0.28286486864089966,3.9904427528381348,5.084905624389648
DeformationEnergy,2.0,train,210,533,0.2855951488018036,3.99429988861084,5.07619047164917
DeformationEnergy,2.0,train,202,514,0.29700765013694763,3.946899175643921,5.089108943939209
DeformationEnergy,2.0,train,204,520,0.2940991222858429,3.954737663269043,5.098039150238037
DeformationEnergy,2.0,train,204,520,0.2939545810222626,3.9267046451568604,5.098039150238037
DeformationEnergy,2.0,train,205,521,0.29259371757507324,3.930481195449829,5.0829267501831055
DeformationEnergy,2.0,train,205,520,0.2926463484764099,3.942321300506592,5.0731706619262695
DeformationEnergy,2.0,train,207,526,0.28981319069862366,3.9470136165618896,5.082125663757324
DeformationEnergy,2.0,train,201,512,0.29846417903900146,3.9262638092041016,5.094527244567871
DeformationEnergy,2.0,train,208,528,0.2883971929550171,3.9306299686431885,5.07692289352417
DeformationEnergy,2.0,train,204,517,0.29387667775154114,3.937075138092041,5.06862735748291
DeformationEnergy,2.0,train,205,519,0.2924942672252655,3.9567794799804688,5.063414573669434
DeformationEnergy,2.0,train,200,509,0.29982268810272217,3.9447596073150635,5.090000152587891
DeformationEnergy,2.0,train,195,496,0.30757269263267517,3.934816360473633,5.087179660797119
DeformationEnergy,2.0,train,195,496,0.3075287342071533,3.910358428955078,5.087179660797119
DeformationEnergy,2.0,train,198,502,0.3028458058834076,3.916595220565796,5.070706844329834
DeformationEnergy,2.0,train,198,503,0.30297741293907166,3.9605884552001953,5.080808162689209
DeformationEnergy,2.0,train,195,496,0.3076923191547394,3.9217498302459717,5.087179660797119
DeformationEnergy,2.0,train,7,11,0.5954509377479553,3.7917134761810303,3.142857074737549
DeformationEnergy,2.0,train,8,13,0.5584008097648621,3.817607879638672,3.25
DeformationEnergy,2.0,train,9,15,0.6214373707771301,3.8267979621887207,3.3333332538604736
DeformationEnergy,2.0,train,9,15,0.7426173090934753,3.8344666957855225,3.3333332538604736
DeformationEnergy,2.0,train,9,15,0.7902489900588989,3.83982253074646,3.3333332538604736
DeformationEnergy,2.0,train,10,17,0.70723956823349,3.8651115894317627,3.4000000953674316
DeformationEnergy,2.0,train,14,25,0.5009304285049438,3.872089385986328,3.5714285373687744
DeformationEnergy,2.0,train,18,34,0.48023879528045654,3.9073338508605957,3.777777671813965
DeformationEnergy,2.0,train,18,34,0.619225025177002,3.9083547592163086,3.777777671813965
DeformationEnergy,2.0,train,18,34,0.7249544262886047,3.9091007709503174,3.777777671813965
DeformationEnergy,2.0,train,19,36,0.7179590463638306,3.9351279735565186,3.78947377204895
DeformationEnergy,2.0,train,23,46,0.5902361869812012,3.948697328567505,4.0
DeformationEnergy,2.0,train,27,58,0.5281177759170532,3.877591133117676,4.296296119689941
DeformationEnergy,2.0,train,33,72,0.5273796916007996,3.8877933025360107,4.363636493682861
DeformationEnergy,2.0,train,33,72,0.6334769129753113,3.912938356399536,4.363636493682861
DeformationEnergy,2.0,train,33,72,0.6850742101669312,3.925894021987915,4.363636493682861
DeformationEnergy,2.0,train,35,78,0.6653194427490234,3.9238429069519043,4.4571428298950195
DeformationEnergy,2.0,train,42,96,0.5578341484069824,3.903006076812744,4.5714287757873535
DeformationEnergy,2.0,train,53,124,0.4600396156311035,3.929133653640747,4.679245471954346
DeformationEnergy,2.0,train,59,138,0.451011598110199,3.919489622116089,4.677966117858887
DeformationEnergy,2.0,train,59,139,0.5380861163139343,3.9161837100982666,4.711864471435547
DeformationEnergy,2.0,train,59,139,0.5685942769050598,3.908931255340576,4.711864471435547
DeformationEnergy,2.0,train,62,147,0.5506575107574463,3.9153497219085693,4.7419352531433105
DeformationEnergy,2.0,train,80,198,0.4312693476676941,3.903430461883545,4.949999809265137
DeformationEnergy,2.0,train,90,223,0.38818782567977905,3.901042938232422,4.955555438995361
DeformationEnergy,2.0,train,100,250,0.3739149570465088,3.897472620010376,5.0
DeformationEnergy,2.0,train,100,250,0.4144132733345032,3.8951799869537354,5.0
DeformationEnergy,2.0,train,99,248,0.43245333433151245,3.883958101272583,5.010100841522217
DeformationEnergy,2.0,train,103,260,0.4236766993999481,3.884798765182495,5.048543453216553
DeformationEnergy,2.0,train,128,328,0.34463638067245483,3.890202522277832,5.125
DeformationEnergy,2.0,train,144,371,0.30674341320991516,3.888601541519165,5.152777671813965
DeformationEnergy,2.0,train,152,388,0.3089500367641449,3.9276387691497803,5.1052632331848145
DeformationEnergy,2.0,train,148,378,0.3421080708503723,3.904881715774536,5.108108043670654
DeformationEnergy,2.0,train,149,380,0.3490201532840729,3.9100987911224365,5.100671291351318
DeformationEnergy,2.0,train,167,431,0.31684058904647827,3.931260585784912,5.16167688369751
DeformationEnergy,2.0,train,172,444,0.31116485595703125,3.9452970027923584,5.162790775299072
DeformationEnergy,2.0,train,198,514,0.2722344696521759,3.917714834213257,5.191919326782227
DeformationEnergy,2.0,train,195,507,0.28979283571243286,3.916667938232422,5.199999809265137
DeformationEnergy,2.0,train,199,517,0.2942236661911011,3.926801919937134,5.195980072021484
DeformationEnergy,2.0,train,191,496,0.30883967876434326,3.926874876022339,5.1937174797058105
DeformationEnergy,2.0,train,203,530,0.2919776141643524,3.931760787963867,5.221674919128418
DeformationEnergy,2.0,train,235,618,0.25291749835014343,3.94724702835083,5.2595744132995605
DeformationEnergy,2.0,train,229,603,0.26065337657928467,3.921506643295288,5.266375541687012
DeformationEnergy,2.0,train,225,590,0.2662156820297241,3.9331130981445312,5.244444370269775
DeformationEnergy,2.0,train,221,580,0.27116042375564575,3.935873508453369,5.248868942260742
DeformationEnergy,2.0,train,215,564,0.27879631519317627,3.9327516555786133,5.246511459350586
DeformationEnergy,2.0,train,223,582,0.26879093050956726,3.981458902359009,5.219730854034424
DeformationEnergy,2.0,train,242,632,0.24751202762126923,3.953052520751953,5.223140716552734
DeformationEnergy,2.0,train,236,616,0.25413617491722107,3.9462730884552,5.220338821411133
DeformationEnergy,2.0,train,234,607,0.2563939094543457,3.9542644023895264,5.1880340576171875
DeformationEnergy,2.0,train,229,595,0.26199087500572205,3.9317514896392822,5.196506500244141
DeformationEnergy,2.0,train,227,591,0.2643035054206848,3.914849281311035,5.207048416137695
DeformationEnergy,2.0,train,229,594,0.26194846630096436,3.925837278366089,5.187772750854492
DeformationEnergy,2.0,train,245,635,0.24479570984840393,3.943403959274292,5.18367338180542
DeformationEnergy,2.0,train,241,629,0.24887651205062866,3.952016592025757,5.219916820526123
DeformationEnergy,2.0,train,227,591,0.2642674148082733,3.9365596771240234,5.207048416137695
DeformationEnergy,2.0,train,227,590,0.26429373025894165,3.963008403778076,5.198237895965576
DeformationEnergy,2.0,train,231,602,0.25971102714538574,3.9505693912506104,5.21212100982666
DeformationEnergy,2.0,train,224,579,0.2678089439868927,3.9333252906799316,5.169642925262451
DeformationEnergy,2.0,train,227,584,0.26430413126945496,3.949679136276245,5.145374298095703
DeformationEnergy,2.0,train,227,583,0.2643043100833893,3.959782361984253,5.136563777923584
DeformationEnergy,2.0,train,222,567,0.2702563405036926,3.9333295822143555,5.108108043670654
DeformationEnergy,2.0,train,222,569,0.2702620327472687,3.968553066253662,5.126126289367676
DeformationEnergy,2.0,train,218,557,0.2752055823802948,3.9606564044952393,5.110091686248779
DeformationEnergy,2.0,train,216,550,0.2777666449546814,3.937936544418335,5.092592716217041
DeformationEnergy,2.0,train,212,539,0.2830026149749756,3.9523937702178955,5.084905624389648
DeformationEnergy,2.0,train,214,545,0.28035131096839905,3.963554620742798,5.09345817565918
DeformationEnergy,2.0,train,218,557,0.2752116918563843,3.9803948402404785,5.110091686248779
DeformationEnergy,2.0,train,214,544,0.28032535314559937,3.9508473873138428,5.084112167358398
DeformationEnergy,2.0,train,213,540,0.28164100646972656,3.962028741836548,5.070422649383545
DeformationEnergy,2.0,train,206,525,0.29123637080192566,3.932492256164551,5.097087383270264
DeformationEnergy,2.0,train,206,525,0.29124942421913147,3.936419725418091,5.097087383270264
DeformationEnergy,2.0,train,203,519,0.29552483558654785,3.9255454540252686,5.113300323486328
DeformationEnergy,2.0,train,207,529,0.2898162603378296,3.934042453765869,5.111111164093018
DeformationEnergy,2.0,train,204,521,0.2941018044948578,3.915834903717041,5.107842922210693
DeformationEnergy,2.0,train,200,509,0.29998788237571716,3.913440465927124,5.090000152587891
DeformationEnergy,2.0,train,203,515,0.29552051424980164,3.9114186763763428,5.073891639709473
DeformationEnergy,2.0,train,207,528,0.2898367941379547,3.9222495555877686,5.101449489593506
DeformationEnergy,2.0,train,209,532,0.2870608866214752,3.9312632083892822,5.090909004211426
DeformationEnergy,2.0,train,207,528,0.2898359000682831,3.9225473403930664,5.101449489593506
DeformationEnergy,2.0,train,203,517,0.2955208122730255,3.9165968894958496,5.0935959815979
DeformationEnergy,2.0,train,205,524,0.29265522956848145,3.928027629852295,5.112195014953613
DeformationEnergy,2.0,train,209,532,0.2870626747608185,3.9464046955108643,5.090909004211426
DeformationEnergy,2.0,train,208,528,0.28844138979911804,3.929145336151123,5.07692289352417
DeformationEnergy,2.0,train,207,523,0.2898392677307129,3.932394027709961,5.053140163421631
DeformationEnergy,2.0,train,200,508,0.2999798059463501,3.918259382247925,5.079999923706055
DeformationEnergy,2.0,train,200,508,0.2999555468559265,3.916597843170166,5.079999923706055
DeformationEnergy,2.0,train,203,514,0.2955361604690552,3.958993911743164,5.06403923034668
DeformationEnergy,2.0,train,205,520,0.2926403880119324,3.921149969100952,5.0731706619262695
DeformationEnergy,2.0,train,202,514,0.29699674248695374,3.9318575859069824,5.089108943939209
DeformationEnergy,2.0,train,202,513,0.29700133204460144,3.929729461669922,5.079207897186279
DeformationEnergy,2.0,train,200,509,0.29998135566711426,3.9219069480895996,5.090000152587891
DeformationEnergy,2.0,train,197,502,0.3045552372932434,3.925009250640869,5.096446514129639
DeformationEnergy,2.0,train,193,492,0.3108675181865692,3.902811050415039,5.098445415496826
DeformationEnergy,2.0,train,197,501,0.30455297231674194,3.9148993492126465,5.086294651031494
DeformationEnergy,2.0,train,199,507,0.3014957904815674,3.9271037578582764,5.09547758102417
DeformationEnergy,2.0,train,194,496,0.3092442452907562,3.9422318935394287,5.113401889801025
DeformationEnergy,2.0,train,194,494,0.30925336480140686,3.9470479488372803,5.092783451080322
DeformationEnergy,2.0,train,198,506,0.3030076026916504,3.945430278778076,5.111111164093018
DeformationEnergy,2.0,train,196,498,0.3061097264289856,3.9130403995513916,5.081632614135742
DeformationEnergy,2.0,train,200,510,0.2999858558177948,3.929638385772705,5.099999904632568
DeformationEnergy,2.0,train,191,488,0.3141235113143921,3.9077515602111816,5.109947681427002
DeformationEnergy,2.0,train,197,504,0.30451714992523193,3.9392244815826416,5.116751194000244
DeformationEnergy,2.0,train,190,485,0.31577083468437195,3.9313836097717285,5.1052632331848145
DeformationEnergy,2.0,train,186,476,0.32256752252578735,3.9128267765045166,5.118279457092285
DeformationEnergy,2.0,train,191,488,0.3140318691730499,3.9223151206970215,5.109947681427002
DeformationEnergy,2.0,train,190,485,0.31575003266334534,3.936291217803955,5.1052632331848145
DeformationEnergy,2.0,train,190,483,0.3157597482204437,3.9371659755706787,5.084210395812988
DeformationEnergy,2.0,train,191,486,0.31411799788475037,3.9531044960021973,5.089005470275879
DeformationEnergy,2.0,train,189,481,0.31744346022605896,3.9324376583099365,5.08994722366333
DeformationEnergy,2.0,train,189,479,0.31743165850639343,3.9199490547180176,5.068783283233643
DeformationEnergy,2.0,train,193,490,0.3108620047569275,3.9406118392944336,5.0777201652526855
DeformationEnergy,2.0,train,190,483,0.3157721161842346,3.9354162216186523,5.084210395812988
DeformationEnergy,2.0,train,188,476,0.319098562002182,3.9374260902404785,5.0638298988342285
DeformationEnergy,2.0,train,186,471,0.3225593864917755,3.9465296268463135,5.064516067504883
DeformationEnergy,2.0,train,185,468,0.32430300116539,3.9345669746398926,5.059459686279297
DeformationEnergy,2.0,train,186,470,0.3225535452365875,3.9308629035949707,5.053763389587402
DeformationEnergy,2.0,train,190,481,0.31574833393096924,3.9532477855682373,5.06315803527832
DeformationEnergy,2.0,train,187,473,0.3208072781562805,3.9230329990386963,5.058823585510254
DeformationEnergy,2.0,train,184,464,0.32604023814201355,3.922875165939331,5.043478488922119
DeformationEnergy,2.0,train,185,467,0.32429975271224976,3.947847604751587,5.048648834228516
DeformationEnergy,2.0,train,186,470,0.32256069779396057,3.9360384941101074,5.053763389587402
DeformationEnergy,2.0,train,185,468,0.32431483268737793,3.9109013080596924,5.059459686279297
DeformationEnergy,2.0,train,6,9,0.8660253882408142,3.722419500350952,3.0
DeformationEnergy,2.0,train,6,9,0.803506076335907,3.7527265548706055,3.0
DeformationEnergy,2.0,train,6,9,0.8058694005012512,3.773930788040161,3.0
DeformationEnergy,2.0,train,8,13,0.5807437896728516,3.8826537132263184,3.25
DeformationEnergy,2.0,train,12,21,0.3957568407058716,3.8546860218048096,3.5
DeformationEnergy,2.0,train,12,21,0.5795275568962097,3.862093687057495,3.5
DeformationEnergy,2.0,train,12,21,0.7387381196022034,3.8671419620513916,3.5
DeformationEnergy,2.0,train,12,21,0.768122673034668,3.855717420578003,3.5
DeformationEnergy,2.0,train,12,21,0.7764204144477844,3.8527700901031494,3.5
DeformationEnergy,2.0,train,18,37,0.5124124884605408,3.913654327392578,4.111111164093018
DeformationEnergy,2.0,train,23,47,0.44370871782302856,3.8809814453125,4.08695650100708
DeformationEnergy,2.0,train,23,47,0.6038162112236023,3.9176523685455322,4.08695650100708
DeformationEnergy,2.0,train,23,47,0.7199463248252869,3.919052839279175,4.08695650100708
DeformationEnergy,2.0,train,23,47,0.7438147068023682,3.9136688709259033,4.08695650100708
DeformationEnergy,2.0,train,26,54,0.6582597494125366,3.9475553035736084,4.153846263885498
DeformationEnergy,2.0,train,38,83,0.43451830744743347,3.8969719409942627,4.3684210777282715
DeformationEnergy,2.0,train,42,94,0.47104835510253906,3.869597911834717,4.476190567016602
DeformationEnergy,2.0,train,42,94,0.586195707321167,3.9133434295654297,4.476190567016602
DeformationEnergy,2.0,train,42,94,0.6480477452278137,3.9360218048095703,4.476190567016602
DeformationEnergy,2.0,train,42,95,0.6722838282585144,3.9245922565460205,4.523809432983398
DeformationEnergy,2.0,train,48,112,0.5963372588157654,3.8968570232391357,4.666666507720947
DeformationEnergy,2.0,train,76,186,0.3768797218799591,3.877457857131958,4.8947367668151855
DeformationEnergy,2.0,train,76,186,0.4317440688610077,3.8764185905456543,4.8947367668151855
DeformationEnergy,2.0,train,76,186,0.4774422347545624,3.8875932693481445,4.8947367668151855
DeformationEnergy,2.0,train,76,186,0.49898287653923035,3.890369176864624,4.8947367668151855
DeformationEnergy,2.0,train,76,186,0.5103985667228699,3.8891348838806152,4.8947367668151855
DeformationEnergy,2.0,train,85,210,0.4641548693180084,3.8865411281585693,4.941176414489746
DeformationEnergy,2.0,train,126,319,0.32145705819129944,3.87461256980896,5.063492298126221
DeformationEnergy,2.0,train,126,319,0.3482792377471924,3.886838436126709,5.063492298126221
DeformationEnergy,2.0,train,126,319,0.3670039474964142,3.9167227745056152,5.063492298126221
DeformationEnergy,2.0,train,124,314,0.38058340549468994,3.891432285308838,5.064516067504883
DeformationEnergy,2.0,train,124,314,0.38659223914146423,3.8885021209716797,5.064516067504883
DeformationEnergy,2.0,train,155,398,0.3078565001487732,3.9242093563079834,5.135483741760254
DeformationEnergy,2.0,train,191,496,0.25916382670402527,3.9242560863494873,5.1937174797058105
DeformationEnergy,2.0,train,186,481,0.28739210963249207,3.928154945373535,5.1720428466796875
DeformationEnergy,2.0,train,183,472,0.300447553396225,3.9534475803375244,5.158470153808594
DeformationEnergy,2.0,train,181,467,0.30810877680778503,3.920262575149536,5.160221099853516
DeformationEnergy,2.0,train,179,463,0.3154180645942688,3.8929858207702637,5.173184394836426
DeformationEnergy,2.0,train,218,572,0.26000216603279114,3.900918483734131,5.247706413269043
DeformationEnergy,2.0,train,233,609,0.24983562529087067,3.9266326427459717,5.227468013763428
DeformationEnergy,2.0,train,222,580,0.26880159974098206,3.929187774658203,5.225225448608398
DeformationEnergy,2.0,train,218,571,0.2746175229549408,3.935859441757202,5.238532066345215
DeformationEnergy,2.0,train,217,567,0.27601563930511475,3.9152090549468994,5.22580623626709
DeformationEnergy,2.0,train,215,560,0.278596431016922,3.9218716621398926,5.2093024253845215
DeformationEnergy,2.0,train,242,629,0.2474200278520584,3.9157044887542725,5.198347091674805
DeformationEnergy,2.0,train,244,634,0.24582520127296448,3.916285753250122,5.196721076965332
DeformationEnergy,2.0,train,236,615,0.2542097866535187,3.944474935531616,5.211864471435547
DeformationEnergy,2.0,train,239,621,0.25101834535598755,3.9577317237854004,5.196652889251709
DeformationEnergy,2.0,train,236,612,0.2541910707950592,3.958125114440918,5.186440467834473
DeformationEnergy,2.0,train,228,589,0.26305922865867615,3.944202423095703,5.166666507720947
DeformationEnergy,2.0,train,260,675,0.2306230515241623,3.960592031478882,5.192307472229004
DeformationEnergy,2.0,train,247,643,0.24287405610084534,3.947256088256836,5.206477642059326
DeformationEnergy,2.0,train,242,628,0.2479027807712555,3.9601552486419678,5.190082550048828
DeformationEnergy,2.0,train,241,623,0.24893590807914734,3.954822301864624,5.170124530792236
DeformationEnergy,2.0,train,240,619,0.24993664026260376,3.9313442707061768,5.1583333015441895
DeformationEnergy,2.0,train,251,646,0.23886357247829437,3.9416167736053467,5.1474103927612305
DeformationEnergy,2.0,train,240,617,0.24989698827266693,3.975909471511841,5.141666889190674
DeformationEnergy,2.0,train,233,595,0.25734707713127136,3.9461028575897217,5.107295989990234
DeformationEnergy,2.0,train,230,588,0.26072749495506287,3.978199005126953,5.113043308258057
DeformationEnergy,4.0,train,6,9,0.8660253882408142,3.722419500350952,3.0
DeformationEnergy,4.0,train,6,9,0.8356802463531494,3.7342417240142822,3.0
DeformationEnergy,4.0,train,6,9,0.8715662956237793,3.7446486949920654,3.0
DeformationEnergy,4.0,train,6,9,0.8887906074523926,3.747246742248535,3.0
DeformationEnergy,4.0,train,6,9,0.9020771384239197,3.7532453536987305,3.0
DeformationEnergy,4.0,train,6,9,0.9026122093200684,3.756810426712036,3.0
DeformationEnergy,4.0,train,7,11,0.7707959413528442,3.8769516944885254,3.142857074737549
DeformationEnergy,4.0,train,8,13,0.6588583588600159,3.8565685749053955,3.25
DeformationEnergy,4.0,train,9,15,0.6136031746864319,3.873090982437134,3.3333332538604736
DeformationEnergy,4.0,train,9,15,0.645660936832428,3.863184690475464,3.3333332538604736
DeformationEnergy,4.0,train,9,15,0.7163748145103455,3.864687204360962,3.3333332538604736
DeformationEnergy,4.0,train,10,17,0.6713293790817261,3.904541015625,3.4000000953674316
DeformationEnergy,4.0,train,10,17,0.7452777028083801,3.8702380657196045,3.4000000953674316
DeformationEnergy,4.0,train,12,21,0.6440993547439575,3.8666162490844727,3.5
DeformationEnergy,4.0,train,12,21,0.7084160447120667,3.840123176574707,3.5
DeformationEnergy,4.0,train,12,21,0.7362553477287292,3.8356544971466064,3.5
DeformationEnergy,4.0,train,12,21,0.7885866165161133,3.832503080368042,3.5
DeformationEnergy,4.0,train,12,21,0.8142518401145935,3.833805799484253,3.5
DeformationEnergy,4.0,train,12,21,0.8577022552490234,3.834512710571289,3.5
DeformationEnergy,4.0,train,12,21,0.8755618929862976,3.834599256515503,3.5
DeformationEnergy,4.0,train,12,21,0.8906317353248596,3.831594705581665,3.5
DeformationEnergy,4.0,train,12,21,0.891727864742279,3.8304336071014404,3.5
DeformationEnergy,4.0,train,13,23,0.8226246237754822,3.8816282749176025,3.538461446762085
DeformationEnergy,4.0,train,15,27,0.6998266577720642,3.880134105682373,3.5999999046325684
DeformationEnergy,4.0,train,17,31,0.6331582069396973,3.8992788791656494,3.6470587253570557
DeformationEnergy,4.0,train,17,31,0.6601623296737671,3.8968124389648438,3.6470587253570557
DeformationEnergy,4.0,train,17,32,0.7226683497428894,3.8949625492095947,3.7647058963775635
DeformationEnergy,4.0,train,19,37,0.6690085530281067,3.914978504180908,3.8947367668151855
DeformationEnergy,4.0,train,19,37,0.727024257183075,3.9020795822143555,3.8947367668151855
DeformationEnergy,4.0,train,22,44,0.6515679955482483,3.9478843212127686,4.0
DeformationEnergy,4.0,train,22,44,0.7114199995994568,3.9179818630218506,4.0
DeformationEnergy,4.0,train,22,44,0.7359790205955505,3.9154090881347656,4.0
DeformationEnergy,4.0,train,22,44,0.7823652625083923,3.9181771278381348,4.0
DeformationEnergy,4.0,train,22,44,0.8049571514129639,3.922649621963501,4.0
DeformationEnergy,4.0,train,22,44,0.8432502150535583,3.9248528480529785,4.0
DeformationEnergy,4.0,train,22,44,0.8700446486473083,3.921607732772827,4.0
DeformationEnergy,4.0,train,22,44,0.8739901185035706,3.9183974266052246,4.0
DeformationEnergy,4.0,train,22,44,0.8773217797279358,3.9125189781188965,4.0
DeformationEnergy,4.0,train,24,49,0.8036934733390808,3.969921827316284,4.083333492279053
DeformationEnergy,4.0,train,32,69,0.6023718118667603,3.9347846508026123,4.3125
DeformationEnergy,4.0,train,32,69,0.6126918792724609,3.8960044384002686,4.3125
DeformationEnergy,4.0,train,32,69,0.6648687124252319,3.889051914215088,4.3125
DeformationEnergy,4.0,train,32,69,0.6941807270050049,3.894709348678589,4.3125
DeformationEnergy,4.0,train,35,76,0.6817947626113892,3.913936138153076,4.342857360839844
DeformationEnergy,4.0,train,35,76,0.7067487239837646,3.91943621635437,4.342857360839844
DeformationEnergy,4.0,train,40,90,0.6546432375907898,3.9127540588378906,4.5
DeformationEnergy,4.0,train,40,90,0.6739233732223511,3.91015362739563,4.5
DeformationEnergy,4.0,train,40,90,0.6980468034744263,3.915668487548828,4.5
DeformationEnergy,4.0,train,40,90,0.7093828916549683,3.922346591949463,4.5
DeformationEnergy,4.0,train,40,91,0.7344967722892761,3.9242782592773438,4.550000190734863
DeformationEnergy,4.0,train,40,91,0.7469983696937561,3.9287190437316895,4.550000190734863
DeformationEnergy,4.0,train,40,91,0.7689803242683411,3.938581943511963,4.550000190734863
DeformationEnergy,4.0,train,40,91,0.7763761281967163,3.9407379627227783,4.550000190734863
DeformationEnergy,4.0,train,40,91,0.7876425981521606,3.9427123069763184,4.550000190734863
DeformationEnergy,4.0,train,43,98,0.7370067238807678,3.9303836822509766,4.558139324188232
DeformationEnergy,4.0,train,56,132,0.5668374300003052,3.9402389526367188,4.714285850524902
DeformationEnergy,4.0,train,56,132,0.56784588098526,3.903705358505249,4.714285850524902
DeformationEnergy,4.0,train,56,132,0.5928872227668762,3.8918282985687256,4.714285850524902
DeformationEnergy,4.0,train,56,132,0.6083701848983765,3.8901116847991943,4.714285850524902
DeformationEnergy,4.0,train,61,146,0.5874419212341309,3.8978567123413086,4.7868852615356445
DeformationEnergy,4.0,train,61,146,0.602461576461792,3.902806282043457,4.7868852615356445
DeformationEnergy,4.0,train,66,159,0.5826171636581421,3.9081578254699707,4.818181991577148
DeformationEnergy,4.0,train,66,159,0.5947734713554382,3.9104790687561035,4.818181991577148
DeformationEnergy,4.0,train,66,159,0.6077547073364258,3.9109230041503906,4.818181991577148
DeformationEnergy,4.0,train,66,159,0.6128230094909668,3.911505937576294,4.818181991577148
DeformationEnergy,4.0,train,66,159,0.6227208971977234,3.9095492362976074,4.818181991577148
DeformationEnergy,4.0,train,66,159,0.6277612447738647,3.9102094173431396,4.818181991577148
DeformationEnergy,4.0,train,66,159,0.6381736993789673,3.907011032104492,4.818181991577148
DeformationEnergy,4.0,train,66,159,0.6482533812522888,3.9072792530059814,4.818181991577148
DeformationEnergy,4.0,train,66,159,0.6530131697654724,3.907672882080078,4.818181991577148
DeformationEnergy,4.0,train,78,190,0.560188889503479,3.917560338973999,4.871794700622559
DeformationEnergy,4.0,train,91,225,0.48068857192993164,3.9545674324035645,4.94505500793457
DeformationEnergy,4.0,train,91,225,0.4905422031879425,3.8906285762786865,4.94505500793457
DeformationEnergy,4.0,train,91,225,0.499508798122406,3.8818416595458984,4.94505500793457
DeformationEnergy,4.0,train,98,243,0.4810809791088104,3.903952121734619,4.959183692932129
DeformationEnergy,4.0,train,98,243,0.48954135179519653,3.895725727081299,4.959183692932129
DeformationEnergy,4.0,train,106,264,0.46857354044914246,3.9188830852508545,4.9811320304870605
DeformationEnergy,4.0,train,106,264,0.4768763482570648,3.919069290161133,4.9811320304870605
DeformationEnergy,4.0,train,106,264,0.49133503437042236,3.9262170791625977,4.9811320304870605
DeformationEnergy,4.0,train,106,264,0.4959604740142822,3.927199363708496,4.9811320304870605
DeformationEnergy,4.0,train,106,264,0.5038739442825317,3.9308555126190186,4.9811320304870605
DeformationEnergy,4.0,train,106,264,0.5075067281723022,3.9301538467407227,4.9811320304870605
DeformationEnergy,4.0,train,106,264,0.5144797563552856,3.9232888221740723,4.9811320304870605
DeformationEnergy,4.0,train,106,264,0.5178979635238647,3.9232990741729736,4.9811320304870605
DeformationEnergy,4.0,train,106,264,0.5245735049247742,3.9228475093841553,4.9811320304870605
DeformationEnergy,4.0,train,106,264,0.5274779796600342,3.923166513442993,4.9811320304870605
DeformationEnergy,4.0,train,125,320,0.4522174596786499,3.937260150909424,5.119999885559082
DeformationEnergy,4.0,train,145,376,0.39057445526123047,3.9740326404571533,5.186206817626953
DeformationEnergy,4.0,train,145,376,0.3958708345890045,3.929363489151001,5.186206817626953
DeformationEnergy,4.0,train,145,376,0.3993571102619171,3.924804210662842,5.186206817626953
DeformationEnergy,4.0,train,157,411,0.37497881054878235,3.921841621398926,5.235668659210205
DeformationEnergy,4.0,train,157,411,0.37725213170051575,3.9161007404327393,5.235668659210205
DeformationEnergy,4.0,train,169,445,0.3534737229347229,3.9326064586639404,5.266272068023682
DeformationEnergy,4.0,train,169,445,0.3542035222053528,3.931285858154297,5.266272068023682
DeformationEnergy,4.0,train,168,442,0.35674208402633667,3.952296257019043,5.261904716491699
DeformationEnergy,4.0,train,167,439,0.35893043875694275,3.926389455795288,5.2574849128723145
DeformationEnergy,4.0,train,167,439,0.3589671552181244,3.928097724914551,5.2574849128723145
DeformationEnergy,4.0,train,167,439,0.3589816987514496,3.9290032386779785,5.2574849128723145
DeformationEnergy,4.0,train,167,439,0.35899993777275085,3.92935848236084,5.2574849128723145
DeformationEnergy,4.0,train,167,439,0.35900649428367615,3.932492256164551,5.2574849128723145
DeformationEnergy,4.0,train,167,439,0.3590221703052521,3.931565999984741,5.2574849128723145
DeformationEnergy,4.0,train,176,463,0.3406829833984375,3.9423089027404785,5.261363506317139
DeformationEnergy,4.0,train,190,499,0.31559398770332336,3.957050085067749,5.252631664276123
DeformationEnergy,4.0,train,216,567,0.2775789797306061,3.9343724250793457,5.25
DeformationEnergy,4.0,train,215,564,0.2789219617843628,3.922943353652954,5.246511459350586
DeformationEnergy,4.0,train,215,564,0.27903416752815247,3.9221978187561035,5.246511459350586
DeformationEnergy,4.0,train,226,592,0.26546239852905273,3.923388719558716,5.238937854766846
DeformationEnergy,4.0,train,225,589,0.2666630744934082,3.923834800720215,5.235555648803711
DeformationEnergy,4.0,train,239,623,0.25103920698165894,3.943885087966919,5.213388919830322
DeformationEnergy,4.0,train,6,9,0.8660253882408142,3.722419500350952,3.0
DeformationEnergy,4.0,train,7,11,0.6343899369239807,3.7910916805267334,3.142857074737549
DeformationEnergy,4.0,train,7,11,0.6797294020652771,3.7823948860168457,3.142857074737549
DeformationEnergy,4.0,train,8,13,0.6226329207420349,3.8387207984924316,3.25
DeformationEnergy,4.0,train,8,13,0.6903057098388672,3.7965078353881836,3.25
DeformationEnergy,4.0,train,9,15,0.640405535697937,3.8194754123687744,3.3333332538604736
DeformationEnergy,4.0,train,9,15,0.7277297973632812,3.803356170654297,3.3333332538604736
DeformationEnergy,4.0,train,9,15,0.7659604549407959,3.802985191345215,3.3333332538604736
DeformationEnergy,4.0,train,9,15,0.8186107873916626,3.8047800064086914,3.3333332538604736
DeformationEnergy,4.0,train,9,15,0.8419535160064697,3.8077850341796875,3.3333332538604736
DeformationEnergy,4.0,train,9,15,0.8782978057861328,3.813228130340576,3.3333332538604736
DeformationEnergy,4.0,train,9,15,0.8903429508209229,3.815884590148926,3.3333332538604736
DeformationEnergy,4.0,train,9,15,0.8974631428718567,3.8168115615844727,3.3333332538604736
DeformationEnergy,4.0,train,10,17,0.8058942556381226,3.8938071727752686,3.4000000953674316
DeformationEnergy,4.0,train,10,17,0.8100139498710632,3.8326125144958496,3.4000000953674316
DeformationEnergy,4.0,train,10,17,0.8212308883666992,3.824622392654419,3.4000000953674316
DeformationEnergy,4.0,train,12,21,0.6916377544403076,3.8247416019439697,3.5
DeformationEnergy,4.0,train,14,25,0.5978122353553772,3.8787643909454346,3.5714285373687744
DeformationEnergy,4.0,train,14,25,0.6581502556800842,3.866163492202759,3.5714285373687744
DeformationEnergy,4.0,train,16,29,0.6033812165260315,3.9402966499328613,3.625
DeformationEnergy,4.0,train,16,29,0.6675955653190613,3.9108643531799316,3.625
DeformationEnergy,4.0,train,18,34,0.6225177645683289,3.9131364822387695,3.777777671813965
DeformationEnergy,4.0,train,18,34,0.7076693773269653,3.9048919677734375,3.777777671813965
DeformationEnergy,4.0,train,18,34,0.7445207238197327,3.905263662338257,3.777777671813965
DeformationEnergy,4.0,train,18,34,0.7974412441253662,3.9054527282714844,3.777777671813965
DeformationEnergy,4.0,train,18,34,0.8418732285499573,3.90732479095459,3.777777671813965
DeformationEnergy,4.0,train,18,34,0.8528140187263489,3.906494617462158,3.777777671813965
DeformationEnergy,4.0,train,18,34,0.8709905743598938,3.9064340591430664,3.777777671813965
DeformationEnergy,4.0,train,18,34,0.8755513429641724,3.904088020324707,3.777777671813965
DeformationEnergy,4.0,train,19,36,0.8303242921829224,3.902808427810669,3.78947377204895
DeformationEnergy,4.0,train,19,36,0.8350701332092285,3.8960254192352295,3.78947377204895
DeformationEnergy,4.0,train,23,46,0.6933507323265076,3.9596810340881348,4.0
DeformationEnergy,4.0,train,23,46,0.6979840993881226,3.9035661220550537,4.0
DeformationEnergy,4.0,train,27,58,0.6261576414108276,3.870424270629883,4.296296119689941
DeformationEnergy,4.0,train,27,58,0.6531926393508911,3.868718385696411,4.296296119689941
DeformationEnergy,4.0,train,30,64,0.6353312730789185,3.9048984050750732,4.266666889190674
DeformationEnergy,4.0,train,30,64,0.6673144698143005,3.9026551246643066,4.266666889190674
DeformationEnergy,4.0,train,33,70,0.6667411923408508,3.939260721206665,4.242424011230469
DeformationEnergy,4.0,train,33,71,0.6964852213859558,3.9409170150756836,4.303030490875244
DeformationEnergy,4.0,train,33,71,0.7412154078483582,3.949817657470703,4.303030490875244
DeformationEnergy,4.0,train,33,71,0.7581688761711121,3.9541690349578857,4.303030490875244
DeformationEnergy,4.0,train,33,71,0.7880907654762268,3.9674012660980225,4.303030490875244
DeformationEnergy,4.0,train,33,71,0.7960337400436401,3.972470283508301,4.303030490875244
DeformationEnergy,4.0,train,33,71,0.8090970516204834,3.9828569889068604,4.303030490875244
DeformationEnergy,4.0,train,33,71,0.8150835633277893,3.985206365585327,4.303030490875244
DeformationEnergy,4.0,train,35,76,0.7786166667938232,3.9788918495178223,4.342857360839844
DeformationEnergy,4.0,train,35,76,0.7828804850578308,3.9766576290130615,4.342857360839844
DeformationEnergy,4.0,train,41,91,0.6703668832778931,3.980971574783325,4.439024448394775
DeformationEnergy,4.0,train,41,91,0.6726360321044922,3.9532742500305176,4.439024448394775
DeformationEnergy,4.0,train,45,102,0.6279078722000122,3.945223331451416,4.5333333015441895
DeformationEnergy,4.0,train,45,102,0.6387481093406677,3.9478037357330322,4.5333333015441895
DeformationEnergy,4.0,train,51,117,0.577928364276886,3.9616825580596924,4.588235378265381
DeformationEnergy,4.0,train,51,117,0.5943652391433716,3.9540956020355225,4.588235378265381
DeformationEnergy,4.0,train,57,134,0.5659139752388,3.9369781017303467,4.701754570007324
DeformationEnergy,4.0,train,57,134,0.5841646790504456,3.9417357444763184,4.701754570007324
DeformationEnergy,4.0,train,57,134,0.6136838793754578,3.9516055583953857,4.701754570007324
DeformationEnergy,4.0,train,57,134,0.6268422603607178,3.9545481204986572,4.701754570007324
DeformationEnergy,4.0,train,57,134,0.651547372341156,3.9603657722473145,4.701754570007324
DeformationEnergy,4.0,train,57,134,0.6646302938461304,3.9624595642089844,4.701754570007324
DeformationEnergy,4.0,train,57,134,0.6696980595588684,3.963330030441284,4.701754570007324
DeformationEnergy,4.0,train,60,140,0.6453508734703064,3.968177318572998,4.666666507720947
DeformationEnergy,4.0,train,60,140,0.6498346924781799,3.9644346237182617,4.666666507720947
DeformationEnergy,4.0,train,60,140,0.6585872173309326,3.9627339839935303,4.666666507720947
DeformationEnergy,4.0,train,70,168,0.5668612122535706,3.9782092571258545,4.800000190734863
DeformationEnergy,4.0,train,77,189,0.5223087668418884,3.9359195232391357,4.909090995788574
DeformationEnergy,4.0,train,77,189,0.5273119807243347,3.932406425476074,4.909090995788574
DeformationEnergy,4.0,train,88,218,0.46818244457244873,3.970155954360962,4.954545497894287
DeformationEnergy,4.0,train,88,218,0.47060707211494446,3.937988042831421,4.954545497894287
DeformationEnergy,4.0,train,96,240,0.44595399498939514,3.940762758255005,5.0
DeformationEnergy,4.0,train,96,240,0.45440778136253357,3.943329095840454,5.0
DeformationEnergy,4.0,train,96,240,0.47239288687705994,3.950650453567505,5.0
DeformationEnergy,4.0,train,96,240,0.48112305998802185,3.9484074115753174,5.0
DeformationEnergy,4.0,train,96,240,0.49946555495262146,3.9482548236846924,5.0
DeformationEnergy,4.0,train,96,240,0.50845867395401,3.9495270252227783,5.0
DeformationEnergy,4.0,train,96,240,0.5203580260276794,3.949941635131836,5.0
DeformationEnergy,4.0,train,96,240,0.5251941084861755,3.948262929916382,5.0
DeformationEnergy,4.0,train,102,257,0.5025067329406738,3.9481468200683594,5.039215564727783
DeformationEnergy,4.0,train,102,257,0.5062918663024902,3.947809934616089,5.039215564727783
DeformationEnergy,4.0,train,102,257,0.5133983492851257,3.945990562438965,5.039215564727783
DeformationEnergy,4.0,train,115,292,0.4582507312297821,3.9628212451934814,5.078260898590088
DeformationEnergy,4.0,train,125,318,0.42610302567481995,3.9358339309692383,5.0879998207092285
DeformationEnergy,4.0,train,125,318,0.4282853901386261,3.9255425930023193,5.0879998207092285
DeformationEnergy,4.0,train,140,356,0.3848761320114136,3.9502222537994385,5.085714340209961
DeformationEnergy,4.0,train,140,356,0.38627681136131287,3.9239375591278076,5.085714340209961
DeformationEnergy,4.0,train,151,387,0.3666987717151642,3.939440965652466,5.125827789306641
DeformationEnergy,4.0,train,151,387,0.371369332075119,3.9398982524871826,5.125827789306641
DeformationEnergy,4.0,train,151,388,0.38243353366851807,3.9387118816375732,5.139072895050049
DeformationEnergy,4.0,train,151,388,0.3874320387840271,3.9313859939575195,5.139072895050049
DeformationEnergy,4.0,train,151,388,0.39494630694389343,3.935016632080078,5.139072895050049
DeformationEnergy,4.0,train,151,388,0.39640265703201294,3.9361631870269775,5.139072895050049
DeformationEnergy,4.0,train,151,388,0.3969172537326813,3.9387223720550537,5.139072895050049
DeformationEnergy,4.0,train,151,388,0.39714276790618896,3.937487840652466,5.139072895050049
DeformationEnergy,4.0,train,158,406,0.37960246205329895,3.9490225315093994,5.139240741729736
DeformationEnergy,4.0,train,158,406,0.37972766160964966,3.942225217819214,5.139240741729736
DeformationEnergy,4.0,train,158,406,0.37973371148109436,3.9472744464874268,5.139240741729736
DeformationEnergy,4.0,train,6,9,0.8940070271492004,3.730786085128784,3.0
DeformationEnergy,4.0,train,6,9,0.9003443717956543,3.73777174949646,3.0
DeformationEnergy,4.0,train,6,9,0.901475727558136,3.746318817138672,3.0
DeformationEnergy,4.0,train,6,9,0.9019310474395752,3.750028371810913,3.0
DeformationEnergy,4.0,train,6,9,0.9028130173683167,3.757434129714966,3.0
DeformationEnergy,4.0,train,6,9,0.9032151699066162,3.7611563205718994,3.0
DeformationEnergy,4.0,train,7,11,0.7653195261955261,3.8471572399139404,3.142857074737549
DeformationEnergy,4.0,train,7,11,0.7671867609024048,3.8063836097717285,3.142857074737549
DeformationEnergy,4.0,train,8,13,0.6872291564941406,3.8523569107055664,3.25
DeformationEnergy,4.0,train,9,15,0.6219361424446106,3.8451223373413086,3.3333332538604736
DeformationEnergy,4.0,train,12,21,0.4938533306121826,3.876396894454956,3.5
DeformationEnergy,4.0,train,12,21,0.5363913178443909,3.8614084720611572,3.5
DeformationEnergy,4.0,train,12,21,0.6416072249412537,3.855713129043579,3.5
DeformationEnergy,4.0,train,12,21,0.692600667476654,3.856348991394043,3.5
DeformationEnergy,4.0,train,12,21,0.7811114192008972,3.860173225402832,3.5
DeformationEnergy,4.0,train,12,21,0.819218099117279,3.8615610599517822,3.5
DeformationEnergy,4.0,train,12,21,0.8725007176399231,3.8622944355010986,3.5
DeformationEnergy,4.0,train,12,21,0.8816330432891846,3.857609987258911,3.5
DeformationEnergy,4.0,train,12,21,0.8851652145385742,3.8502161502838135,3.5
DeformationEnergy,4.0,train,12,21,0.8862693905830383,3.8476498126983643,3.5
DeformationEnergy,4.0,train,12,21,0.8881879448890686,3.8439865112304688,3.5
DeformationEnergy,4.0,train,12,21,0.88905268907547,3.8427135944366455,3.5
DeformationEnergy,4.0,train,14,26,0.7570194602012634,3.8974311351776123,3.7142856121063232
DeformationEnergy,4.0,train,14,26,0.7577584385871887,3.8650124073028564,3.7142856121063232
DeformationEnergy,4.0,train,16,30,0.6741721630096436,3.912785291671753,3.75
DeformationEnergy,4.0,train,18,35,0.61089026927948,3.9564907550811768,3.8888888359069824
DeformationEnergy,4.0,train,22,44,0.5364616513252258,3.91789174079895,4.0
DeformationEnergy,4.0,train,22,44,0.5761656761169434,3.9149742126464844,4.0
DeformationEnergy,4.0,train,22,44,0.6673129200935364,3.925982713699341,4.0
DeformationEnergy,4.0,train,22,45,0.7546709179878235,3.929833173751831,4.090909004211426
DeformationEnergy,4.0,train,22,45,0.7933679223060608,3.9303159713745117,4.090909004211426
DeformationEnergy,4.0,train,22,45,0.8540634512901306,3.935795783996582,4.090909004211426
DeformationEnergy,4.0,train,22,45,0.8703854084014893,3.934390068054199,4.090909004211426
DeformationEnergy,4.0,train,22,45,0.8795661330223083,3.9291977882385254,4.090909004211426
DeformationEnergy,4.0,train,22,45,0.880875825881958,3.9274003505706787,4.090909004211426
DeformationEnergy,4.0,train,22,45,0.8826841115951538,3.9249138832092285,4.090909004211426
DeformationEnergy,4.0,train,22,45,0.8834066987037659,3.9240639209747314,4.090909004211426
DeformationEnergy,4.0,train,22,45,0.8846564888954163,3.922879934310913,4.090909004211426
DeformationEnergy,4.0,train,25,53,0.7749895453453064,3.944667339324951,4.239999771118164
DeformationEnergy,4.0,train,25,53,0.7840078473091125,3.9044787883758545,4.239999771118164
DeformationEnergy,4.0,train,29,63,0.6780844330787659,3.9166176319122314,4.344827651977539
DeformationEnergy,4.0,train,38,85,0.5375745892524719,3.9192962646484375,4.473684310913086
DeformationEnergy,4.0,train,40,89,0.5295300483703613,3.904935836791992,4.449999809265137
DeformationEnergy,4.0,train,40,89,0.5899618268013,3.904209613800049,4.449999809265137
DeformationEnergy,4.0,train,40,89,0.6220447421073914,3.9165425300598145,4.449999809265137
DeformationEnergy,4.0,train,40,90,0.675735592842102,3.939110517501831,4.5
DeformationEnergy,4.0,train,40,90,0.7031346559524536,3.9322943687438965,4.5
DeformationEnergy,4.0,train,40,91,0.7413135766983032,3.93066668510437,4.550000190734863
DeformationEnergy,4.0,train,40,91,0.7551911473274231,3.933983564376831,4.550000190734863
DeformationEnergy,4.0,train,40,91,0.7729092836380005,3.92258882522583,4.550000190734863
DeformationEnergy,4.0,train,40,91,0.7792755365371704,3.9200165271759033,4.550000190734863
DeformationEnergy,4.0,train,40,91,0.790542483329773,3.917121171951294,4.550000190734863
DeformationEnergy,4.0,train,40,91,0.7956238389015198,3.9158711433410645,4.550000190734863
DeformationEnergy,4.0,train,40,91,0.8049070239067078,3.9134910106658936,4.550000190734863
DeformationEnergy,4.0,train,43,98,0.7520119547843933,3.9205315113067627,4.558139324188232
DeformationEnergy,4.0,train,43,98,0.7598435282707214,3.9093236923217773,4.558139324188232
DeformationEnergy,4.0,train,49,112,0.6620743274688721,3.907296657562256,4.5714287757873535
DeformationEnergy,4.0,train,63,148,0.5270182490348816,3.925022602081299,4.698412895202637
DeformationEnergy,4.0,train,67,160,0.5036691427230835,3.910924196243286,4.776119232177734
DeformationEnergy,4.0,train,67,160,0.5285088419914246,3.907440662384033,4.776119232177734
DeformationEnergy,4.0,train,67,160,0.54191654920578,3.913247585296631,4.776119232177734
DeformationEnergy,4.0,train,67,160,0.5700253248214722,3.930290460586548,4.776119232177734
DeformationEnergy,4.0,train,67,160,0.5947185754776001,3.9400980472564697,4.776119232177734
DeformationEnergy,4.0,train,67,160,0.6036887168884277,3.945760726928711,4.776119232177734
DeformationEnergy,4.0,train,67,160,0.620577335357666,3.9496805667877197,4.776119232177734
DeformationEnergy,4.0,train,67,160,0.6271979212760925,3.949431896209717,4.776119232177734
DeformationEnergy,4.0,train,67,160,0.6389058828353882,3.942871570587158,4.776119232177734
DeformationEnergy,4.0,train,67,160,0.6442620754241943,3.942119598388672,4.776119232177734
DeformationEnergy,4.0,train,67,160,0.654224157333374,3.935215711593628,4.776119232177734
DeformationEnergy,4.0,train,67,160,0.6589198708534241,3.934504270553589,4.776119232177734
DeformationEnergy,4.0,train,72,174,0.6214596629142761,3.924107789993286,4.833333492279053
DeformationEnergy,4.0,train,72,174,0.6254676580429077,3.9207708835601807,4.833333492279053
DeformationEnergy,4.0,train,90,221,0.5060775876045227,3.9168338775634766,4.911110877990723
DeformationEnergy,4.0,train,103,258,0.4486512839794159,3.9171366691589355,5.009708881378174
DeformationEnergy,4.0,train,107,269,0.4450755715370178,3.899231433868408,5.0280375480651855
DeformationEnergy,4.0,train,107,269,0.45240578055381775,3.894592046737671,5.0280375480651855
DeformationEnergy,4.0,train,107,269,0.46719956398010254,3.893340587615967,5.0280375480651855
DeformationEnergy,4.0,train,107,269,0.4745943546295166,3.893759250640869,5.0280375480651855
DeformationEnergy,4.0,train,107,269,0.4891161620616913,3.904686450958252,5.0280375480651855
DeformationEnergy,4.0,train,107,269,0.493983656167984,3.9118525981903076,5.0280375480651855
DeformationEnergy,4.0,train,107,269,0.5025045275688171,3.9193062782287598,5.0280375480651855
DeformationEnergy,4.0,train,107,269,0.5066025853157043,3.9211716651916504,5.0280375480651855
DeformationEnergy,4.0,train,107,269,0.514306902885437,3.9239296913146973,5.0280375480651855
DeformationEnergy,4.0,train,107,269,0.5179288983345032,3.9251651763916016,5.0280375480651855
DeformationEnergy,4.0,train,107,269,0.5247498154640198,3.927597999572754,5.0280375480651855
DeformationEnergy,4.0,train,107,269,0.52774578332901,3.929124593734741,5.0280375480651855
DeformationEnergy,4.0,train,113,285,0.5049360990524292,3.94053053855896,5.044247627258301
DeformationEnergy,4.0,train,113,285,0.5073422193527222,3.940122127532959,5.044247627258301
DeformationEnergy,4.0,train,141,361,0.40957629680633545,3.9349567890167236,5.120567321777344
DeformationEnergy,4.0,train,162,416,0.359492689371109,3.929905652999878,5.135802268981934
DeformationEnergy,4.0,train,168,430,0.3522142767906189,3.9094884395599365,5.11904764175415
DeformationEnergy,4.0,train,168,430,0.3538782000541687,3.912144899368286,5.11904764175415
DeformationEnergy,4.0,train,168,430,0.3557475507259369,3.926650285720825,5.11904764175415
DeformationEnergy,4.0,train,168,430,0.35627028346061707,3.9283454418182373,5.11904764175415
DeformationEnergy,4.0,train,168,431,0.35691720247268677,3.935330629348755,5.13095235824585
DeformationEnergy,4.0,train,168,431,0.357086181640625,3.94819712638855,5.13095235824585
DeformationEnergy,6.0,train,6,9,0.8660253882408142,3.722419500350952,3.0
DeformationEnergy,6.0,train,6,9,0.8678604960441589,3.7336652278900146,3.0
DeformationEnergy,6.0,train,6,9,0.8898162245750427,3.7400009632110596,3.0
DeformationEnergy,6.0,train,6,9,0.92401123046875,3.7457683086395264,3.0
DeformationEnergy,6.0,train,6,9,0.93423992395401,3.7483742237091064,3.0
DeformationEnergy,6.0,train,6,9,0.9349591732025146,3.7514851093292236,3.0
DeformationEnergy,6.0,train,6,9,0.9355804920196533,3.75838303565979,3.0
DeformationEnergy,6.0,train,7,11,0.7985891103744507,3.876018524169922,3.142857074737549
DeformationEnergy,6.0,train,8,13,0.6925177574157715,3.859574556350708,3.25
DeformationEnergy,6.0,train,9,15,0.6571540832519531,3.8705875873565674,3.3333332538604736
DeformationEnergy,6.0,train,9,15,0.6911675930023193,3.864368438720703,3.3333332538604736
DeformationEnergy,6.0,train,9,15,0.7259302735328674,3.864136219024658,3.3333332538604736
DeformationEnergy,6.0,train,10,17,0.7117637395858765,3.902129650115967,3.4000000953674316
DeformationEnergy,6.0,train,10,17,0.7488833665847778,3.8769888877868652,3.4000000953674316
DeformationEnergy,6.0,train,10,17,0.7900492548942566,3.8692049980163574,3.4000000953674316
DeformationEnergy,6.0,train,12,21,0.7193711400032043,3.848475694656372,3.5
DeformationEnergy,6.0,train,12,21,0.7531811594963074,3.8411872386932373,3.5
DeformationEnergy,6.0,train,12,21,0.7793695330619812,3.8371150493621826,3.5
DeformationEnergy,6.0,train,12,21,0.8304169774055481,3.8360989093780518,3.5
DeformationEnergy,6.0,train,12,21,0.8560645580291748,3.8375484943389893,3.5
DeformationEnergy,6.0,train,12,21,0.8798119425773621,3.8384411334991455,3.5
DeformationEnergy,6.0,train,12,21,0.9151325821876526,3.8375606536865234,3.5
DeformationEnergy,6.0,train,12,21,0.9260310530662537,3.8359854221343994,3.5
DeformationEnergy,6.0,train,12,21,0.9272734522819519,3.833838701248169,3.5
DeformationEnergy,6.0,train,12,21,0.9284984469413757,3.8315258026123047,3.5
DeformationEnergy,6.0,train,13,23,0.8556693196296692,3.8852880001068115,3.538461446762085
DeformationEnergy,6.0,train,15,27,0.7350196838378906,3.8851053714752197,3.5999999046325684
DeformationEnergy,6.0,train,17,31,0.6776266694068909,3.9091131687164307,3.6470587253570557
DeformationEnergy,6.0,train,17,31,0.7070571184158325,3.9066593647003174,3.6470587253570557
DeformationEnergy,6.0,train,17,32,0.7379988431930542,3.9034392833709717,3.7647058963775635
DeformationEnergy,6.0,train,19,37,0.709881603717804,3.929358959197998,3.8947367668151855
DeformationEnergy,6.0,train,19,37,0.738714337348938,3.9110476970672607,3.8947367668151855
DeformationEnergy,6.0,train,19,37,0.7741593718528748,3.9139139652252197,3.8947367668151855
DeformationEnergy,6.0,train,22,44,0.7294498085975647,3.9397199153900146,4.0
DeformationEnergy,6.0,train,22,44,0.7610434889793396,3.9323883056640625,4.0
DeformationEnergy,6.0,train,22,44,0.7850759029388428,3.9284346103668213,4.0
DeformationEnergy,6.0,train,22,44,0.8300085663795471,3.9323911666870117,4.0
DeformationEnergy,6.0,train,22,44,0.8512381911277771,3.935427665710449,4.0
DeformationEnergy,6.0,train,22,44,0.872484564781189,3.9379355907440186,4.0
DeformationEnergy,6.0,train,22,44,0.9044572710990906,3.9342305660247803,4.0
DeformationEnergy,6.0,train,22,44,0.9143359661102295,3.9311766624450684,4.0
DeformationEnergy,6.0,train,22,44,0.916670560836792,3.9273712635040283,4.0
DeformationEnergy,6.0,train,22,44,0.9185540676116943,3.921046257019043,4.0
DeformationEnergy,6.0,train,24,48,0.8410683274269104,3.978792190551758,4.0
DeformationEnergy,6.0,train,28,60,0.7208939790725708,3.9192957878112793,4.285714149475098
DeformationEnergy,6.0,train,32,69,0.6553844809532166,3.906039237976074,4.3125
DeformationEnergy,6.0,train,32,69,0.6837442517280579,3.8977768421173096,4.3125
DeformationEnergy,6.0,train,32,69,0.7132726311683655,3.9003379344940186,4.3125
DeformationEnergy,6.0,train,35,76,0.7003722786903381,3.923595666885376,4.342857360839844
DeformationEnergy,6.0,train,35,76,0.7254082560539246,3.9200992584228516,4.342857360839844
DeformationEnergy,6.0,train,35,76,0.7517802715301514,3.9258391857147217,4.342857360839844
DeformationEnergy,6.0,train,39,86,0.7119316458702087,3.9420294761657715,4.410256385803223
DeformationEnergy,6.0,train,39,86,0.7331119179725647,3.945620059967041,4.410256385803223
DeformationEnergy,6.0,train,39,87,0.7462153434753418,3.9386579990386963,4.461538314819336
DeformationEnergy,6.0,train,39,87,0.7700843811035156,3.935724973678589,4.461538314819336
DeformationEnergy,6.0,train,39,87,0.7812419533729553,3.9378345012664795,4.461538314819336
DeformationEnergy,6.0,train,39,87,0.7929806709289551,3.941152334213257,4.461538314819336
DeformationEnergy,6.0,train,39,88,0.8178344368934631,3.939265251159668,4.512820720672607
DeformationEnergy,6.0,train,39,89,0.8309234976768494,3.9220502376556396,4.564102649688721
DeformationEnergy,6.0,train,39,89,0.8397958278656006,3.916533946990967,4.564102649688721
DeformationEnergy,6.0,train,39,89,0.8540898561477661,3.9152026176452637,4.564102649688721
DeformationEnergy,6.0,train,42,96,0.7985645532608032,3.9371323585510254,4.5714287757873535
DeformationEnergy,6.0,train,47,110,0.7165473103523254,3.918100595474243,4.680850982666016
DeformationEnergy,6.0,train,55,130,0.6184760928153992,3.9250457286834717,4.7272725105285645
DeformationEnergy,6.0,train,55,130,0.6319796442985535,3.9132931232452393,4.7272725105285645
DeformationEnergy,6.0,train,55,130,0.6468040347099304,3.913548231124878,4.7272725105285645
DeformationEnergy,6.0,train,60,144,0.6209784150123596,3.9296786785125732,4.800000190734863
DeformationEnergy,6.0,train,60,144,0.6365796327590942,3.9270410537719727,4.800000190734863
DeformationEnergy,6.0,train,60,144,0.6526395678520203,3.9308903217315674,4.800000190734863
DeformationEnergy,6.0,train,66,159,0.6214914917945862,3.9369163513183594,4.818181991577148
DeformationEnergy,6.0,train,66,159,0.6360862851142883,3.9294557571411133,4.818181991577148
DeformationEnergy,6.0,train,66,159,0.64422607421875,3.926600217819214,4.818181991577148
DeformationEnergy,6.0,train,66,159,0.6575719714164734,3.9212839603424072,4.818181991577148
DeformationEnergy,6.0,train,66,159,0.6641361713409424,3.92305588722229,4.818181991577148
DeformationEnergy,6.0,train,66,159,0.6708248257637024,3.9269473552703857,4.818181991577148
DeformationEnergy,6.0,train,66,159,0.6847528219223022,3.9376964569091797,4.818181991577148
DeformationEnergy,6.0,train,66,159,0.6920189261436462,3.941575050354004,4.818181991577148
DeformationEnergy,6.0,train,66,159,0.699186384677887,3.9425086975097656,4.818181991577148
DeformationEnergy,6.0,train,66,159,0.7124530673027039,3.942941904067993,4.818181991577148
DeformationEnergy,6.0,train,71,172,0.6680260896682739,3.9514598846435547,4.8450703620910645
DeformationEnergy,6.0,train,79,195,0.6052335500717163,3.9559168815612793,4.936708927154541
DeformationEnergy,6.0,train,90,222,0.5372425317764282,3.9594571590423584,4.933333396911621
DeformationEnergy,6.0,train,90,222,0.5446176528930664,3.9492578506469727,4.933333396911621
DeformationEnergy,6.0,train,90,222,0.5531286597251892,3.940812587738037,4.933333396911621
DeformationEnergy,6.0,train,97,240,0.5308995842933655,3.9619574546813965,4.948453426361084
DeformationEnergy,6.0,train,97,240,0.539875328540802,3.9563956260681152,4.948453426361084
DeformationEnergy,6.0,train,97,240,0.5490806102752686,3.959272861480713,4.948453426361084
DeformationEnergy,6.0,train,107,268,0.5169793963432312,3.9592416286468506,5.009346008300781
DeformationEnergy,6.0,train,107,268,0.5261580348014832,3.958374500274658,5.009346008300781
DeformationEnergy,6.0,train,107,268,0.5329399704933167,3.9529666900634766,5.009346008300781
DeformationEnergy,6.0,train,107,268,0.543394148349762,3.950803756713867,5.009346008300781
DeformationEnergy,6.0,train,107,268,0.5473663806915283,3.9439008235931396,5.009346008300781
DeformationEnergy,6.0,train,107,268,0.5510808825492859,3.9402523040771484,5.009346008300781
DeformationEnergy,6.0,train,107,268,0.5550776124000549,3.939002275466919,5.009346008300781
DeformationEnergy,6.0,train,107,268,0.5564476251602173,3.942105531692505,5.009346008300781
DeformationEnergy,6.0,train,107,268,0.5575292110443115,3.9443552494049072,5.009346008300781
DeformationEnergy,6.0,train,107,268,0.5591756105422974,3.941504955291748,5.009346008300781
DeformationEnergy,6.0,train,115,290,0.520836591720581,3.9651873111724854,5.043478488922119
DeformationEnergy,6.0,train,125,317,0.479309618473053,3.9566526412963867,5.072000026702881
DeformationEnergy,6.0,train,140,355,0.42817768454551697,3.940460205078125,5.0714287757873535
DeformationEnergy,6.0,train,140,355,0.42844271659851074,3.9338700771331787,5.0714287757873535
DeformationEnergy,6.0,train,140,355,0.42848482728004456,3.9299964904785156,5.0714287757873535
DeformationEnergy,6.0,train,150,384,0.39998582005500793,3.9241740703582764,5.119999885559082
DeformationEnergy,6.0,train,150,384,0.4000000059604645,3.9255738258361816,5.119999885559082
DeformationEnergy,6.0,train,6,9,0.8660253882408142,3.722419500350952,3.0
DeformationEnergy,6.0,train,7,11,0.6854335069656372,3.7860331535339355,3.142857074737549
DeformationEnergy,6.0,train,7,11,0.7217552065849304,3.7833778858184814,3.142857074737549
DeformationEnergy,6.0,train,8,13,0.6598540544509888,3.836207389831543,3.25
DeformationEnergy,6.0,train,8,13,0.734137773513794,3.7963757514953613,3.25
DeformationEnergy,6.0,train,9,15,0.6828819513320923,3.819788932800293,3.3333332538604736
DeformationEnergy,6.0,train,9,15,0.7276567816734314,3.8078744411468506,3.3333332538604736
DeformationEnergy,6.0,train,9,15,0.8071799874305725,3.804392099380493,3.3333332538604736
DeformationEnergy,6.0,train,9,15,0.8339481353759766,3.805664539337158,3.3333332538604736
DeformationEnergy,6.0,train,9,15,0.8571174144744873,3.8079142570495605,3.3333332538604736
DeformationEnergy,6.0,train,9,15,0.9022665023803711,3.813462972640991,3.3333332538604736
DeformationEnergy,6.0,train,9,15,0.9148008823394775,3.815387725830078,3.3333332538604736
DeformationEnergy,6.0,train,9,15,0.9265320301055908,3.8176040649414062,3.3333332538604736
DeformationEnergy,6.0,train,9,15,0.9317222237586975,3.817394733428955,3.3333332538604736
DeformationEnergy,6.0,train,10,17,0.8365217447280884,3.8909614086151123,3.4000000953674316
DeformationEnergy,6.0,train,10,17,0.8372309803962708,3.847496747970581,3.4000000953674316
DeformationEnergy,6.0,train,10,17,0.858607292175293,3.8222808837890625,3.4000000953674316
DeformationEnergy,6.0,train,12,21,0.718049943447113,3.8528172969818115,3.5
DeformationEnergy,6.0,train,12,21,0.7308406829833984,3.824880599975586,3.5
DeformationEnergy,6.0,train,14,26,0.6762310862541199,3.833481550216675,3.7142856121063232
DeformationEnergy,6.0,train,14,26,0.7130816578865051,3.8274879455566406,3.7142856121063232
DeformationEnergy,6.0,train,16,30,0.6523066163063049,3.907341480255127,3.75
DeformationEnergy,6.0,train,16,30,0.7243261933326721,3.8703105449676514,3.75
DeformationEnergy,6.0,train,18,34,0.6743531227111816,3.88741397857666,3.777777671813965
DeformationEnergy,6.0,train,18,34,0.7172933220863342,3.874605894088745,3.777777671813965
DeformationEnergy,6.0,train,18,34,0.7908144593238831,3.878262519836426,3.777777671813965
DeformationEnergy,6.0,train,18,34,0.8181541562080383,3.8820483684539795,3.777777671813965
DeformationEnergy,6.0,train,18,34,0.8417831659317017,3.8852953910827637,3.777777671813965
DeformationEnergy,6.0,train,18,35,0.8843560814857483,3.887702465057373,3.8888888359069824
DeformationEnergy,6.0,train,18,35,0.8959112167358398,3.8835856914520264,3.8888888359069824
DeformationEnergy,6.0,train,18,35,0.9070495963096619,3.8843324184417725,3.8888888359069824
DeformationEnergy,6.0,train,18,35,0.9183565974235535,3.8777525424957275,3.8888888359069824
DeformationEnergy,6.0,train,19,37,0.8702824115753174,3.884042739868164,3.8947367668151855
DeformationEnergy,6.0,train,19,37,0.872401773929596,3.868225574493408,3.8947367668151855
DeformationEnergy,6.0,train,19,37,0.884147047996521,3.8608105182647705,3.8947367668151855
DeformationEnergy,6.0,train,23,47,0.7300859689712524,3.91355299949646,4.08695650100708
DeformationEnergy,6.0,train,23,47,0.7400764226913452,3.8633124828338623,4.08695650100708
DeformationEnergy,6.0,train,26,55,0.6935685276985168,3.8669533729553223,4.230769157409668
DeformationEnergy,6.0,train,26,55,0.7206475734710693,3.8663618564605713,4.230769157409668
DeformationEnergy,6.0,train,29,61,0.6669389605522156,3.938959836959839,4.206896781921387
DeformationEnergy,6.0,train,29,61,0.7222555875778198,3.915468692779541,4.206896781921387
DeformationEnergy,6.0,train,33,70,0.6581045389175415,3.9549741744995117,4.242424011230469
DeformationEnergy,6.0,train,33,70,0.6894617676734924,3.962190628051758,4.242424011230469
DeformationEnergy,6.0,train,33,70,0.7435771822929382,3.9858994483947754,4.242424011230469
DeformationEnergy,6.0,train,33,70,0.7633602023124695,3.994263172149658,4.242424011230469
DeformationEnergy,6.0,train,33,70,0.7805744409561157,4.002522945404053,4.242424011230469
DeformationEnergy,6.0,train,33,72,0.8169333934783936,3.9917922019958496,4.363636493682861
DeformationEnergy,6.0,train,33,72,0.8261336088180542,3.9953651428222656,4.363636493682861
DeformationEnergy,6.0,train,33,72,0.8347654938697815,4.002533912658691,4.363636493682861
DeformationEnergy,6.0,train,33,72,0.8511739373207092,4.012424468994141,4.363636493682861
DeformationEnergy,6.0,train,35,76,0.8092573285102844,4.027340888977051,4.342857360839844
DeformationEnergy,6.0,train,35,76,0.8147542476654053,4.014985084533691,4.342857360839844
DeformationEnergy,6.0,train,35,76,0.8247058391571045,4.003883361816406,4.342857360839844
DeformationEnergy,6.0,train,40,90,0.7247429490089417,4.009271144866943,4.5
DeformationEnergy,6.0,train,40,90,0.7328469753265381,3.9896907806396484,4.5
DeformationEnergy,6.0,train,44,101,0.6860441565513611,3.964785575866699,4.590909004211426
DeformationEnergy,6.0,train,44,101,0.6986469626426697,3.9686167240142822,4.590909004211426
DeformationEnergy,6.0,train,50,116,0.6239855885505676,3.994230270385742,4.639999866485596
DeformationEnergy,6.0,train,50,117,0.6600866913795471,3.964493989944458,4.679999828338623
DeformationEnergy,6.0,train,56,134,0.6072526574134827,3.9052531719207764,4.785714149475098
DeformationEnergy,6.0,train,56,134,0.6239662170410156,3.9048826694488525,4.785714149475098
DeformationEnergy,6.0,train,56,134,0.6536731719970703,3.9112842082977295,4.785714149475098
DeformationEnergy,6.0,train,56,134,0.6677212119102478,3.914644241333008,4.785714149475098
DeformationEnergy,6.0,train,56,134,0.681818425655365,3.918386220932007,4.785714149475098
DeformationEnergy,6.0,train,56,134,0.709895670413971,3.9287407398223877,4.785714149475098
DeformationEnergy,6.0,train,56,134,0.7189620137214661,3.9333860874176025,4.785714149475098
DeformationEnergy,6.0,train,56,134,0.7262210845947266,3.9389419555664062,4.785714149475098
DeformationEnergy,6.0,train,56,134,0.7397164702415466,3.946664333343506,4.785714149475098
DeformationEnergy,6.0,train,60,144,0.6965194940567017,3.957406520843506,4.800000190734863
DeformationEnergy,6.0,train,60,144,0.7025299668312073,3.9526398181915283,4.800000190734863
DeformationEnergy,6.0,train,60,144,0.7137998938560486,3.949359655380249,4.800000190734863
DeformationEnergy,6.0,train,67,163,0.6433000564575195,3.991137981414795,4.865671634674072
DeformationEnergy,6.0,train,67,163,0.6472174525260925,3.9669320583343506,4.865671634674072
DeformationEnergy,6.0,train,72,175,0.6103916168212891,3.9653196334838867,4.861111164093018
DeformationEnergy,6.0,train,72,175,0.6153414249420166,3.95992112159729,4.861111164093018
DeformationEnergy,6.0,train,81,198,0.5499903559684753,3.988805055618286,4.888888835906982
DeformationEnergy,6.0,train,81,198,0.5639728307723999,3.9559013843536377,4.888888835906982
DeformationEnergy,6.0,train,89,220,0.5230024456977844,3.9345946311950684,4.943819999694824
DeformationEnergy,6.0,train,89,220,0.5335918664932251,3.9363632202148438,4.943819999694824
DeformationEnergy,6.0,train,89,220,0.5548229217529297,3.9247710704803467,4.943819999694824
DeformationEnergy,6.0,train,89,220,0.5656116008758545,3.9267845153808594,4.943819999694824
DeformationEnergy,6.0,train,89,220,0.5767294764518738,3.9302008152008057,4.943819999694824
DeformationEnergy,6.0,train,89,220,0.5991795063018799,3.93682861328125,4.943819999694824
DeformationEnergy,6.0,train,89,220,0.6072562336921692,3.9333372116088867,4.943819999694824
DeformationEnergy,6.0,train,89,220,0.6140359044075012,3.932224988937378,4.943819999694824
DeformationEnergy,6.0,train,89,220,0.6256549954414368,3.9293785095214844,4.943819999694824
DeformationEnergy,6.0,train,96,237,0.5848795771598816,3.9435932636260986,4.9375
DeformationEnergy,6.0,train,96,237,0.5894824862480164,3.930107355117798,4.9375
DeformationEnergy,6.0,train,96,237,0.5978727340698242,3.926837205886841,4.9375
DeformationEnergy,6.0,train,106,263,0.5446569919586182,3.9489831924438477,4.962264060974121
DeformationEnergy,6.0,train,106,263,0.5472065806388855,3.929241180419922,4.962264060974121
DeformationEnergy,6.0,train,114,287,0.5133350491523743,3.9294559955596924,5.035087585449219
DeformationEnergy,6.0,train,114,287,0.5155448913574219,3.937723159790039,5.035087585449219
DeformationEnergy,6.0,train,127,321,0.46398067474365234,3.9713971614837646,5.055118083953857
DeformationEnergy,6.0,train,127,321,0.4688725471496582,3.9462504386901855,5.055118083953857
DeformationEnergy,6.0,train,138,351,0.4332026541233063,3.952922821044922,5.08695650100708
DeformationEnergy,6.0,train,138,351,0.43412935733795166,3.9486570358276367,5.08695650100708
DeformationEnergy,6.0,train,138,351,0.43478259444236755,3.944079875946045,5.08695650100708
DeformationEnergy,6.0,train,6,9,0.8660253882408142,3.722419500350952,3.0
DeformationEnergy,6.0,train,6,9,0.9281012415885925,3.7314603328704834,3.0
DeformationEnergy,6.0,train,6,9,0.9341201782226562,3.7416632175445557,3.0
DeformationEnergy,6.0,train,6,9,0.9344370365142822,3.7450435161590576,3.0
DeformationEnergy,6.0,train,6,9,0.9347644448280334,3.748382806777954,3.0
DeformationEnergy,6.0,train,6,9,0.9353795051574707,3.755291700363159,3.0
DeformationEnergy,6.0,train,6,9,0.9356564879417419,3.75883412361145,3.0
DeformationEnergy,6.0,train,6,9,0.9359123110771179,3.762394905090332,3.0
DeformationEnergy,6.0,train,7,11,0.8036075234413147,3.8052172660827637,3.142857074737549
DeformationEnergy,6.0,train,7,11,0.8186456561088562,3.795743465423584,3.142857074737549
DeformationEnergy,6.0,train,8,13,0.7248876690864563,3.8522682189941406,3.25
DeformationEnergy,6.0,train,11,19,0.5553275942802429,3.900855779647827,3.454545497894287
DeformationEnergy,6.0,train,12,21,0.5412015318870544,3.8711555004119873,3.5
DeformationEnergy,6.0,train,12,21,0.5894313454627991,3.848407506942749,3.5
DeformationEnergy,6.0,train,12,21,0.6910977363586426,3.843158006668091,3.5
DeformationEnergy,6.0,train,12,21,0.7408215999603271,3.845870018005371,3.5
DeformationEnergy,6.0,train,12,21,0.7847897410392761,3.8473663330078125,3.5
DeformationEnergy,6.0,train,12,21,0.8646734356880188,3.8508613109588623,3.5
DeformationEnergy,6.0,train,12,21,0.8965606093406677,3.852027177810669,3.5
DeformationEnergy,6.0,train,12,21,0.9156519770622253,3.84953236579895,3.5
DeformationEnergy,6.0,train,12,21,0.9233821034431458,3.8384029865264893,3.5
DeformationEnergy,6.0,train,12,21,0.9241816401481628,3.8346824645996094,3.5
DeformationEnergy,6.0,train,12,21,0.9248924851417542,3.831646680831909,3.5
DeformationEnergy,6.0,train,12,21,0.9261534214019775,3.827021360397339,3.5
DeformationEnergy,6.0,train,12,21,0.9267260432243347,3.8252763748168945,3.5
DeformationEnergy,6.0,train,12,21,0.9272684454917908,3.8238441944122314,3.5
DeformationEnergy,6.0,train,14,26,0.7970318794250488,3.843799114227295,3.7142856121063232
DeformationEnergy,6.0,train,14,26,0.8112974762916565,3.835413694381714,3.7142856121063232
DeformationEnergy,6.0,train,16,30,0.7166216969490051,3.8929033279418945,3.75
DeformationEnergy,6.0,train,22,46,0.552350640296936,3.9314210414886475,4.181818008422852
DeformationEnergy,6.0,train,23,48,0.5622711181640625,3.8959009647369385,4.17391300201416
DeformationEnergy,6.0,train,23,48,0.6074603796005249,3.8846137523651123,4.17391300201416
DeformationEnergy,6.0,train,23,48,0.7036042213439941,3.888251543045044,4.17391300201416
DeformationEnergy,6.0,train,23,48,0.7496515512466431,3.8937828540802,4.17391300201416
DeformationEnergy,6.0,train,23,48,0.7911152839660645,3.899601697921753,4.17391300201416
DeformationEnergy,6.0,train,23,48,0.864541232585907,3.9118645191192627,4.17391300201416
DeformationEnergy,6.0,train,23,48,0.8909044861793518,3.9186620712280273,4.17391300201416
DeformationEnergy,6.0,train,23,48,0.9069504141807556,3.919121026992798,4.17391300201416
DeformationEnergy,6.0,train,23,48,0.9157700538635254,3.911041021347046,4.17391300201416
DeformationEnergy,6.0,train,23,48,0.9171401262283325,3.9077308177948,4.17391300201416
DeformationEnergy,6.0,train,23,48,0.9181832671165466,3.90495228767395,4.17391300201416
DeformationEnergy,6.0,train,23,48,0.9198279976844788,3.9006059169769287,4.17391300201416
DeformationEnergy,6.0,train,23,48,0.9205244183540344,3.8988959789276123,4.17391300201416
DeformationEnergy,6.0,train,23,48,0.9211657047271729,3.897428512573242,4.17391300201416
DeformationEnergy,6.0,train,25,53,0.8487089276313782,3.911484718322754,4.239999771118164
DeformationEnergy,6.0,train,25,53,0.8547732830047607,3.907735824584961,4.239999771118164
DeformationEnergy,6.0,train,29,64,0.7410609722137451,3.9237921237945557,4.413793087005615
DeformationEnergy,6.0,train,38,86,0.5943479537963867,3.9179165363311768,4.526315689086914
DeformationEnergy,6.0,train,40,90,0.5859938263893127,3.9014480113983154,4.5
DeformationEnergy,6.0,train,40,90,0.615780234336853,3.9010376930236816,4.5
DeformationEnergy,6.0,train,40,90,0.6714856028556824,3.923666477203369,4.5
DeformationEnergy,6.0,train,40,90,0.6951879262924194,3.93632435798645,4.5
DeformationEnergy,6.0,train,40,90,0.7188195586204529,3.9490764141082764,4.5
DeformationEnergy,6.0,train,40,91,0.763271152973175,3.943518877029419,4.550000190734863
DeformationEnergy,6.0,train,40,91,0.7796205282211304,3.9433982372283936,4.550000190734863
DeformationEnergy,6.0,train,40,91,0.7957695722579956,3.9472365379333496,4.550000190734863
DeformationEnergy,6.0,train,40,91,0.8185678720474243,3.9494876861572266,4.550000190734863
DeformationEnergy,6.0,train,40,91,0.827069103717804,3.9498162269592285,4.550000190734863
DeformationEnergy,6.0,train,40,91,0.8345407247543335,3.949544906616211,4.550000190734863
DeformationEnergy,6.0,train,40,91,0.8475702404975891,3.9475035667419434,4.550000190734863
DeformationEnergy,6.0,train,40,91,0.8532045483589172,3.946150302886963,4.550000190734863
DeformationEnergy,6.0,train,40,91,0.8582589030265808,3.944383144378662,4.550000190734863
DeformationEnergy,6.0,train,44,102,0.7876641750335693,3.9345204830169678,4.636363506317139
DeformationEnergy,6.0,train,44,102,0.7907499670982361,3.929455041885376,4.636363506317139
DeformationEnergy,6.0,train,50,117,0.6964702010154724,3.9286389350891113,4.679999828338623
DeformationEnergy,6.0,train,67,162,0.5376113057136536,3.9353373050689697,4.83582067489624
DeformationEnergy,6.0,train,70,171,0.522767186164856,3.918813705444336,4.885714054107666
DeformationEnergy,6.0,train,70,171,0.5348311066627502,3.906501054763794,4.885714054107666
DeformationEnergy,6.0,train,70,171,0.5599114298820496,3.903278112411499,4.885714054107666
DeformationEnergy,6.0,train,70,171,0.5728721618652344,3.908376693725586,4.885714054107666
DeformationEnergy,6.0,train,70,171,0.5858244299888611,3.9135799407958984,4.885714054107666
DeformationEnergy,6.0,train,70,171,0.6115598678588867,3.9121272563934326,4.885714054107666
DeformationEnergy,6.0,train,70,171,0.621502697467804,3.912217140197754,4.885714054107666
DeformationEnergy,6.0,train,70,171,0.6318650841712952,3.914551258087158,4.885714054107666
DeformationEnergy,6.0,train,70,171,0.6506320834159851,3.9024195671081543,4.885714054107666
DeformationEnergy,6.0,train,70,171,0.6585665345191956,3.9010584354400635,4.885714054107666
DeformationEnergy,6.0,train,70,171,0.6659610271453857,3.9007768630981445,4.885714054107666
DeformationEnergy,6.0,train,70,171,0.6796216368675232,3.901366710662842,4.885714054107666
DeformationEnergy,6.0,train,70,171,0.6859915852546692,3.9019107818603516,4.885714054107666
DeformationEnergy,6.0,train,70,171,0.6920790076255798,3.9024722576141357,4.885714054107666
DeformationEnergy,6.0,train,76,185,0.6481520533561707,3.904299736022949,4.8684210777282715
DeformationEnergy,6.0,train,76,185,0.6532348990440369,3.901751756668091,4.8684210777282715
DeformationEnergy,6.0,train,85,209,0.5868787169456482,3.913172721862793,4.917646884918213
DeformationEnergy,6.0,train,106,264,0.48379892110824585,3.9114439487457275,4.9811320304870605
DeformationEnergy,6.0,train,110,275,0.4729178547859192,3.9003589153289795,5.0
DeformationEnergy,6.0,train,110,275,0.48052024841308594,3.895775318145752,5.0
DeformationEnergy,6.0,train,110,275,0.4948959946632385,3.9057562351226807,5.0
DeformationEnergy,6.0,train,110,275,0.502461850643158,3.9059031009674072,5.0
DeformationEnergy,6.0,train,110,275,0.510623037815094,3.9119622707366943,5.0
DeformationEnergy,6.0,train,110,275,0.5264919400215149,3.9233946800231934,5.0
DeformationEnergy,6.0,train,110,275,0.5318132638931274,3.929938316345215,5.0
DeformationEnergy,6.0,train,110,275,0.5361163020133972,3.935286283493042,5.0
DeformationEnergy,6.0,train,110,275,0.5414983034133911,3.9389915466308594,5.0
DeformationEnergy,6.0,train,110,275,0.5426307320594788,3.9420294761657715,5.0
DeformationEnergy,6.0,train,110,275,0.5434645414352417,3.9450783729553223,5.0
DeformationEnergy,6.0,train,110,275,0.5443322658538818,3.948870897293091,5.0
DeformationEnergy,6.0,train,110,275,0.5446454286575317,3.9502663612365723,5.0
DeformationEnergy,6.0,train,120,304,0.4999390244483948,3.9617345333099365,5.066666603088379
DeformationEnergy,8.0,train,6,9,0.8660253882408142,3.722419500350952,3.0
DeformationEnergy,8.0,train,6,9,0.8853812217712402,3.7334768772125244,3.0
DeformationEnergy,8.0,train,6,9,0.9075562953948975,3.739593505859375,3.0
DeformationEnergy,8.0,train,6,9,0.9245265126228333,3.7427682876586914,3.0
DeformationEnergy,8.0,train,6,9,0.9415138363838196,3.745138168334961,3.0
DeformationEnergy,8.0,train,6,9,0.9508874416351318,3.747673988342285,3.0
DeformationEnergy,8.0,train,6,9,0.9515423774719238,3.753995895385742,3.0
DeformationEnergy,8.0,train,6,9,0.951762855052948,3.7574222087860107,3.0
DeformationEnergy,8.0,train,7,11,0.8125013709068298,3.87630033493042,3.142857074737549
DeformationEnergy,8.0,train,8,13,0.7112176418304443,3.8616461753845215,3.25
DeformationEnergy,8.0,train,9,15,0.6503214240074158,3.9130444526672363,3.3333332538604736
DeformationEnergy,8.0,train,9,15,0.7135750651359558,3.8659744262695312,3.3333332538604736
DeformationEnergy,8.0,train,9,15,0.747954785823822,3.8651187419891357,3.3333332538604736
DeformationEnergy,8.0,train,9,15,0.7823178768157959,3.866795063018799,3.3333332538604736
DeformationEnergy,8.0,train,10,17,0.7320462465286255,3.9009323120117188,3.4000000953674316
DeformationEnergy,8.0,train,10,17,0.7708522081375122,3.876157760620117,3.4000000953674316
DeformationEnergy,8.0,train,12,21,0.7053417563438416,3.8685271739959717,3.5
DeformationEnergy,8.0,train,12,21,0.7416963577270508,3.8492050170898438,3.5
DeformationEnergy,8.0,train,12,21,0.7746947407722473,3.84224009513855,3.5
DeformationEnergy,8.0,train,12,21,0.8005126118659973,3.8385143280029297,3.5
DeformationEnergy,8.0,train,12,21,0.8258965611457825,3.83750057220459,3.5
DeformationEnergy,8.0,train,12,21,0.8769248127937317,3.839545488357544,3.5
DeformationEnergy,8.0,train,12,21,0.9001632332801819,3.8402633666992188,3.5
DeformationEnergy,8.0,train,12,21,0.9176289439201355,3.839372396469116,3.5
DeformationEnergy,8.0,train,12,21,0.9348213076591492,3.8391952514648438,3.5
DeformationEnergy,8.0,train,12,21,0.9447417855262756,3.83740234375,3.5
DeformationEnergy,8.0,train,12,21,0.9459781646728516,3.8336002826690674,3.5
DeformationEnergy,8.0,train,12,21,0.9464004635810852,3.8325603008270264,3.5
DeformationEnergy,8.0,train,13,23,0.8722473978996277,3.88718581199646,3.538461446762085
DeformationEnergy,8.0,train,15,27,0.754085898399353,3.8880600929260254,3.5999999046325684
DeformationEnergy,8.0,train,17,31,0.6771543025970459,3.941957712173462,3.6470587253570557
DeformationEnergy,8.0,train,17,31,0.7303175926208496,3.9116668701171875,3.6470587253570557
DeformationEnergy,8.0,train,17,32,0.7614089846611023,3.900355577468872,3.7647058963775635
DeformationEnergy,8.0,train,17,32,0.7913134098052979,3.8961100578308105,3.7647058963775635
DeformationEnergy,8.0,train,19,37,0.730370044708252,3.9377312660217285,3.8947367668151855
DeformationEnergy,8.0,train,19,37,0.7621204853057861,3.917626142501831,3.8947367668151855
DeformationEnergy,8.0,train,22,44,0.7192202210426331,3.9646942615509033,4.0
DeformationEnergy,8.0,train,22,44,0.7542816400527954,3.944322109222412,4.0
DeformationEnergy,8.0,train,22,44,0.7857615947723389,3.9374396800994873,4.0
DeformationEnergy,8.0,train,22,44,0.8087829351425171,3.9346868991851807,4.0
DeformationEnergy,8.0,train,22,44,0.8313838839530945,3.9362640380859375,4.0
DeformationEnergy,8.0,train,22,44,0.8750519156455994,3.9419853687286377,4.0
DeformationEnergy,8.0,train,22,44,0.8965291976928711,3.944122552871704,4.0
DeformationEnergy,8.0,train,22,44,0.9126659631729126,3.941539764404297,4.0
DeformationEnergy,8.0,train,22,44,0.9273423552513123,3.939028263092041,4.0
DeformationEnergy,8.0,train,22,44,0.9360367059707642,3.9354324340820312,4.0
DeformationEnergy,8.0,train,22,44,0.9382993578910828,3.9274849891662598,4.0
DeformationEnergy,8.0,train,22,44,0.9388728737831116,3.9243247509002686,4.0
DeformationEnergy,8.0,train,24,48,0.859653651714325,3.9812724590301514,4.0
DeformationEnergy,8.0,train,28,60,0.7389493584632874,3.920544147491455,4.285714149475098
DeformationEnergy,8.0,train,32,68,0.656252920627594,3.943716526031494,4.25
DeformationEnergy,8.0,train,32,69,0.7076711654663086,3.904433250427246,4.3125
DeformationEnergy,8.0,train,32,69,0.7362147569656372,3.908231258392334,4.3125
DeformationEnergy,8.0,train,32,69,0.763942539691925,3.915992021560669,4.3125
DeformationEnergy,8.0,train,35,76,0.721200168132782,3.929857015609741,4.342857360839844
DeformationEnergy,8.0,train,35,76,0.7474252581596375,3.9268698692321777,4.342857360839844
DeformationEnergy,8.0,train,39,86,0.7127866744995117,3.960169553756714,4.410256385803223
DeformationEnergy,8.0,train,39,86,0.7357966899871826,3.952840566635132,4.410256385803223
DeformationEnergy,8.0,train,39,87,0.7584054470062256,3.9388439655303955,4.461538314819336
DeformationEnergy,8.0,train,39,88,0.7734792232513428,3.926819324493408,4.512820720672607
DeformationEnergy,8.0,train,39,88,0.7862094044685364,3.9218077659606934,4.512820720672607
DeformationEnergy,8.0,train,39,88,0.8102536201477051,3.9243671894073486,4.512820720672607
DeformationEnergy,8.0,train,39,88,0.8222284317016602,3.9276459217071533,4.512820720672607
DeformationEnergy,8.0,train,39,88,0.8346095681190491,3.9314422607421875,4.512820720672607
DeformationEnergy,8.0,train,39,88,0.84695965051651,3.9354615211486816,4.512820720672607
DeformationEnergy,8.0,train,39,88,0.8585185408592224,3.93731689453125,4.512820720672607
DeformationEnergy,8.0,train,39,89,0.8776975870132446,3.919820547103882,4.564102649688721
DeformationEnergy,8.0,train,39,89,0.8847336173057556,3.9189867973327637,4.564102649688721
DeformationEnergy,8.0,train,42,96,0.827237069606781,3.9399051666259766,4.5714287757873535
DeformationEnergy,8.0,train,47,110,0.7423809170722961,3.9192910194396973,4.680850982666016
DeformationEnergy,8.0,train,55,131,0.6347609758377075,3.967003583908081,4.763636589050293
DeformationEnergy,8.0,train,55,131,0.6590564250946045,3.8960821628570557,4.763636589050293
DeformationEnergy,8.0,train,55,131,0.6748526096343994,3.8939321041107178,4.763636589050293
DeformationEnergy,8.0,train,55,131,0.6912432312965393,3.8979220390319824,4.763636589050293
DeformationEnergy,8.0,train,60,145,0.6497138142585754,3.916290283203125,4.833333492279053
DeformationEnergy,8.0,train,60,145,0.6667948961257935,3.91741681098938,4.833333492279053
DeformationEnergy,8.0,train,60,145,0.684518039226532,3.9229955673217773,4.833333492279053
DeformationEnergy,8.0,train,66,158,0.651752233505249,3.931443691253662,4.78787899017334
DeformationEnergy,8.0,train,66,158,0.6653282642364502,3.930422306060791,4.78787899017334
DeformationEnergy,8.0,train,66,158,0.6745012402534485,3.931643009185791,4.78787899017334
DeformationEnergy,8.0,train,66,158,0.6824613809585571,3.9348292350769043,4.78787899017334
DeformationEnergy,8.0,train,66,158,0.6902440190315247,3.9396514892578125,4.78787899017334
DeformationEnergy,8.0,train,66,158,0.7061314582824707,3.952463388442993,4.78787899017334
DeformationEnergy,8.0,train,66,158,0.7143716216087341,3.958961248397827,4.78787899017334
DeformationEnergy,8.0,train,66,158,0.7228434085845947,3.9658203125,4.78787899017334
DeformationEnergy,8.0,train,66,158,0.7315313220024109,3.9698708057403564,4.78787899017334
DeformationEnergy,8.0,train,66,158,0.7400727272033691,3.9705843925476074,4.78787899017334
DeformationEnergy,8.0,train,66,158,0.7557408809661865,3.9710826873779297,4.78787899017334
DeformationEnergy,8.0,train,72,174,0.6993870139122009,3.9709434509277344,4.833333492279053
DeformationEnergy,8.0,train,80,196,0.635011613368988,3.9691760540008545,4.900000095367432
DeformationEnergy,8.0,train,92,227,0.5546339154243469,3.9920198917388916,4.9347825050354
DeformationEnergy,8.0,train,92,227,0.5598289370536804,3.9528157711029053,4.9347825050354
DeformationEnergy,8.0,train,92,227,0.5762133002281189,3.9409663677215576,4.9347825050354
DeformationEnergy,8.0,train,92,227,0.5861580967903137,3.9397990703582764,4.9347825050354
DeformationEnergy,8.0,train,99,244,0.5548100471496582,3.966383695602417,4.929293155670166
DeformationEnergy,8.0,train,99,244,0.5657522082328796,3.952599048614502,4.929293155670166
DeformationEnergy,8.0,train,99,244,0.5768041610717773,3.9454870223999023,4.929293155670166
DeformationEnergy,8.0,train,110,277,0.5370885729789734,3.9678821563720703,5.03636360168457
DeformationEnergy,8.0,train,110,277,0.5422183871269226,3.9610235691070557,5.03636360168457
DeformationEnergy,8.0,train,110,277,0.5434691905975342,3.9566287994384766,5.03636360168457
DeformationEnergy,8.0,train,110,277,0.5442350506782532,3.953122854232788,5.03636360168457
DeformationEnergy,8.0,train,110,277,0.5451023578643799,3.950937509536743,5.03636360168457
DeformationEnergy,8.0,train,110,277,0.5454545617103577,3.941708564758301,5.03636360168457
DeformationEnergy,8.0,train,6,9,0.8660253882408142,3.722419500350952,3.0
DeformationEnergy,8.0,train,7,11,0.6730713844299316,3.7966556549072266,3.142857074737549
DeformationEnergy,8.0,train,7,11,0.7061726450920105,3.787571430206299,3.142857074737549
DeformationEnergy,8.0,train,7,11,0.7426297068595886,3.7843868732452393,3.142857074737549
DeformationEnergy,8.0,train,8,13,0.7165993452072144,3.8039774894714355,3.25
DeformationEnergy,8.0,train,8,13,0.7552554607391357,3.7970919609069824,3.25
DeformationEnergy,8.0,train,9,15,0.7044827342033386,3.818789482116699,3.3333332538604736
DeformationEnergy,8.0,train,9,15,0.749817967414856,3.8074264526367188,3.3333332538604736
DeformationEnergy,8.0,train,9,15,0.7930372953414917,3.80501651763916,3.3333332538604736
DeformationEnergy,8.0,train,9,15,0.8535485863685608,3.8066320419311523,3.3333332538604736
DeformationEnergy,8.0,train,9,15,0.8764351010322571,3.8088200092315674,3.3333332538604736
DeformationEnergy,8.0,train,9,15,0.8992469310760498,3.8114428520202637,3.3333332538604736
DeformationEnergy,8.0,train,9,15,0.9210399985313416,3.814008951187134,3.3333332538604736
DeformationEnergy,8.0,train,9,15,0.9330682754516602,3.815725088119507,3.3333332538604736
DeformationEnergy,8.0,train,9,15,0.9484069347381592,3.8173608779907227,3.3333332538604736
DeformationEnergy,8.0,train,9,15,0.9488663077354431,3.817081928253174,3.3333332538604736
DeformationEnergy,8.0,train,10,17,0.8518816828727722,3.889997959136963,3.4000000953674316
DeformationEnergy,8.0,train,10,17,0.8558971285820007,3.8468010425567627,3.4000000953674316
DeformationEnergy,8.0,train,10,17,0.8663402795791626,3.829629421234131,3.4000000953674316
DeformationEnergy,8.0,train,12,21,0.734485924243927,3.853548049926758,3.5
DeformationEnergy,8.0,train,12,21,0.751450777053833,3.8255252838134766,3.5
DeformationEnergy,8.0,train,14,26,0.6642094254493713,3.852022171020508,3.7142856121063232
DeformationEnergy,8.0,train,14,26,0.6996549963951111,3.8340566158294678,3.7142856121063232
DeformationEnergy,8.0,train,14,26,0.7364740967750549,3.828115224838257,3.7142856121063232
DeformationEnergy,8.0,train,16,30,0.70942622423172,3.8785533905029297,3.75
DeformationEnergy,8.0,train,16,30,0.748225212097168,3.8731608390808105,3.75
DeformationEnergy,8.0,train,18,34,0.6978192925453186,3.887894630432129,3.777777671813965
DeformationEnergy,8.0,train,18,34,0.7411492466926575,3.877645254135132,3.777777671813965
DeformationEnergy,8.0,train,18,34,0.7809990644454956,3.8795645236968994,3.777777671813965
DeformationEnergy,8.0,train,18,34,0.8415438532829285,3.8869481086730957,3.777777671813965
DeformationEnergy,8.0,train,18,34,0.8636524081230164,3.889346122741699,3.777777671813965
DeformationEnergy,8.0,train,18,34,0.8848762512207031,3.893996238708496,3.777777671813965
DeformationEnergy,8.0,train,18,35,0.9061357975006104,3.891188621520996,3.8888888359069824
DeformationEnergy,8.0,train,18,35,0.9178130626678467,3.8887197971343994,3.8888888359069824
DeformationEnergy,8.0,train,18,35,0.9365964531898499,3.886652946472168,3.8888888359069824
DeformationEnergy,8.0,train,18,35,0.9388988018035889,3.881324291229248,3.8888888359069824
DeformationEnergy,8.0,train,19,37,0.8893445730209351,3.88643479347229,3.8947367668151855
DeformationEnergy,8.0,train,19,37,0.8924636840820312,3.870497941970825,3.8947367668151855
DeformationEnergy,8.0,train,19,37,0.8982591032981873,3.8653926849365234,3.8947367668151855
DeformationEnergy,8.0,train,23,47,0.7469255328178406,3.9165616035461426,4.08695650100708
DeformationEnergy,8.0,train,23,47,0.7602340579032898,3.866851806640625,4.08695650100708
DeformationEnergy,8.0,train,26,55,0.6899105906486511,3.8826870918273926,4.230769157409668
DeformationEnergy,8.0,train,26,55,0.7164729237556458,3.8712077140808105,4.230769157409668
DeformationEnergy,8.0,train,26,55,0.743848443031311,3.8752379417419434,4.230769157409668
DeformationEnergy,8.0,train,29,61,0.7165319323539734,3.924504041671753,4.206896781921387
DeformationEnergy,8.0,train,29,61,0.747175395488739,3.9277212619781494,4.206896781921387
DeformationEnergy,8.0,train,33,70,0.6823663711547852,3.968982696533203,4.242424011230469
DeformationEnergy,8.0,train,33,70,0.714104175567627,3.978451728820801,4.242424011230469
DeformationEnergy,8.0,train,33,70,0.74454665184021,3.993480682373047,4.242424011230469
DeformationEnergy,8.0,train,33,70,0.7679108381271362,4.005893230438232,4.242424011230469
DeformationEnergy,8.0,train,33,72,0.8063600063323975,4.008316993713379,4.363636493682861
DeformationEnergy,8.0,train,33,72,0.8263024687767029,4.001465797424316,4.363636493682861
DeformationEnergy,8.0,train,33,72,0.8430246114730835,4.007023811340332,4.363636493682861
DeformationEnergy,8.0,train,33,72,0.8532690405845642,4.014499664306641,4.363636493682861
DeformationEnergy,8.0,train,33,72,0.8632156848907471,4.023184299468994,4.363636493682861
DeformationEnergy,8.0,train,33,72,0.8821516036987305,4.033103942871094,4.363636493682861
DeformationEnergy,8.0,train,35,76,0.8387759327888489,4.045078754425049,4.342857360839844
DeformationEnergy,8.0,train,35,76,0.8440271615982056,4.030956268310547,4.342857360839844
DeformationEnergy,8.0,train,35,76,0.8489561080932617,4.0237345695495605,4.342857360839844
DeformationEnergy,8.0,train,35,76,0.8541856408119202,4.020068645477295,4.342857360839844
DeformationEnergy,8.0,train,40,90,0.7602845430374146,4.00006628036499,4.5
DeformationEnergy,8.0,train,44,101,0.7010764479637146,3.9775543212890625,4.590909004211426
DeformationEnergy,8.0,train,44,101,0.7135725021362305,3.977620840072632,4.590909004211426
DeformationEnergy,8.0,train,44,101,0.7276096343994141,3.9837098121643066,4.590909004211426
DeformationEnergy,8.0,train,50,116,0.6509009599685669,4.008798599243164,4.639999866485596
DeformationEnergy,8.0,train,50,117,0.6899977922439575,3.969935894012451,4.679999828338623
DeformationEnergy,8.0,train,56,134,0.6333608627319336,3.91324782371521,4.785714149475098
DeformationEnergy,8.0,train,56,134,0.6500522494316101,3.914217233657837,4.785714149475098
DeformationEnergy,8.0,train,56,134,0.6662229895591736,3.918008804321289,4.785714149475098
DeformationEnergy,8.0,train,56,134,0.6819258332252502,3.9229252338409424,4.785714149475098
DeformationEnergy,8.0,train,56,134,0.7131418585777283,3.932044506072998,4.785714149475098
DeformationEnergy,8.0,train,56,134,0.7287355065345764,3.93794584274292,4.785714149475098
DeformationEnergy,8.0,train,56,134,0.7440367341041565,3.944770574569702,4.785714149475098
DeformationEnergy,8.0,train,56,134,0.7539854049682617,3.95054292678833,4.785714149475098
DeformationEnergy,8.0,train,56,134,0.7623469233512878,3.956987142562866,4.785714149475098
DeformationEnergy,8.0,train,56,134,0.7782675623893738,3.96600604057312,4.785714149475098
DeformationEnergy,8.0,train,60,143,0.7336148023605347,3.9828977584838867,4.766666889190674
DeformationEnergy,8.0,train,60,143,0.7407114505767822,3.9750072956085205,4.766666889190674
DeformationEnergy,8.0,train,60,143,0.7473700642585754,3.9719583988189697,4.766666889190674
DeformationEnergy,8.0,train,60,143,0.7536602020263672,3.9716744422912598,4.766666889190674
DeformationEnergy,8.0,train,67,161,0.6840087175369263,3.9903619289398193,4.805970191955566
DeformationEnergy,8.0,train,72,173,0.6413581371307373,3.989051342010498,4.80555534362793
DeformationEnergy,8.0,train,72,173,0.6469066143035889,3.9852426052093506,4.80555534362793
DeformationEnergy,8.0,train,72,173,0.6531497836112976,3.9819369316101074,4.80555534362793
DeformationEnergy,8.0,train,81,196,0.5848617553710938,4.0120158195495605,4.839506149291992
DeformationEnergy,8.0,train,81,196,0.6025657057762146,3.9846906661987305,4.839506149291992
DeformationEnergy,8.0,train,89,218,0.5592378973960876,3.9519357681274414,4.898876190185547
DeformationEnergy,8.0,train,89,218,0.5707146525382996,3.944523811340332,4.898876190185547
DeformationEnergy,8.0,train,89,218,0.5824991464614868,3.9467873573303223,4.898876190185547
DeformationEnergy,8.0,train,89,218,0.5945838689804077,3.9509170055389404,4.898876190185547
DeformationEnergy,8.0,train,89,218,0.6197462677955627,3.9492530822753906,4.898876190185547
DeformationEnergy,8.0,train,89,218,0.6325978636741638,3.9480481147766113,4.898876190185547
DeformationEnergy,8.0,train,89,218,0.6450374126434326,3.95206880569458,4.898876190185547
DeformationEnergy,8.0,train,89,218,0.6539960503578186,3.956563949584961,4.898876190185547
DeformationEnergy,8.0,train,89,218,0.6614419221878052,3.961913824081421,4.898876190185547
DeformationEnergy,8.0,train,89,218,0.668786346912384,3.96211576461792,4.898876190185547
DeformationEnergy,8.0,train,96,236,0.6221001744270325,3.956515312194824,4.916666507720947
DeformationEnergy,8.0,train,96,236,0.6236442923545837,3.9510657787323,4.916666507720947
DeformationEnergy,8.0,train,96,236,0.6243392825126648,3.950681686401367,4.916666507720947
DeformationEnergy,8.0,train,6,9,0.8660253882408142,3.722419500350952,3.0
DeformationEnergy,8.0,train,6,9,0.9503822326660156,3.7377262115478516,3.0
DeformationEnergy,8.0,train,6,9,0.9506213665008545,3.741318941116333,3.0
DeformationEnergy,8.0,train,6,9,0.9508699774742126,3.7444612979888916,3.0
DeformationEnergy,8.0,train,6,9,0.9511221051216125,3.7476260662078857,3.0
DeformationEnergy,8.0,train,6,9,0.9513644576072693,3.7509047985076904,3.0
DeformationEnergy,8.0,train,6,9,0.9518020749092102,3.75773549079895,3.0
DeformationEnergy,8.0,train,6,9,0.951996386051178,3.761216163635254,3.0
DeformationEnergy,8.0,train,7,11,0.8104625344276428,3.844431161880493,3.142857074737549
DeformationEnergy,8.0,train,7,11,0.8223033547401428,3.8044509887695312,3.142857074737549
DeformationEnergy,8.0,train,7,11,0.8373397588729858,3.794867992401123,3.142857074737549
DeformationEnergy,8.0,train,9,15,0.6796132922172546,3.8461544513702393,3.3333332538604736
DeformationEnergy,8.0,train,11,19,0.5765496492385864,3.9027762413024902,3.454545497894287
DeformationEnergy,8.0,train,12,21,0.5653238892555237,3.8750991821289062,3.5
DeformationEnergy,8.0,train,12,21,0.6152586936950684,3.851315498352051,3.5
DeformationEnergy,8.0,train,12,21,0.6651853322982788,3.847168207168579,3.5
DeformationEnergy,8.0,train,12,21,0.7653459906578064,3.8507726192474365,3.5
DeformationEnergy,8.0,train,12,21,0.8084559440612793,3.8513591289520264,3.5
DeformationEnergy,8.0,train,12,21,0.8504683375358582,3.854010820388794,3.5
DeformationEnergy,8.0,train,12,21,0.8872752785682678,3.8554656505584717,3.5
DeformationEnergy,8.0,train,12,21,0.9185610413551331,3.856309652328491,3.5
DeformationEnergy,8.0,train,12,21,0.9417109489440918,3.8469345569610596,3.5
DeformationEnergy,8.0,train,12,21,0.942460298538208,3.84188175201416,3.5
DeformationEnergy,8.0,train,12,21,0.9430582523345947,3.8378212451934814,3.5
DeformationEnergy,8.0,train,12,21,0.9435940384864807,3.8344480991363525,3.5
DeformationEnergy,8.0,train,12,21,0.9440869688987732,3.8316080570220947,3.5
DeformationEnergy,8.0,train,12,21,0.9445466995239258,3.829207420349121,3.5
DeformationEnergy,8.0,train,12,21,0.9453893303871155,3.825488328933716,3.5
DeformationEnergy,8.0,train,14,26,0.8064274191856384,3.8836328983306885,3.7142856121063232
DeformationEnergy,8.0,train,14,26,0.8167633414268494,3.845543146133423,3.7142856121063232
DeformationEnergy,8.0,train,14,26,0.8315834403038025,3.836822986602783,3.7142856121063232
DeformationEnergy,8.0,train,16,30,0.7375994920730591,3.8969061374664307,3.75
DeformationEnergy,8.0,train,22,46,0.5754308104515076,3.9216551780700684,4.181818008422852
DeformationEnergy,8.0,train,24,50,0.5616773962974548,3.9011242389678955,4.166666507720947
DeformationEnergy,8.0,train,24,50,0.6090052127838135,3.889922857284546,4.166666507720947
DeformationEnergy,8.0,train,24,50,0.6591662168502808,3.8910720348358154,4.166666507720947
DeformationEnergy,8.0,train,24,50,0.7088173031806946,3.895209550857544,4.166666507720947
DeformationEnergy,8.0,train,24,50,0.7990350127220154,3.909679651260376,4.166666507720947
DeformationEnergy,8.0,train,24,50,0.8405063152313232,3.91817307472229,4.166666507720947
DeformationEnergy,8.0,train,24,50,0.8752686381340027,3.927992582321167,4.166666507720947
DeformationEnergy,8.0,train,24,50,0.9036280512809753,3.935563802719116,4.166666507720947
DeformationEnergy,8.0,train,24,50,0.9223613739013672,3.935699462890625,4.166666507720947
DeformationEnergy,8.0,train,24,50,0.9333987832069397,3.924403190612793,4.166666507720947
DeformationEnergy,8.0,train,24,50,0.9350051879882812,3.919480323791504,4.166666507720947
DeformationEnergy,8.0,train,24,50,0.9361775517463684,3.915346145629883,4.166666507720947
DeformationEnergy,8.0,train,24,50,0.9371034502983093,3.91180419921875,4.166666507720947
DeformationEnergy,8.0,train,24,50,0.9378835558891296,3.908728837966919,4.166666507720947
DeformationEnergy,8.0,train,24,50,0.93918377161026,3.903670072555542,4.166666507720947
DeformationEnergy,8.0,train,26,55,0.8659891486167908,3.918271541595459,4.230769157409668
DeformationEnergy,8.0,train,26,55,0.8707412481307983,3.907517671585083,4.230769157409668
DeformationEnergy,8.0,train,26,56,0.8792069554328918,3.8866958618164062,4.307692527770996
DeformationEnergy,8.0,train,29,62,0.7928639054298401,3.901092529296875,4.275862216949463
DeformationEnergy,8.0,train,39,86,0.6103423833847046,3.9486024379730225,4.410256385803223
DeformationEnergy,8.0,train,43,97,0.5723399519920349,3.9329681396484375,4.511627674102783
DeformationEnergy,8.0,train,43,97,0.6008214354515076,3.917613983154297,4.511627674102783
DeformationEnergy,8.0,train,43,97,0.6283708810806274,3.9162468910217285,4.511627674102783
DeformationEnergy,8.0,train,43,98,0.6555424928665161,3.913639545440674,4.558139324188232
DeformationEnergy,8.0,train,43,98,0.7059147953987122,3.9209537506103516,4.558139324188232
DeformationEnergy,8.0,train,43,98,0.7309389710426331,3.9329092502593994,4.558139324188232
DeformationEnergy,8.0,train,43,98,0.7510170936584473,3.9429588317871094,4.558139324188232
DeformationEnergy,8.0,train,43,98,0.7703033089637756,3.954401731491089,4.558139324188232
DeformationEnergy,8.0,train,43,98,0.7901331186294556,3.954209804534912,4.558139324188232
DeformationEnergy,8.0,train,43,98,0.8194716572761536,3.9563839435577393,4.558139324188232
DeformationEnergy,8.0,train,43,98,0.8301312923431396,3.9569971561431885,4.558139324188232
DeformationEnergy,8.0,train,43,98,0.8397213220596313,3.94952392578125,4.558139324188232
DeformationEnergy,8.0,train,43,98,0.8485651016235352,3.9462361335754395,4.558139324188232
DeformationEnergy,8.0,train,43,98,0.8565064072608948,3.944981813430786,4.558139324188232
DeformationEnergy,8.0,train,43,98,0.8701940178871155,3.943086862564087,4.558139324188232
DeformationEnergy,8.0,train,46,105,0.8187771439552307,3.954848527908325,4.5652174949646
DeformationEnergy,8.0,train,46,105,0.8233141899108887,3.940828800201416,4.5652174949646
DeformationEnergy,8.0,train,46,105,0.8274286389350891,3.93699049949646,4.5652174949646
DeformationEnergy,8.0,train,52,122,0.7367261648178101,3.9318342208862305,4.692307472229004
DeformationEnergy,8.0,train,69,168,0.574691116809845,3.9372780323028564,4.869565010070801
DeformationEnergy,8.0,train,75,185,0.5370396971702576,3.9303030967712402,4.933333396911621
DeformationEnergy,8.0,train,75,185,0.5495683550834656,3.913123369216919,4.933333396911621
DeformationEnergy,8.0,train,75,185,0.5622923970222473,3.908778429031372,4.933333396911621
DeformationEnergy,8.0,train,75,185,0.5752192139625549,3.900797128677368,4.933333396911621
DeformationEnergy,8.0,train,75,185,0.601936399936676,3.900790214538574,4.933333396911621
DeformationEnergy,8.0,train,75,185,0.6171179413795471,3.9006965160369873,4.933333396911621
DeformationEnergy,8.0,train,75,185,0.6306432485580444,3.9050333499908447,4.933333396911621
DeformationEnergy,8.0,train,75,185,0.6427762508392334,3.900535821914673,4.933333396911621
DeformationEnergy,8.0,train,75,185,0.6551358699798584,3.8992106914520264,4.933333396911621
DeformationEnergy,8.0,train,75,185,0.6766369342803955,3.90022873878479,4.933333396911621
DeformationEnergy,8.0,train,75,185,0.6856943964958191,3.9011876583099365,4.933333396911621
DeformationEnergy,8.0,train,75,185,0.6940864324569702,3.902405261993408,4.933333396911621
DeformationEnergy,8.0,train,75,185,0.7020491361618042,3.9037365913391113,4.933333396911621
DeformationEnergy,8.0,train,75,185,0.7096762657165527,3.9053022861480713,4.933333396911621
DeformationEnergy,8.0,train,75,185,0.7238223552703857,3.9085705280303955,4.933333396911621
DeformationEnergy,8.0,train,81,201,0.6763456463813782,3.937986135482788,4.962963104248047
DeformationEnergy,8.0,train,81,201,0.6822510361671448,3.925955295562744,4.962963104248047
DeformationEnergy,8.0,train,81,201,0.687910795211792,3.923657178878784,4.962963104248047
DeformationEnergy,8.0,train,89,221,0.6292008757591248,3.937692403793335,4.966291904449463
DeformationEnergy,8.0,train,111,278,0.5161606669425964,3.945387601852417,5.009008884429932
DeformationEnergy,8.0,train,119,299,0.48715561628341675,3.92468523979187,5.025209903717041
DeformationEnergy,8.0,train,119,299,0.49266257882118225,3.9213035106658936,5.025209903717041
DeformationEnergy,8.0,train,119,299,0.4970538318157196,3.9268054962158203,5.025209903717041
DeformationEnergy,8.0,train,119,299,0.5004057884216309,3.9294395446777344,5.025209903717041
DeformationEnergy,8.0,train,119,299,0.5040493011474609,3.94244647026062,5.025209903717041
DeformationEnergy,12.5,train,6,9,0.8660253882408142,3.722419500350952,3.0
DeformationEnergy,12.5,train,6,9,0.9047102928161621,3.7333946228027344,3.0
DeformationEnergy,12.5,train,6,9,0.9266025424003601,3.739267110824585,3.0
DeformationEnergy,12.5,train,6,9,0.9434487223625183,3.7422561645507812,3.0
DeformationEnergy,12.5,train,6,9,0.9603281021118164,3.744518995285034,3.0
DeformationEnergy,12.5,train,6,9,0.968682050704956,3.746962308883667,3.0
DeformationEnergy,12.5,train,6,9,0.9688794016838074,3.7498769760131836,3.0
DeformationEnergy,12.5,train,6,9,0.9690354466438293,3.753070592880249,3.0
DeformationEnergy,12.5,train,6,9,0.96917724609375,3.756404161453247,3.0
DeformationEnergy,12.5,train,8,13,0.7329245209693909,3.863741397857666,3.25
DeformationEnergy,12.5,train,9,15,0.6719629764556885,3.9328317642211914,3.3333332538604736
DeformationEnergy,12.5,train,9,15,0.7041811943054199,3.8715672492980957,3.3333332538604736
DeformationEnergy,12.5,train,9,15,0.7381757497787476,3.8532872200012207,3.3333332538604736
DeformationEnergy,12.5,train,9,15,0.7721754312515259,3.8467652797698975,3.3333332538604736
DeformationEnergy,12.5,train,9,15,0.8061189651489258,3.8446383476257324,3.3333332538604736
DeformationEnergy,12.5,train,10,17,0.7550743222236633,3.8798744678497314,3.4000000953674316
DeformationEnergy,12.5,train,10,17,0.7951130867004395,3.853999376296997,3.4000000953674316
DeformationEnergy,12.5,train,12,21,0.7282688617706299,3.864276170730591,3.5
DeformationEnergy,12.5,train,12,21,0.7651412487030029,3.85030198097229,3.5
DeformationEnergy,12.5,train,12,21,0.7979164123535156,3.8470964431762695,3.5
DeformationEnergy,12.5,train,12,21,0.8234608173370361,3.846359968185425,3.5
DeformationEnergy,12.5,train,12,21,0.8488529324531555,3.847548723220825,3.5
DeformationEnergy,12.5,train,12,21,0.8742148876190186,3.849834680557251,3.5
DeformationEnergy,12.5,train,12,21,0.8995535969734192,3.8527889251708984,3.5
DeformationEnergy,12.5,train,12,21,0.9221176505088806,3.8547074794769287,3.5
DeformationEnergy,12.5,train,12,21,0.9561920166015625,3.8561694622039795,3.5
DeformationEnergy,12.5,train,12,21,0.9649737477302551,3.854867696762085,3.5
DeformationEnergy,12.5,train,12,21,0.965358555316925,3.852505922317505,3.5
DeformationEnergy,12.5,train,12,21,0.9656496047973633,3.8509223461151123,3.5
DeformationEnergy,12.5,train,12,21,0.9659094214439392,3.8498284816741943,3.5
DeformationEnergy,12.5,train,13,23,0.8903206586837769,3.9001808166503906,3.538461446762085
DeformationEnergy,12.5,train,15,28,0.7780705690383911,3.8742146492004395,3.7333333492279053
DeformationEnergy,12.5,train,17,32,0.701440155506134,3.9261484146118164,3.7647058963775635
DeformationEnergy,12.5,train,17,32,0.7285147309303284,3.880525588989258,3.7647058963775635
DeformationEnergy,12.5,train,17,33,0.7892941832542419,3.858276844024658,3.882352828979492
DeformationEnergy,12.5,train,17,33,0.8191168308258057,3.8404104709625244,3.882352828979492
DeformationEnergy,12.5,train,19,37,0.7569957971572876,3.901705265045166,3.8947367668151855
DeformationEnergy,12.5,train,19,37,0.7928169965744019,3.879451036453247,3.8947367668151855
DeformationEnergy,12.5,train,19,37,0.8296017646789551,3.8748955726623535,3.8947367668151855
DeformationEnergy,12.5,train,22,44,0.7492716312408447,3.9147613048553467,4.0
DeformationEnergy,12.5,train,22,44,0.7851982116699219,3.893582820892334,4.0
DeformationEnergy,12.5,train,22,44,0.8163074254989624,3.8859293460845947,4.0
DeformationEnergy,12.5,train,22,44,0.8598783612251282,3.8869826793670654,4.0
DeformationEnergy,12.5,train,22,44,0.8812183737754822,3.8931329250335693,4.0
DeformationEnergy,12.5,train,22,44,0.9027721285820007,3.9003031253814697,4.0
DeformationEnergy,12.5,train,22,44,0.9230701923370361,3.9062414169311523,4.0
DeformationEnergy,12.5,train,22,44,0.9377914667129517,3.9078078269958496,4.0
DeformationEnergy,12.5,train,22,45,0.9537683129310608,3.897165536880493,4.090909004211426
DeformationEnergy,12.5,train,22,45,0.9617254734039307,3.875232458114624,4.090909004211426
DeformationEnergy,12.5,train,22,45,0.9623178839683533,3.8677215576171875,4.090909004211426
DeformationEnergy,12.5,train,22,45,0.9629701972007751,3.8625776767730713,4.090909004211426
DeformationEnergy,12.5,train,24,50,0.8819248676300049,3.8948352336883545,4.166666507720947
DeformationEnergy,12.5,train,27,59,0.7913864850997925,3.888650417327881,4.370370388031006
DeformationEnergy,12.5,train,31,68,0.6994911432266235,3.943694591522217,4.387096881866455
DeformationEnergy,12.5,train,31,68,0.7226566076278687,3.906249523162842,4.387096881866455
DeformationEnergy,12.5,train,31,68,0.7483077049255371,3.90195631980896,4.387096881866455
DeformationEnergy,12.5,train,31,68,0.7747162580490112,3.9091837406158447,4.387096881866455
DeformationEnergy,12.5,train,31,68,0.8002521395683289,3.918809175491333,4.387096881866455
DeformationEnergy,12.5,train,35,79,0.7299770712852478,3.9360146522521973,4.514285564422607
DeformationEnergy,12.5,train,35,79,0.78294438123703,3.9319519996643066,4.514285564422607
DeformationEnergy,12.5,train,40,90,0.7051668167114258,3.9579861164093018,4.5
DeformationEnergy,12.5,train,40,90,0.7324679493904114,3.956792116165161,4.5
DeformationEnergy,12.5,train,40,90,0.7530410885810852,3.958686113357544,4.5
DeformationEnergy,12.5,train,40,90,0.7686101198196411,3.9612114429473877,4.5
DeformationEnergy,12.5,train,40,90,0.7849273085594177,3.9660804271698,4.5
DeformationEnergy,12.5,train,40,90,0.8021730184555054,3.970860242843628,4.5
DeformationEnergy,12.5,train,40,90,0.8192756772041321,3.976015090942383,4.5
DeformationEnergy,12.5,train,40,90,0.8547979593276978,3.98673677444458,4.5
DeformationEnergy,12.5,train,40,90,0.872344970703125,3.991255283355713,4.5
DeformationEnergy,12.5,train,40,90,0.8882787823677063,3.992619752883911,4.5
DeformationEnergy,12.5,train,40,90,0.8996456861495972,3.9908275604248047,4.5
DeformationEnergy,12.5,train,40,90,0.9089303016662598,3.9886932373046875,4.5
DeformationEnergy,12.5,train,40,90,0.9167884588241577,3.98608136177063,4.5
DeformationEnergy,12.5,train,44,99,0.8394842743873596,3.9872705936431885,4.5
DeformationEnergy,12.5,train,48,110,0.772674560546875,3.9860057830810547,4.583333492279053
DeformationEnergy,12.5,train,55,130,0.689734160900116,3.9728779792785645,4.7272725105285645
DeformationEnergy,12.5,train,55,130,0.7052976489067078,3.968336820602417,4.7272725105285645
DeformationEnergy,12.5,train,55,130,0.7222620248794556,3.9638710021972656,4.7272725105285645
DeformationEnergy,12.5,train,55,130,0.7389644980430603,3.9701755046844482,4.7272725105285645
DeformationEnergy,12.5,train,59,141,0.7056793570518494,3.9868130683898926,4.779661178588867
DeformationEnergy,12.5,train,59,141,0.7222510576248169,3.977731466293335,4.779661178588867
DeformationEnergy,12.5,train,59,141,0.7394881248474121,3.978696584701538,4.779661178588867
DeformationEnergy,12.5,train,68,165,0.6559288501739502,3.992811679840088,4.852941036224365
DeformationEnergy,12.5,train,68,165,0.6702847480773926,3.9753170013427734,4.852941036224365
DeformationEnergy,12.5,train,68,165,0.6972619295120239,3.9665567874908447,4.852941036224365
DeformationEnergy,12.5,train,68,165,0.7083290219306946,3.9605484008789062,4.852941036224365
DeformationEnergy,12.5,train,68,165,0.7195597290992737,3.9581451416015625,4.852941036224365
DeformationEnergy,12.5,train,68,165,0.7310733795166016,3.957440137863159,4.852941036224365
DeformationEnergy,12.5,train,68,165,0.7429192066192627,3.95534610748291,4.852941036224365
DeformationEnergy,12.5,train,68,165,0.7550325393676758,3.956374168395996,4.852941036224365
DeformationEnergy,12.5,train,68,165,0.7674422264099121,3.955941677093506,4.852941036224365
DeformationEnergy,12.5,train,68,165,0.7800189256668091,3.9561142921447754,4.852941036224365
DeformationEnergy,12.5,train,68,165,0.8014001846313477,3.9569225311279297,4.852941036224365
DeformationEnergy,12.5,train,68,165,0.8106089234352112,3.9577152729034424,4.852941036224365
DeformationEnergy,12.5,train,75,185,0.7426472902297974,3.9802286624908447,4.933333396911621
DeformationEnergy,12.5,train,80,198,0.7028263211250305,3.9768097400665283,4.949999809265137
DeformationEnergy,12.5,train,90,224,0.628826379776001,3.9817261695861816,4.97777795791626
DeformationEnergy,12.5,train,90,223,0.6359902024269104,3.948687791824341,4.955555438995361
DeformationEnergy,12.5,train,90,223,0.6450623273849487,3.939095973968506,4.955555438995361
DeformationEnergy,12.5,train,90,223,0.6549927592277527,3.9364733695983887,4.955555438995361
DeformationEnergy,12.5,train,97,241,0.6174246668815613,3.955885648727417,4.969072341918945
DeformationEnergy,12.5,train,97,241,0.6180518865585327,3.95439076423645,4.969072341918945
DeformationEnergy,12.5,train,6,9,0.8660253882408142,3.722419500350952,3.0
DeformationEnergy,12.5,train,7,11,0.6931456327438354,3.8016247749328613,3.142857074737549
DeformationEnergy,12.5,train,7,11,0.7287534475326538,3.7899224758148193,3.142857074737549
DeformationEnergy,12.5,train,7,11,0.765101969242096,3.7858290672302246,3.142857074737549
DeformationEnergy,12.5,train,8,13,0.6984025239944458,3.837345838546753,3.25
DeformationEnergy,12.5,train,8,13,0.7397458553314209,3.804755449295044,3.25
DeformationEnergy,12.5,train,9,15,0.7281286716461182,3.8180301189422607,3.3333332538604736
DeformationEnergy,12.5,train,9,15,0.7730756998062134,3.8077077865600586,3.3333332538604736
DeformationEnergy,12.5,train,9,15,0.8157749772071838,3.8052167892456055,3.3333332538604736
DeformationEnergy,12.5,train,9,15,0.8497976064682007,3.80623722076416,3.3333332538604736
DeformationEnergy,12.5,train,9,15,0.8746068477630615,3.8075833320617676,3.3333332538604736
DeformationEnergy,12.5,train,9,15,0.8972399234771729,3.8096466064453125,3.3333332538604736
DeformationEnergy,12.5,train,9,15,0.9198411107063293,3.8120739459991455,3.3333332538604736
DeformationEnergy,12.5,train,9,15,0.9411642551422119,3.814392566680908,3.3333332538604736
DeformationEnergy,12.5,train,9,15,0.952733039855957,3.8158814907073975,3.3333332538604736
DeformationEnergy,12.5,train,9,15,0.9670558571815491,3.8170132637023926,3.3333332538604736
DeformationEnergy,12.5,train,9,15,0.9673359990119934,3.816624164581299,3.3333332538604736
DeformationEnergy,12.5,train,10,17,0.8686342239379883,3.8889267444610596,3.4000000953674316
DeformationEnergy,12.5,train,10,17,0.8760675191879272,3.845703125,3.4000000953674316
DeformationEnergy,12.5,train,10,17,0.8864445686340332,3.828826427459717,3.4000000953674316
DeformationEnergy,12.5,train,10,17,0.8969178199768066,3.8203201293945312,3.4000000953674316
DeformationEnergy,12.5,train,12,21,0.7529004216194153,3.854402780532837,3.5
DeformationEnergy,12.5,train,12,21,0.7742269039154053,3.8263518810272217,3.5
DeformationEnergy,12.5,train,14,26,0.7249026894569397,3.8352222442626953,3.7142856121063232
DeformationEnergy,12.5,train,14,26,0.7613688111305237,3.8289921283721924,3.7142856121063232
DeformationEnergy,12.5,train,16,30,0.6953255534172058,3.911569595336914,3.75
DeformationEnergy,12.5,train,16,30,0.7357967495918274,3.875430107116699,3.75
DeformationEnergy,12.5,train,16,30,0.774103581905365,3.866067409515381,3.75
DeformationEnergy,12.5,train,18,34,0.7239795327186584,3.879990816116333,3.777777671813965
DeformationEnergy,12.5,train,18,34,0.766655683517456,3.87198543548584,3.777777671813965
DeformationEnergy,12.5,train,18,34,0.8076596260070801,3.87557315826416,3.777777671813965
DeformationEnergy,12.5,train,18,34,0.8664351105690002,3.8814053535461426,3.777777671813965
DeformationEnergy,12.5,train,18,34,0.8880860209465027,3.8853039741516113,3.777777671813965
DeformationEnergy,12.5,train,18,34,0.9102246165275574,3.889918088912964,3.777777671813965
DeformationEnergy,12.5,train,18,34,0.9313405156135559,3.894338846206665,3.777777671813965
DeformationEnergy,12.5,train,18,34,0.9428649544715881,3.8965251445770264,3.777777671813965
DeformationEnergy,12.5,train,18,34,0.9542176127433777,3.898942708969116,3.777777671813965
DeformationEnergy,12.5,train,18,34,0.9600921273231506,3.8954391479492188,3.777777671813965
DeformationEnergy,12.5,train,18,34,0.9610576629638672,3.89021897315979,3.777777671813965
DeformationEnergy,12.5,train,19,36,0.9102929830551147,3.9106192588806152,3.78947377204895
DeformationEnergy,12.5,train,19,37,0.9210084676742554,3.8685319423675537,3.8947367668151855
DeformationEnergy,12.5,train,19,37,0.9265785217285156,3.866008996963501,3.8947367668151855
DeformationEnergy,12.5,train,23,46,0.7669517397880554,3.9443700313568115,4.0
DeformationEnergy,12.5,train,23,46,0.7837229371070862,3.8985588550567627,4.0
DeformationEnergy,12.5,train,26,55,0.7149854898452759,3.8918278217315674,4.230769157409668
DeformationEnergy,12.5,train,26,55,0.7427905201911926,3.8806381225585938,4.230769157409668
DeformationEnergy,12.5,train,26,55,0.7714452743530273,3.8833820819854736,4.230769157409668
DeformationEnergy,12.5,train,29,61,0.7144392728805542,3.9487385749816895,4.206896781921387
DeformationEnergy,12.5,train,29,61,0.7805150747299194,3.9331648349761963,4.206896781921387
DeformationEnergy,12.5,train,33,70,0.715918242931366,3.977921962738037,4.242424011230469
DeformationEnergy,12.5,train,33,70,0.7473774552345276,3.984351396560669,4.242424011230469
DeformationEnergy,12.5,train,33,70,0.7767406702041626,3.9953224658966064,4.242424011230469
DeformationEnergy,12.5,train,33,70,0.8016406893730164,4.004135608673096,4.242424011230469
DeformationEnergy,12.5,train,33,70,0.8237520456314087,4.010842800140381,4.242424011230469
DeformationEnergy,12.5,train,33,70,0.8443828821182251,4.017205238342285,4.242424011230469
DeformationEnergy,12.5,train,33,70,0.8645679354667664,4.0251078605651855,4.242424011230469
DeformationEnergy,12.5,train,33,71,0.8966449499130249,4.031036376953125,4.303030490875244
DeformationEnergy,12.5,train,33,71,0.9086031317710876,4.032756328582764,4.303030490875244
DeformationEnergy,12.5,train,33,72,0.9221534729003906,4.020815849304199,4.363636493682861
DeformationEnergy,12.5,train,33,72,0.9308714270591736,4.0145440101623535,4.363636493682861
DeformationEnergy,12.5,train,35,77,0.8827206492424011,4.0159430503845215,4.400000095367432
DeformationEnergy,12.5,train,35,77,0.8867360949516296,3.9968292713165283,4.400000095367432
DeformationEnergy,12.5,train,35,77,0.891025960445404,3.990530014038086,4.400000095367432
DeformationEnergy,12.5,train,35,77,0.8957493901252747,3.9890756607055664,4.400000095367432
DeformationEnergy,12.5,train,42,97,0.7496312260627747,4.017273902893066,4.61904764175415
DeformationEnergy,12.5,train,46,108,0.7077363729476929,3.973278760910034,4.695652008056641
DeformationEnergy,12.5,train,46,108,0.7242957353591919,3.971616744995117,4.695652008056641
DeformationEnergy,12.5,train,46,108,0.7431998252868652,3.9580397605895996,4.695652008056641
DeformationEnergy,12.5,train,52,122,0.6705969572067261,3.987306833267212,4.692307472229004
DeformationEnergy,12.5,train,52,122,0.6911694407463074,3.953303337097168,4.692307472229004
DeformationEnergy,12.5,train,52,122,0.7128298878669739,3.948183536529541,4.692307472229004
DeformationEnergy,12.5,train,59,141,0.6474470496177673,3.929873466491699,4.779661178588867
DeformationEnergy,12.5,train,59,141,0.667741060256958,3.9312775135040283,4.779661178588867
DeformationEnergy,12.5,train,59,141,0.705269455909729,3.939802885055542,4.779661178588867
DeformationEnergy,12.5,train,59,141,0.722648561000824,3.9414875507354736,4.779661178588867
DeformationEnergy,12.5,train,59,141,0.7395998239517212,3.942436933517456,4.779661178588867
DeformationEnergy,12.5,train,59,141,0.7565225958824158,3.9445133209228516,4.779661178588867
DeformationEnergy,12.5,train,59,141,0.7731519937515259,3.947781801223755,4.779661178588867
DeformationEnergy,12.5,train,59,141,0.784680962562561,3.9507439136505127,4.779661178588867
DeformationEnergy,12.5,train,59,141,0.7950915098190308,3.9549145698547363,4.779661178588867
DeformationEnergy,12.5,train,59,141,0.8052522540092468,3.9581692218780518,4.779661178588867
DeformationEnergy,12.5,train,63,150,0.7726640701293945,3.9723377227783203,4.761904716491699
DeformationEnergy,12.5,train,63,150,0.7813319563865662,3.9624977111816406,4.761904716491699
DeformationEnergy,12.5,train,63,150,0.7892976999282837,3.957693576812744,4.761904716491699
DeformationEnergy,12.5,train,63,150,0.7967343926429749,3.9562740325927734,4.761904716491699
DeformationEnergy,12.5,train,73,176,0.6928718686103821,3.999884605407715,4.82191801071167
DeformationEnergy,12.5,train,73,176,0.6980693340301514,3.9684038162231445,4.82191801071167
DeformationEnergy,12.5,train,79,192,0.6511704921722412,3.9735307693481445,4.860759258270264
DeformationEnergy,12.5,train,79,192,0.6581162214279175,3.9603962898254395,4.860759258270264
DeformationEnergy,12.5,train,79,192,0.6661055088043213,3.944972515106201,4.860759258270264
DeformationEnergy,12.5,train,89,219,0.6070650219917297,3.9407334327697754,4.9213480949401855
DeformationEnergy,12.5,train,89,219,0.6189461350440979,3.9313223361968994,4.9213480949401855
DeformationEnergy,12.5,train,97,239,0.5803786516189575,3.9383134841918945,4.927834987640381
DeformationEnergy,12.5,train,97,239,0.5943776369094849,3.9304442405700684,4.927834987640381
DeformationEnergy,12.5,train,97,239,0.6081589460372925,3.9311718940734863,4.927834987640381
DeformationEnergy,12.5,train,97,239,0.6152962446212769,3.935513734817505,4.927834987640381
DeformationEnergy,12.5,train,97,239,0.6176148056983948,3.9447250366210938,4.927834987640381
DeformationEnergy,12.5,train,97,239,0.6179980039596558,3.947409152984619,4.927834987640381
DeformationEnergy,12.5,train,97,239,0.6182940006256104,3.945915699005127,4.927834987640381
DeformationEnergy,12.5,train,97,239,0.6185368299484253,3.945838451385498,4.927834987640381
DeformationEnergy,12.5,train,6,9,0.8660253882408142,3.722419500350952,3.0
DeformationEnergy,12.5,train,6,9,0.9642625451087952,3.7325868606567383,3.0
DeformationEnergy,12.5,train,6,9,0.9682711958885193,3.7378180027008057,3.0
DeformationEnergy,12.5,train,6,9,0.9684205651283264,3.741037607192993,3.0
DeformationEnergy,12.5,train,6,9,0.968586266040802,3.7439162731170654,3.0
DeformationEnergy,12.5,train,6,9,0.9687517285346985,3.74688458442688,3.0
DeformationEnergy,12.5,train,6,9,0.9690570831298828,3.7532708644866943,3.0
DeformationEnergy,12.5,train,6,9,0.9691936373710632,3.7566168308258057,3.0
DeformationEnergy,12.5,train,6,9,0.9693195223808289,3.7600080966949463,3.0
DeformationEnergy,12.5,train,7,11,0.8285330533981323,3.842989206314087,3.142857074737549
DeformationEnergy,12.5,train,7,11,0.8425050973892212,3.803645610809326,3.142857074737549
DeformationEnergy,12.5,train,7,11,0.8572892546653748,3.793980360031128,3.142857074737549
DeformationEnergy,12.5,train,8,13,0.7656118869781494,3.852534770965576,3.25
DeformationEnergy,12.5,train,9,15,0.7016186118125916,3.8468878269195557,3.3333332538604736
DeformationEnergy,12.5,train,12,21,0.592228353023529,3.8787901401519775,3.5
DeformationEnergy,12.5,train,12,21,0.6420919895172119,3.85589861869812,3.5
DeformationEnergy,12.5,train,12,21,0.6924386620521545,3.8534352779388428,3.5
DeformationEnergy,12.5,train,12,21,0.7432218194007874,3.854632616043091,3.5
DeformationEnergy,12.5,train,12,21,0.791510820388794,3.8557236194610596,3.5
DeformationEnergy,12.5,train,12,21,0.8334844708442688,3.857085943222046,3.5
DeformationEnergy,12.5,train,12,21,0.875575065612793,3.8595592975616455,3.5
DeformationEnergy,12.5,train,12,21,0.9116997122764587,3.860581636428833,3.5
DeformationEnergy,12.5,train,12,21,0.9421987533569336,3.861008405685425,3.5
DeformationEnergy,12.5,train,12,21,0.9626767635345459,3.8511059284210205,3.5
DeformationEnergy,12.5,train,12,21,0.9631254076957703,3.845679521560669,3.5
DeformationEnergy,12.5,train,12,21,0.9635072350502014,3.8412392139434814,3.5
DeformationEnergy,12.5,train,12,21,0.9638514518737793,3.837505340576172,3.5
DeformationEnergy,12.5,train,12,21,0.9641687870025635,3.8343255519866943,3.5
DeformationEnergy,12.5,train,12,21,0.9644649624824524,3.831605911254883,3.5
DeformationEnergy,12.5,train,12,21,0.9647438526153564,3.829282760620117,3.5
DeformationEnergy,12.5,train,12,21,0.9650079607963562,3.827307939529419,3.5
DeformationEnergy,12.5,train,14,26,0.8387058973312378,3.847585916519165,3.7142856121063232
DeformationEnergy,12.5,train,14,26,0.8534958958625793,3.838421106338501,3.7142856121063232
DeformationEnergy,12.5,train,16,30,0.7614938020706177,3.8924453258514404,3.75
DeformationEnergy,12.5,train,18,35,0.6982417702674866,3.91715407371521,3.8888888359069824
DeformationEnergy,12.5,train,22,46,0.6003158688545227,3.906848907470703,4.181818008422852
DeformationEnergy,12.5,train,24,50,0.589330792427063,3.8940858840942383,4.166666507720947
DeformationEnergy,12.5,train,24,50,0.638697624206543,3.8844947814941406,4.166666507720947
DeformationEnergy,12.5,train,24,50,0.6888100504875183,3.885042190551758,4.166666507720947
DeformationEnergy,12.5,train,24,50,0.7860535979270935,3.8954570293426514,4.166666507720947
DeformationEnergy,12.5,train,24,50,0.8280522227287292,3.9026215076446533,4.166666507720947
DeformationEnergy,12.5,train,24,50,0.8687129020690918,3.9115331172943115,4.166666507720947
DeformationEnergy,12.5,train,24,50,0.9026739001274109,3.9217967987060547,4.166666507720947
DeformationEnergy,12.5,train,24,50,0.930267333984375,3.9294917583465576,4.166666507720947
DeformationEnergy,12.5,train,24,50,0.9482819437980652,3.9300220012664795,4.166666507720947
DeformationEnergy,12.5,train,24,50,0.9554805755615234,3.9236841201782227,4.166666507720947
DeformationEnergy,12.5,train,24,50,0.9572315216064453,3.9165008068084717,4.166666507720947
DeformationEnergy,12.5,train,24,50,0.9583501219749451,3.910747766494751,4.166666507720947
DeformationEnergy,12.5,train,24,50,0.9597795605659485,3.9020862579345703,4.166666507720947
DeformationEnergy,12.5,train,24,50,0.9603221416473389,3.8987207412719727,4.166666507720947
DeformationEnergy,12.5,train,24,50,0.9607983231544495,3.895814895629883,4.166666507720947
DeformationEnergy,12.5,train,24,50,0.9612271189689636,3.893285036087036,4.166666507720947
DeformationEnergy,12.5,train,26,55,0.8871960043907166,3.906947135925293,4.230769157409668
DeformationEnergy,12.5,train,26,56,0.8943013548851013,3.890896797180176,4.307692527770996
DeformationEnergy,12.5,train,26,56,0.9020322561264038,3.8756484985351562,4.307692527770996
DeformationEnergy,12.5,train,29,61,0.8158218264579773,3.909156084060669,4.206896781921387
DeformationEnergy,12.5,train,39,85,0.6324337720870972,3.9569976329803467,4.358974456787109
DeformationEnergy,12.5,train,43,96,0.5967810153961182,3.9421379566192627,4.465116500854492
DeformationEnergy,12.5,train,43,96,0.626142680644989,3.931989908218384,4.465116500854492
DeformationEnergy,12.5,train,43,97,0.6545643210411072,3.932460308074951,4.511627674102783
DeformationEnergy,12.5,train,43,97,0.6820628046989441,3.9277243614196777,4.511627674102783
DeformationEnergy,12.5,train,43,97,0.7094749212265015,3.940471887588501,4.511627674102783
DeformationEnergy,12.5,train,43,97,0.7357837557792664,3.955517530441284,4.511627674102783
DeformationEnergy,12.5,train,43,97,0.7628844380378723,3.964221954345703,4.511627674102783
DeformationEnergy,12.5,train,43,97,0.8116680383682251,3.9873483180999756,4.511627674102783
DeformationEnergy,12.5,train,43,97,0.8343958258628845,3.993039131164551,4.511627674102783
DeformationEnergy,12.5,train,43,97,0.8533461689949036,3.98667049407959,4.511627674102783
DeformationEnergy,12.5,train,43,97,0.8674800992012024,3.984189033508301,4.511627674102783
DeformationEnergy,12.5,train,43,97,0.8794452548027039,3.9820802211761475,4.511627674102783
DeformationEnergy,12.5,train,43,97,0.8897634744644165,3.9797964096069336,4.511627674102783
DeformationEnergy,12.5,train,43,97,0.8987433910369873,3.9775376319885254,4.511627674102783
DeformationEnergy,12.5,train,43,97,0.9063924551010132,3.9752817153930664,4.511627674102783
DeformationEnergy,12.5,train,43,97,0.9128647446632385,3.9730451107025146,4.511627674102783
DeformationEnergy,12.5,train,46,104,0.8624888062477112,3.9739654064178467,4.5217390060424805
DeformationEnergy,12.5,train,46,104,0.8658830523490906,3.9605906009674072,4.5217390060424805
DeformationEnergy,12.5,train,46,105,0.8701220154762268,3.952009677886963,4.5652174949646
DeformationEnergy,12.5,train,52,121,0.7764794826507568,3.9348208904266357,4.653846263885498
DeformationEnergy,12.5,train,57,134,0.7196611762046814,3.9529151916503906,4.701754570007324
DeformationEnergy,12.5,train,69,167,0.6033772230148315,3.944901704788208,4.840579509735107
DeformationEnergy,12.5,train,75,183,0.5633128881454468,3.9473648071289062,4.880000114440918
DeformationEnergy,12.5,train,75,183,0.5749909281730652,3.936122179031372,4.880000114440918
DeformationEnergy,12.5,train,75,183,0.6038661003112793,3.9441964626312256,4.880000114440918
DeformationEnergy,12.5,train,75,183,0.6205867528915405,3.9469897747039795,4.880000114440918
DeformationEnergy,12.5,train,75,183,0.638430655002594,3.955425500869751,4.880000114440918
DeformationEnergy,12.5,train,75,183,0.6579972505569458,3.953610420227051,4.880000114440918
DeformationEnergy,12.5,train,75,183,0.6756381392478943,3.9527149200439453,4.880000114440918
DeformationEnergy,12.5,train,75,183,0.6915339231491089,3.9568099975585938,4.880000114440918
DeformationEnergy,12.5,train,75,184,0.7076858282089233,3.950105905532837,4.9066667556762695
DeformationEnergy,12.5,train,75,184,0.7226725816726685,3.948828935623169,4.9066667556762695
DeformationEnergy,12.5,train,75,184,0.7460758090019226,3.947019338607788,4.9066667556762695
DeformationEnergy,12.5,train,75,184,0.7562704682350159,3.94549560546875,4.9066667556762695
DeformationEnergy,12.5,train,75,184,0.7657918334007263,3.9418962001800537,4.9066667556762695
DeformationEnergy,12.5,train,75,184,0.7743600606918335,3.937312126159668,4.9066667556762695
DeformationEnergy,12.5,train,75,184,0.781313419342041,3.9387028217315674,4.9066667556762695
DeformationEnergy,12.5,train,75,184,0.7875654101371765,3.943890333175659,4.9066667556762695
DeformationEnergy,12.5,train,80,196,0.7433792352676392,3.9775195121765137,4.900000095367432
DeformationEnergy,12.5,train,80,196,0.7466350793838501,3.9729392528533936,4.900000095367432
DeformationEnergy,12.5,train,89,219,0.6731029748916626,3.960193157196045,4.9213480949401855
DeformationEnergy,15.0,train,6,9,0.8660253882408142,3.722419500350952,3.0
DeformationEnergy,15.0,train,6,9,0.9104329943656921,3.7334165573120117,3.0
DeformationEnergy,15.0,train,6,9,0.9322227835655212,3.7392053604125977,3.0
DeformationEnergy,15.0,train,6,9,0.9490389823913574,3.74212384223938,3.0
DeformationEnergy,15.0,train,6,9,0.9739212989807129,3.7467539310455322,3.0
DeformationEnergy,15.0,train,6,9,0.9740760326385498,3.7496302127838135,3.0
DeformationEnergy,15.0,train,6,9,0.9742064476013184,3.7527897357940674,3.0
DeformationEnergy,15.0,train,6,9,0.9743247628211975,3.7560932636260986,3.0
DeformationEnergy,15.0,train,8,13,0.7395898103713989,3.864396095275879,3.25
DeformationEnergy,15.0,train,9,15,0.6785296201705933,3.9259486198425293,3.3333332538604736
DeformationEnergy,15.0,train,9,15,0.7112690806388855,3.856450319290161,3.3333332538604736
DeformationEnergy,15.0,train,9,15,0.7790742516517639,3.82761287689209,3.3333332538604736
DeformationEnergy,15.0,train,9,15,0.8128105998039246,3.82379150390625,3.3333332538604736
DeformationEnergy,15.0,train,10,17,0.7617996335029602,3.859361171722412,3.4000000953674316
DeformationEnergy,15.0,train,10,17,0.8019954562187195,3.8326125144958496,3.4000000953674316
DeformationEnergy,15.0,train,12,21,0.7353517413139343,3.8539562225341797,3.5
DeformationEnergy,15.0,train,12,21,0.7721226215362549,3.840247392654419,3.5
DeformationEnergy,15.0,train,12,21,0.8047788739204407,3.836942434310913,3.5
DeformationEnergy,15.0,train,12,21,0.8302366137504578,3.8361246585845947,3.5
DeformationEnergy,15.0,train,12,21,0.8808931708335876,3.839862108230591,3.5
DeformationEnergy,15.0,train,12,21,0.9061835408210754,3.843003988265991,3.5
DeformationEnergy,15.0,train,12,21,0.9285202622413635,3.8450686931610107,3.5
DeformationEnergy,15.0,train,12,21,0.9624552130699158,3.847020387649536,3.5
DeformationEnergy,15.0,train,12,21,0.9708707332611084,3.845773696899414,3.5
DeformationEnergy,15.0,train,12,21,0.9711765646934509,3.843292474746704,3.5
DeformationEnergy,15.0,train,12,21,0.971422016620636,3.8416244983673096,3.5
DeformationEnergy,15.0,train,13,23,0.8957473039627075,3.8908047676086426,3.538461446762085
DeformationEnergy,15.0,train,15,27,0.7836194634437561,3.8824729919433594,3.5999999046325684
DeformationEnergy,15.0,train,17,31,0.7065224051475525,3.9113831520080566,3.6470587253570557
DeformationEnergy,15.0,train,17,31,0.7641466856002808,3.8785741329193115,3.6470587253570557
DeformationEnergy,15.0,train,17,31,0.7939703464508057,3.8762969970703125,3.6470587253570557
DeformationEnergy,15.0,train,17,32,0.8249464631080627,3.8509395122528076,3.7647058963775635
DeformationEnergy,15.0,train,19,36,0.7631077766418457,3.899839401245117,3.78947377204895
DeformationEnergy,15.0,train,19,36,0.8363441228866577,3.8776280879974365,3.78947377204895
DeformationEnergy,15.0,train,23,45,0.72169029712677,3.9419803619384766,3.91304349899292
DeformationEnergy,15.0,train,23,45,0.7593661546707153,3.914644718170166,3.91304349899292
DeformationEnergy,15.0,train,23,45,0.7927670478820801,3.906322956085205,3.91304349899292
DeformationEnergy,15.0,train,23,45,0.8425695896148682,3.9147658348083496,3.91304349899292
DeformationEnergy,15.0,train,23,45,0.8675412535667419,3.923985719680786,3.91304349899292
DeformationEnergy,15.0,train,23,45,0.8929541110992432,3.9340555667877197,3.91304349899292
DeformationEnergy,15.0,train,23,46,0.9368364810943604,3.91111421585083,4.0
DeformationEnergy,15.0,train,23,46,0.9544427394866943,3.9076688289642334,4.0
DeformationEnergy,15.0,train,23,46,0.9648631811141968,3.9052608013153076,4.0
DeformationEnergy,15.0,train,23,46,0.9657747149467468,3.9000556468963623,4.0
DeformationEnergy,15.0,train,23,46,0.9666351079940796,3.892585515975952,4.0
DeformationEnergy,15.0,train,25,51,0.8886910080909729,3.911275625228882,4.079999923706055
DeformationEnergy,15.0,train,28,59,0.799035370349884,3.910165548324585,4.214285850524902
DeformationEnergy,15.0,train,32,68,0.7332958579063416,3.900808811187744,4.25
DeformationEnergy,15.0,train,32,68,0.7594550848007202,3.8990883827209473,4.25
DeformationEnergy,15.0,train,32,69,0.7873632311820984,3.887474298477173,4.3125
DeformationEnergy,15.0,train,32,69,0.8142367601394653,3.8895440101623535,4.3125
DeformationEnergy,15.0,train,36,80,0.7727140188217163,3.8933932781219482,4.44444465637207
DeformationEnergy,15.0,train,36,80,0.8003628253936768,3.903414726257324,4.44444465637207
DeformationEnergy,15.0,train,41,93,0.7269567251205444,3.919619560241699,4.536585330963135
DeformationEnergy,15.0,train,41,93,0.7504783868789673,3.914274215698242,4.536585330963135
DeformationEnergy,15.0,train,41,93,0.7858451008796692,3.9129600524902344,4.536585330963135
DeformationEnergy,15.0,train,41,93,0.8015402555465698,3.919560432434082,4.536585330963135
DeformationEnergy,15.0,train,41,94,0.8194213509559631,3.923149347305298,4.5853657722473145
DeformationEnergy,15.0,train,41,94,0.8528427481651306,3.932792901992798,4.5853657722473145
DeformationEnergy,15.0,train,41,94,0.8705641627311707,3.939350128173828,4.5853657722473145
DeformationEnergy,15.0,train,41,94,0.8878387808799744,3.94649338722229,4.5853657722473145
DeformationEnergy,15.0,train,41,94,0.9036068916320801,3.9506993293762207,4.5853657722473145
DeformationEnergy,15.0,train,41,94,0.9241979718208313,3.948023796081543,4.5853657722473145
DeformationEnergy,15.0,train,41,94,0.9317456483840942,3.9460675716400146,4.5853657722473145
DeformationEnergy,15.0,train,45,103,0.8545552492141724,3.9486920833587646,4.577777862548828
DeformationEnergy,15.0,train,56,131,0.6927942633628845,3.95270037651062,4.6785712242126465
DeformationEnergy,15.0,train,56,131,0.7059112191200256,3.9285337924957275,4.6785712242126465
DeformationEnergy,15.0,train,56,131,0.7221011519432068,3.9257304668426514,4.6785712242126465
DeformationEnergy,15.0,train,56,131,0.7390519380569458,3.930114269256592,4.6785712242126465
DeformationEnergy,15.0,train,61,145,0.7126269340515137,3.959327459335327,4.754098415374756
DeformationEnergy,15.0,train,61,145,0.7305040955543518,3.9583964347839355,4.754098415374756
DeformationEnergy,15.0,train,61,145,0.7492406368255615,3.9587557315826416,4.754098415374756
DeformationEnergy,15.0,train,68,161,0.6881327033042908,3.967033863067627,4.735294342041016
DeformationEnergy,15.0,train,68,161,0.7192094922065735,3.9611995220184326,4.735294342041016
DeformationEnergy,15.0,train,68,161,0.7302544116973877,3.9647161960601807,4.735294342041016
DeformationEnergy,15.0,train,68,161,0.7407169938087463,3.9704997539520264,4.735294342041016
DeformationEnergy,15.0,train,68,161,0.7622218132019043,3.981640100479126,4.735294342041016
DeformationEnergy,15.0,train,68,161,0.7734448313713074,3.9809937477111816,4.735294342041016
DeformationEnergy,15.0,train,68,161,0.7850135564804077,3.9859116077423096,4.735294342041016
DeformationEnergy,15.0,train,68,161,0.7969055771827698,3.9803409576416016,4.735294342041016
DeformationEnergy,15.0,train,68,161,0.8203015923500061,3.9684534072875977,4.735294342041016
DeformationEnergy,15.0,train,68,161,0.8305396437644958,3.967317581176758,4.735294342041016
DeformationEnergy,15.0,train,68,161,0.8399063944816589,3.9671456813812256,4.735294342041016
DeformationEnergy,15.0,train,80,189,0.7277205586433411,3.976654052734375,4.724999904632568
DeformationEnergy,15.0,train,91,219,0.6432214379310608,3.9805712699890137,4.8131866455078125
DeformationEnergy,15.0,train,91,219,0.6485751271247864,3.967477321624756,4.8131866455078125
DeformationEnergy,15.0,train,91,219,0.6541290879249573,3.9749269485473633,4.8131866455078125
DeformationEnergy,15.0,train,91,219,0.6593344807624817,3.9943692684173584,4.8131866455078125
DeformationEnergy,15.0,train,97,235,0.6185506582260132,4.003087043762207,4.84536075592041
DeformationEnergy,15.0,train,97,235,0.6185501217842102,4.004242897033691,4.84536075592041
DeformationEnergy,15.0,train,97,235,0.6185508966445923,4.011045455932617,4.84536075592041
DeformationEnergy,15.0,train,108,267,0.5555511713027954,3.998002529144287,4.94444465637207
DeformationEnergy,15.0,train,108,267,0.5555515885353088,3.989248037338257,4.94444465637207
DeformationEnergy,15.0,train,108,267,0.5555519461631775,3.9801435470581055,4.94444465637207
DeformationEnergy,15.0,train,108,267,0.5555528998374939,3.9754626750946045,4.94444465637207
DeformationEnergy,15.0,train,108,267,0.5555531978607178,3.9767580032348633,4.94444465637207
DeformationEnergy,15.0,train,108,267,0.5555534362792969,3.979504108428955,4.94444465637207
DeformationEnergy,15.0,train,108,267,0.5555534958839417,3.983602285385132,4.94444465637207
DeformationEnergy,15.0,train,108,267,0.5555536150932312,3.9919145107269287,4.94444465637207
DeformationEnergy,15.0,train,108,267,0.555553674697876,3.984732151031494,4.94444465637207
DeformationEnergy,15.0,train,108,267,0.5555537343025208,3.9769225120544434,4.94444465637207
DeformationEnergy,15.0,train,121,305,0.4958655536174774,3.964719772338867,5.041322231292725
DeformationEnergy,15.0,train,130,331,0.4615364074707031,3.961836099624634,5.0923075675964355
DeformationEnergy,15.0,train,145,368,0.41379183530807495,3.9748694896698,5.075861930847168
DeformationEnergy,15.0,train,145,368,0.4137920141220093,3.949004888534546,5.075861930847168
DeformationEnergy,15.0,train,145,368,0.413792222738266,3.9338340759277344,5.075861930847168
DeformationEnergy,15.0,train,145,368,0.4137922525405884,3.933411121368408,5.075861930847168
DeformationEnergy,15.0,train,153,388,0.39215612411499023,3.9422671794891357,5.071895599365234
DeformationEnergy,15.0,train,153,388,0.3921560049057007,3.944408893585205,5.071895599365234
DeformationEnergy,15.0,train,169,431,0.3550288677215576,3.988220691680908,5.100591659545898
DeformationEnergy,15.0,train,169,431,0.35502880811691284,3.9937822818756104,5.100591659545898
DeformationEnergy,15.0,train,169,431,0.35502880811691284,3.987623691558838,5.100591659545898
DeformationEnergy,15.0,train,169,431,0.3550288677215576,3.968926191329956,5.100591659545898
DeformationEnergy,15.0,train,169,431,0.3550289273262024,3.9637451171875,5.100591659545898
DeformationEnergy,15.0,train,169,431,0.35502898693084717,3.9611053466796875,5.100591659545898
DeformationEnergy,15.0,train,169,431,0.35502898693084717,3.9602108001708984,5.100591659545898
DeformationEnergy,15.0,train,169,431,0.35502907633781433,3.963134765625,5.100591659545898
DeformationEnergy,15.0,train,169,431,0.35502907633781433,3.965852737426758,5.100591659545898
DeformationEnergy,15.0,train,169,431,0.35502907633781433,3.965383291244507,5.100591659545898
DeformationEnergy,15.0,train,169,431,0.35502907633781433,3.962202310562134,5.100591659545898
DeformationEnergy,15.0,train,187,482,0.32085496187210083,4.003607749938965,5.155080318450928
DeformationEnergy,15.0,train,199,517,0.301506906747818,4.062230587005615,5.195980072021484
DeformationEnergy,15.0,train,222,581,0.2702699303627014,4.071685314178467,5.23423433303833
DeformationEnergy,15.0,train,221,578,0.27149298787117004,3.9966542720794678,5.230769157409668
DeformationEnergy,15.0,train,221,578,0.27149295806884766,3.9727468490600586,5.230769157409668
DeformationEnergy,15.0,train,221,578,0.27149298787117004,3.9566314220428467,5.230769157409668
DeformationEnergy,15.0,train,235,619,0.25531893968582153,3.9588427543640137,5.26808500289917
DeformationEnergy,15.0,train,235,619,0.25531890988349915,3.949009656906128,5.26808500289917
DeformationEnergy,15.0,train,251,666,0.23904357850551605,3.988022565841675,5.306772708892822
DeformationEnergy,15.0,train,252,667,0.2380950003862381,4.005080223083496,5.2936506271362305
DeformationEnergy,15.0,train,248,658,0.24193523824214935,3.96097993850708,5.306451797485352
DeformationEnergy,15.0,train,248,659,0.24193523824214935,3.9635703563690186,5.314516067504883
DeformationEnergy,15.0,train,6,9,0.8660253882408142,3.722419500350952,3.0
DeformationEnergy,15.0,train,7,11,0.6996691823005676,3.8033676147460938,3.142857074737549
DeformationEnergy,15.0,train,7,11,0.771729052066803,3.7863078117370605,3.142857074737549
DeformationEnergy,15.0,train,8,13,0.7045317888259888,3.837764263153076,3.25
DeformationEnergy,15.0,train,8,13,0.7465859055519104,3.8050389289855957,3.25
DeformationEnergy,15.0,train,9,15,0.7351830005645752,3.8178892135620117,3.3333332538604736
DeformationEnergy,15.0,train,9,15,0.7799946665763855,3.807868003845215,3.3333332538604736
DeformationEnergy,15.0,train,9,15,0.8224623799324036,3.8053693771362305,3.3333332538604736
DeformationEnergy,15.0,train,9,15,0.8563328385353088,3.806551218032837,3.3333332538604736
DeformationEnergy,15.0,train,9,15,0.9033782482147217,3.8098793029785156,3.3333332538604736
DeformationEnergy,15.0,train,9,15,0.9259036183357239,3.8122494220733643,3.3333332538604736
DeformationEnergy,15.0,train,9,15,0.9470592141151428,3.814478635787964,3.3333332538604736
DeformationEnergy,15.0,train,9,15,0.9585229158401489,3.815876007080078,3.3333332538604736
DeformationEnergy,15.0,train,9,15,0.9725634455680847,3.816824197769165,3.3333332538604736
DeformationEnergy,15.0,train,9,15,0.9727952480316162,3.81640625,3.3333332538604736
DeformationEnergy,15.0,train,10,17,0.8736990690231323,3.888540267944336,3.4000000953674316
DeformationEnergy,15.0,train,10,17,0.892361044883728,3.828591823577881,3.4000000953674316
DeformationEnergy,15.0,train,10,17,0.9027501940727234,3.8200225830078125,3.4000000953674316
DeformationEnergy,15.0,train,12,21,0.7585579752922058,3.854759931564331,3.5
DeformationEnergy,15.0,train,12,21,0.7810075283050537,3.8266522884368896,3.5
DeformationEnergy,15.0,train,14,26,0.7323231101036072,3.8356988430023193,3.7142856121063232
DeformationEnergy,15.0,train,14,26,0.7686628699302673,3.8293092250823975,3.7142856121063232
DeformationEnergy,15.0,train,16,30,0.7020053863525391,3.9117181301116943,3.75
DeformationEnergy,15.0,train,16,30,0.7814305424690247,3.8666815757751465,3.75
DeformationEnergy,15.0,train,18,34,0.7314879298210144,3.8807308673858643,3.777777671813965
DeformationEnergy,15.0,train,18,34,0.774075984954834,3.8736660480499268,3.777777671813965
DeformationEnergy,15.0,train,18,34,0.81559157371521,3.877509593963623,3.777777671813965
DeformationEnergy,15.0,train,18,34,0.8735002279281616,3.883411407470703,3.777777671813965
DeformationEnergy,15.0,train,18,34,0.8955062031745911,3.8874478340148926,3.777777671813965
DeformationEnergy,15.0,train,18,34,0.9177356362342834,3.8919475078582764,3.777777671813965
DeformationEnergy,15.0,train,18,34,0.9387794137001038,3.8962020874023438,3.777777671813965
DeformationEnergy,15.0,train,18,34,0.9615657329559326,3.900456428527832,3.777777671813965
DeformationEnergy,15.0,train,18,34,0.9667040705680847,3.896692991256714,3.777777671813965
DeformationEnergy,15.0,train,18,34,0.9675072431564331,3.8912947177886963,3.777777671813965
DeformationEnergy,15.0,train,19,37,0.9217727184295654,3.8766205310821533,3.8947367668151855
DeformationEnergy,15.0,train,19,37,0.9272815585136414,3.8689301013946533,3.8947367668151855
DeformationEnergy,15.0,train,19,37,0.9328117370605469,3.866455078125,3.8947367668151855
DeformationEnergy,15.0,train,23,46,0.7729076743125916,3.94553804397583,4.0
DeformationEnergy,15.0,train,26,55,0.7221940159797668,3.893554210662842,4.230769157409668
DeformationEnergy,15.0,train,26,55,0.7505236268043518,3.8826496601104736,4.230769157409668
DeformationEnergy,15.0,train,26,55,0.7793063521385193,3.886152982711792,4.230769157409668
DeformationEnergy,15.0,train,29,61,0.7558867931365967,3.9350244998931885,4.206896781921387
DeformationEnergy,15.0,train,29,61,0.7898340821266174,3.9377777576446533,4.206896781921387
DeformationEnergy,15.0,train,33,70,0.724449634552002,3.9819369316101074,4.242424011230469
DeformationEnergy,15.0,train,33,70,0.7554791569709778,3.9890201091766357,4.242424011230469
DeformationEnergy,15.0,train,33,70,0.8122228384017944,4.01215124130249,4.242424011230469
DeformationEnergy,15.0,train,33,70,0.8350379467010498,4.019225120544434,4.242424011230469
DeformationEnergy,15.0,train,33,70,0.856316864490509,4.026498794555664,4.242424011230469
DeformationEnergy,15.0,train,33,70,0.8770195245742798,4.0351667404174805,4.242424011230469
DeformationEnergy,15.0,train,33,71,0.9099301695823669,4.035435676574707,4.303030490875244
DeformationEnergy,15.0,train,33,71,0.9220665693283081,4.041139602661133,4.303030490875244
DeformationEnergy,15.0,train,33,71,0.9333727955818176,4.0446977615356445,4.303030490875244
DeformationEnergy,15.0,train,35,77,0.8930580019950867,4.035356044769287,4.400000095367432
DeformationEnergy,15.0,train,35,77,0.8973846435546875,4.004759311676025,4.400000095367432
DeformationEnergy,15.0,train,35,77,0.9017156362533569,3.9956986904144287,4.400000095367432
DeformationEnergy,15.0,train,35,77,0.9064628481864929,3.9935638904571533,4.400000095367432
DeformationEnergy,15.0,train,42,96,0.7710914611816406,3.9895055294036865,4.5714287757873535
DeformationEnergy,15.0,train,46,107,0.7182101607322693,3.9785568714141846,4.65217399597168
DeformationEnergy,15.0,train,46,107,0.7359009385108948,3.9770727157592773,4.65217399597168
DeformationEnergy,15.0,train,52,121,0.682053804397583,3.9885706901550293,4.653846263885498
DeformationEnergy,15.0,train,52,121,0.7034209370613098,3.9558329582214355,4.653846263885498
DeformationEnergy,15.0,train,52,121,0.7254034280776978,3.951420307159424,4.653846263885498
DeformationEnergy,15.0,train,59,140,0.6596236824989319,3.930718183517456,4.745762825012207
DeformationEnergy,15.0,train,59,140,0.7009773254394531,3.9318478107452393,4.745762825012207
DeformationEnergy,15.0,train,59,140,0.7203198671340942,3.9311182498931885,4.745762825012207
DeformationEnergy,15.0,train,59,140,0.7390208840370178,3.9320430755615234,4.745762825012207
DeformationEnergy,15.0,train,59,140,0.7573304176330566,3.933610677719116,4.745762825012207
DeformationEnergy,15.0,train,59,140,0.7935620546340942,3.941013813018799,4.745762825012207
DeformationEnergy,15.0,train,59,140,0.8059135675430298,3.9442806243896484,4.745762825012207
DeformationEnergy,15.0,train,59,140,0.8172183036804199,3.9488778114318848,4.745762825012207
DeformationEnergy,15.0,train,59,140,0.83917635679245,3.954925537109375,4.745762825012207
DeformationEnergy,15.0,train,63,149,0.7956430315971375,3.9671173095703125,4.730158805847168
DeformationEnergy,15.0,train,63,149,0.8046811819076538,3.956000804901123,4.730158805847168
DeformationEnergy,15.0,train,63,149,0.8127788305282593,3.9531354904174805,4.730158805847168
DeformationEnergy,15.0,train,72,174,0.7231952548027039,3.9659037590026855,4.833333492279053
DeformationEnergy,15.0,train,72,174,0.728865385055542,3.941216468811035,4.833333492279053
DeformationEnergy,15.0,train,77,186,0.6882275938987732,3.953488349914551,4.8311686515808105
DeformationEnergy,15.0,train,77,186,0.7043790817260742,3.9418184757232666,4.8311686515808105
DeformationEnergy,15.0,train,87,213,0.630407452583313,3.966592788696289,4.896551609039307
DeformationEnergy,15.0,train,87,213,0.6399782299995422,3.947528123855591,4.896551609039307
DeformationEnergy,15.0,train,87,213,0.652972400188446,3.943704605102539,4.896551609039307
DeformationEnergy,15.0,train,96,237,0.617394745349884,3.9473040103912354,4.9375
DeformationEnergy,15.0,train,96,237,0.6230311989784241,3.9543540477752686,4.9375
DeformationEnergy,15.0,train,96,237,0.624970018863678,3.9574263095855713,4.9375
DeformationEnergy,15.0,train,6,9,0.8660253882408142,3.722419500350952,3.0
DeformationEnergy,15.0,train,6,9,0.9735636711120605,3.737860918045044,3.0
DeformationEnergy,15.0,train,6,9,0.9736897945404053,3.7409703731536865,3.0
DeformationEnergy,15.0,train,6,9,0.973829448223114,3.7437703609466553,3.0
DeformationEnergy,15.0,train,6,9,0.9741003513336182,3.7497622966766357,3.0
DeformationEnergy,15.0,train,6,9,0.9742236137390137,3.7529842853546143,3.0
DeformationEnergy,15.0,train,6,9,0.9743378758430481,3.7562992572784424,3.0
DeformationEnergy,15.0,train,6,9,0.9744431972503662,3.759664535522461,3.0
DeformationEnergy,15.0,train,7,11,0.8484571576118469,3.8034133911132812,3.142857074737549
DeformationEnergy,15.0,train,7,11,0.863154947757721,3.7937304973602295,3.142857074737549
DeformationEnergy,15.0,train,8,13,0.7719590663909912,3.852623462677002,3.25
DeformationEnergy,15.0,train,11,19,0.6087196469306946,3.9052858352661133,3.454545497894287
DeformationEnergy,15.0,train,12,21,0.6003206372261047,3.8797690868377686,3.5
DeformationEnergy,15.0,train,12,21,0.6500731110572815,3.857579231262207,3.5
DeformationEnergy,15.0,train,12,21,0.7005274891853333,3.855333089828491,3.5
DeformationEnergy,15.0,train,12,21,0.7990274429321289,3.857173204421997,3.5
DeformationEnergy,15.0,train,12,21,0.840987503528595,3.8589086532592773,3.5
DeformationEnergy,15.0,train,12,21,0.8830253481864929,3.8612401485443115,3.5
DeformationEnergy,15.0,train,12,21,0.9189327359199524,3.8621339797973633,3.5
DeformationEnergy,15.0,train,12,21,0.9646296501159668,3.858633041381836,3.5
DeformationEnergy,15.0,train,12,21,0.9688888192176819,3.852375030517578,3.5
DeformationEnergy,15.0,train,12,21,0.9692586064338684,3.8468286991119385,3.5
DeformationEnergy,15.0,train,12,21,0.9698640704154968,3.838430404663086,3.5
DeformationEnergy,15.0,train,12,21,0.9701288342475891,3.835149049758911,3.5
DeformationEnergy,15.0,train,12,21,0.970376193523407,3.83233380317688,3.5
DeformationEnergy,15.0,train,12,21,0.9706090092658997,3.8299217224121094,3.5
DeformationEnergy,15.0,train,14,26,0.8312515616416931,3.886371612548828,3.7142856121063232
DeformationEnergy,15.0,train,14,26,0.8452587127685547,3.848207473754883,3.7142856121063232
DeformationEnergy,15.0,train,14,26,0.8599699139595032,3.8389060497283936,3.7142856121063232
DeformationEnergy,15.0,train,18,35,0.7053372859954834,3.9182538986206055,3.8888888359069824
DeformationEnergy,15.0,train,22,46,0.6078623533248901,3.906170129776001,4.181818008422852
DeformationEnergy,15.0,train,24,50,0.5976695418357849,3.8955085277557373,4.166666507720947
DeformationEnergy,15.0,train,24,50,0.6474089026451111,3.886334180831909,4.166666507720947
DeformationEnergy,15.0,train,24,50,0.7473654747009277,3.8902196884155273,4.166666507720947
DeformationEnergy,15.0,train,24,50,0.7945327758789062,3.8980112075805664,4.166666507720947
DeformationEnergy,15.0,train,24,50,0.8364219665527344,3.905095338821411,4.166666507720947
DeformationEnergy,15.0,train,24,50,0.8769939541816711,3.91473388671875,4.166666507720947
DeformationEnergy,15.0,train,24,50,0.9381424784660339,3.932739019393921,4.166666507720947
DeformationEnergy,15.0,train,24,50,0.9561157822608948,3.932988405227661,4.166666507720947
DeformationEnergy,15.0,train,24,50,0.9628087878227234,3.9254815578460693,4.166666507720947
DeformationEnergy,15.0,train,24,50,0.9651873111724854,3.9119880199432373,4.166666507720947
DeformationEnergy,15.0,train,24,50,0.9658503532409668,3.9070608615875244,4.166666507720947
DeformationEnergy,15.0,train,24,50,0.9663867950439453,3.902944326400757,4.166666507720947
DeformationEnergy,15.0,train,24,50,0.9668480753898621,3.8994455337524414,4.166666507720947
DeformationEnergy,15.0,train,24,50,0.9676210284233093,3.893826723098755,4.166666507720947
DeformationEnergy,15.0,train,26,55,0.893464982509613,3.9068374633789062,4.230769157409668
DeformationEnergy,15.0,train,26,56,0.9010517597198486,3.8891942501068115,4.307692527770996
DeformationEnergy,15.0,train,29,61,0.8229422569274902,3.91064190864563,4.206896781921387
DeformationEnergy,15.0,train,32,69,0.7599011659622192,3.924748420715332,4.3125
DeformationEnergy,15.0,train,39,85,0.6397078037261963,3.959796190261841,4.358974456787109
DeformationEnergy,15.0,train,43,96,0.6046698689460754,3.946047782897949,4.465116500854492
DeformationEnergy,15.0,train,43,97,0.6633817553520203,3.932236671447754,4.511627674102783
DeformationEnergy,15.0,train,43,97,0.6915706992149353,3.933121681213379,4.511627674102783
DeformationEnergy,15.0,train,43,97,0.7206136584281921,3.9498836994171143,4.511627674102783
DeformationEnergy,15.0,train,43,97,0.7479798197746277,3.960564613342285,4.511627674102783
DeformationEnergy,15.0,train,43,97,0.8040880560874939,3.9871084690093994,4.511627674102783
DeformationEnergy,15.0,train,43,97,0.8288357853889465,3.9990618228912354,4.511627674102783
DeformationEnergy,15.0,train,43,97,0.8526722192764282,3.998073101043701,4.511627674102783
DeformationEnergy,15.0,train,43,97,0.8871360421180725,3.9927520751953125,4.511627674102783
DeformationEnergy,15.0,train,43,97,0.8990886807441711,3.990144968032837,4.511627674102783
DeformationEnergy,15.0,train,43,97,0.909140944480896,3.987016201019287,4.511627674102783
DeformationEnergy,15.0,train,43,97,0.9176715612411499,3.9839072227478027,4.511627674102783
DeformationEnergy,15.0,train,43,97,0.9304900169372559,3.9773216247558594,4.511627674102783
DeformationEnergy,15.0,train,43,97,0.9350311160087585,3.9724724292755127,4.511627674102783
DeformationEnergy,15.0,train,46,104,0.8775234222412109,3.97684383392334,4.5217390060424805
DeformationEnergy,15.0,train,46,105,0.8847850561141968,3.9520576000213623,4.5652174949646
DeformationEnergy,15.0,train,52,121,0.7901417016983032,3.9369707107543945,4.653846263885498
DeformationEnergy,15.0,train,57,134,0.7321318984031677,3.9487175941467285,4.701754570007324
DeformationEnergy,15.0,train,69,167,0.6136733293533325,3.937284231185913,4.840579509735107
DeformationEnergy,15.0,train,75,183,0.5862992405891418,3.9289872646331787,4.880000114440918
DeformationEnergy,15.0,train,75,183,0.6011058688163757,3.9295992851257324,4.880000114440918
DeformationEnergy,15.0,train,75,183,0.6176013350486755,3.9363362789154053,4.880000114440918
DeformationEnergy,15.0,train,75,183,0.6356241703033447,3.9459636211395264,4.880000114440918
DeformationEnergy,15.0,train,75,183,0.676113486289978,3.955676794052124,4.880000114440918
DeformationEnergy,15.0,train,75,183,0.6948970556259155,3.95758056640625,4.880000114440918
DeformationEnergy,15.0,train,75,184,0.7121217846870422,3.9550793170928955,4.9066667556762695
DeformationEnergy,15.0,train,75,184,0.745811939239502,3.9552156925201416,4.9066667556762695
DeformationEnergy,15.0,train,75,184,0.7591537237167358,3.9539623260498047,4.9066667556762695
DeformationEnergy,15.0,train,75,184,0.7710794806480408,3.9512808322906494,4.9066667556762695
DeformationEnergy,15.0,train,75,184,0.7804567217826843,3.949309825897217,4.9066667556762695
DeformationEnergy,15.0,train,75,184,0.7948265671730042,3.9566805362701416,4.9066667556762695
DeformationEnergy,15.0,train,75,184,0.7979244589805603,3.962616443634033,4.9066667556762695
DeformationEnergy,15.0,train,75,184,0.7992820143699646,3.967604160308838,4.9066667556762695
DeformationEnergy,15.0,train,81,198,0.7407407164573669,3.9744625091552734,4.888888835906982
DeformationEnergy,20.0,val,6,9,0.8660253882408142,3.722419500350952,3.0
DeformationEnergy,20.0,val,6,9,0.9175934195518494,3.7334773540496826,3.0
DeformationEnergy,20.0,val,6,9,0.9392387270927429,3.739145278930664,3.0
DeformationEnergy,20.0,val,6,9,0.956019401550293,3.7419722080230713,3.0
DeformationEnergy,20.0,val,6,9,0.972822368144989,3.744140625,3.0
DeformationEnergy,20.0,val,6,9,0.9805660843849182,3.749328851699829,3.0
DeformationEnergy,20.0,val,6,9,0.980664074420929,3.752444267272949,3.0
DeformationEnergy,20.0,val,6,9,0.9807531833648682,3.7557098865509033,3.0
DeformationEnergy,20.0,val,7,11,0.838432252407074,3.8741815090179443,3.142857074737549
DeformationEnergy,20.0,val,8,13,0.7480018138885498,3.865229845046997,3.25
DeformationEnergy,20.0,val,9,15,0.7198107838630676,3.8543386459350586,3.3333332538604736
DeformationEnergy,20.0,val,9,15,0.7535690665245056,3.8347620964050293,3.3333332538604736
DeformationEnergy,20.0,val,9,15,0.7873201966285706,3.827056884765625,3.3333332538604736
DeformationEnergy,20.0,val,9,15,0.8209456205368042,3.823399782180786,3.3333332538604736
DeformationEnergy,20.0,val,10,17,0.7701326608657837,3.8584799766540527,3.4000000953674316
DeformationEnergy,20.0,val,10,17,0.8507653474807739,3.822899341583252,3.4000000953674316
DeformationEnergy,20.0,val,12,21,0.7443398833274841,3.8548145294189453,3.5
DeformationEnergy,20.0,val,12,21,0.7809648513793945,3.841228485107422,3.5
DeformationEnergy,20.0,val,12,21,0.8134090900421143,3.837848663330078,3.5
DeformationEnergy,20.0,val,12,21,0.8387331962585449,3.8370044231414795,3.5
DeformationEnergy,20.0,val,12,21,0.8892282843589783,3.840700149536133,3.5
DeformationEnergy,20.0,val,12,21,0.9144461750984192,3.8438196182250977,3.5
DeformationEnergy,20.0,val,12,21,0.9364809989929199,3.8457858562469482,3.5
DeformationEnergy,20.0,val,12,21,0.9533835053443909,3.8463802337646484,3.5
DeformationEnergy,20.0,val,12,21,0.9702526926994324,3.8476810455322266,3.5
DeformationEnergy,20.0,val,12,21,0.9783915877342224,3.8438169956207275,3.5
DeformationEnergy,20.0,val,12,21,0.9785739779472351,3.8421084880828857,3.5
DeformationEnergy,20.0,val,12,21,0.9787377715110779,3.840913772583008,3.5
DeformationEnergy,20.0,val,13,23,0.9025453329086304,3.890605926513672,3.538461446762085
DeformationEnergy,20.0,val,15,27,0.7919638156890869,3.8833930492401123,3.5999999046325684
DeformationEnergy,20.0,val,17,31,0.7435336709022522,3.8874242305755615,3.6470587253570557
DeformationEnergy,20.0,val,17,31,0.7731108665466309,3.879856824874878,3.6470587253570557
DeformationEnergy,20.0,val,17,32,0.8035261034965515,3.8734283447265625,3.7647058963775635
DeformationEnergy,20.0,val,17,32,0.8334083557128906,3.85028338432312,3.7647058963775635
DeformationEnergy,20.0,val,19,36,0.7718899250030518,3.899785041809082,3.78947377204895
DeformationEnergy,20.0,val,19,36,0.8455615043640137,3.8786885738372803,3.78947377204895
DeformationEnergy,20.0,val,23,45,0.73134446144104,3.942909002304077,3.91304349899292
DeformationEnergy,20.0,val,23,45,0.7693125605583191,3.9158520698547363,3.91304349899292
DeformationEnergy,20.0,val,23,45,0.8024154305458069,3.907834529876709,3.91304349899292
DeformationEnergy,20.0,val,23,45,0.8273523449897766,3.910637617111206,3.91304349899292
DeformationEnergy,20.0,val,23,45,0.8779023885726929,3.928255796432495,3.91304349899292
DeformationEnergy,20.0,val,23,45,0.9035328030586243,3.938352584838867,3.91304349899292
DeformationEnergy,20.0,val,23,46,0.9285283088684082,3.9228458404541016,4.0
DeformationEnergy,20.0,val,23,46,0.9464641809463501,3.9104561805725098,4.0
DeformationEnergy,20.0,val,23,46,0.9636932015419006,3.9097721576690674,4.0
DeformationEnergy,20.0,val,23,46,0.9741952419281006,3.902310609817505,4.0
DeformationEnergy,20.0,val,23,46,0.9745488166809082,3.8980448246002197,4.0
DeformationEnergy,20.0,val,23,46,0.9748493432998657,3.8945679664611816,4.0
DeformationEnergy,20.0,val,25,51,0.8963268995285034,3.9120588302612305,4.079999923706055
DeformationEnergy,20.0,val,28,59,0.8079846501350403,3.9118692874908447,4.214285850524902
DeformationEnergy,20.0,val,32,68,0.743546724319458,3.905346393585205,4.25
DeformationEnergy,20.0,val,32,69,0.7709588408470154,3.900446891784668,4.3125
DeformationEnergy,20.0,val,32,69,0.7984536290168762,3.8905413150787354,4.3125
DeformationEnergy,20.0,val,32,69,0.8255938291549683,3.8947319984436035,4.3125
DeformationEnergy,20.0,val,36,80,0.7842082381248474,3.898926258087158,4.44444465637207
DeformationEnergy,20.0,val,36,80,0.8137835264205933,3.911677837371826,4.44444465637207
DeformationEnergy,20.0,val,41,93,0.7388935089111328,3.9266550540924072,4.536585330963135
DeformationEnergy,20.0,val,41,93,0.7627509832382202,3.923347234725952,4.536585330963135
DeformationEnergy,20.0,val,41,93,0.7857359647750854,3.920262336730957,4.536585330963135
DeformationEnergy,20.0,val,41,94,0.8208324909210205,3.93084716796875,4.5853657722473145
DeformationEnergy,20.0,val,41,94,0.8387356996536255,3.9309022426605225,4.5853657722473145
DeformationEnergy,20.0,val,41,94,0.8569657802581787,3.936171293258667,4.5853657722473145
DeformationEnergy,20.0,val,41,94,0.8762057423591614,3.944753408432007,4.5853657722473145
DeformationEnergy,20.0,val,41,94,0.8955239057540894,3.9533579349517822,4.5853657722473145
DeformationEnergy,20.0,val,41,94,0.928272545337677,3.960829496383667,4.5853657722473145
DeformationEnergy,20.0,val,41,94,0.9388508796691895,3.958411693572998,4.5853657722473145
DeformationEnergy,20.0,val,41,94,0.9468569159507751,3.9552810192108154,4.5853657722473145
DeformationEnergy,20.0,val,41,94,0.953113853931427,3.9520680904388428,4.5853657722473145
DeformationEnergy,20.0,val,45,103,0.8727129697799683,3.9520649909973145,4.577777862548828
DeformationEnergy,20.0,val,56,131,0.7076116800308228,3.9545681476593018,4.6785712242126465
DeformationEnergy,20.0,val,56,131,0.7223649621009827,3.931171417236328,4.6785712242126465
DeformationEnergy,20.0,val,56,131,0.7393523454666138,3.9295268058776855,4.6785712242126465
DeformationEnergy,20.0,val,56,131,0.7576739192008972,3.9353137016296387,4.6785712242126465
DeformationEnergy,20.0,val,56,131,0.7770966291427612,3.94396710395813,4.6785712242126465
DeformationEnergy,20.0,val,61,144,0.7511779069900513,3.959045171737671,4.721311569213867
DeformationEnergy,20.0,val,61,144,0.7699801325798035,3.954887866973877,4.721311569213867
DeformationEnergy,20.0,val,68,161,0.7073172926902771,3.96405291557312,4.735294342041016
DeformationEnergy,20.0,val,68,161,0.7243696451187134,3.9566762447357178,4.735294342041016
DeformationEnergy,20.0,val,68,161,0.7415973544120789,3.958169937133789,4.735294342041016
DeformationEnergy,20.0,val,68,161,0.7663456201553345,3.967733144760132,4.735294342041016
DeformationEnergy,20.0,val,68,161,0.7786421179771423,3.9742817878723145,4.735294342041016
DeformationEnergy,20.0,val,68,161,0.7912503480911255,3.9685018062591553,4.735294342041016
DeformationEnergy,20.0,val,68,161,0.8042168617248535,3.972334861755371,4.735294342041016
DeformationEnergy,20.0,val,68,161,0.8175376653671265,3.9726812839508057,4.735294342041016
DeformationEnergy,20.0,val,68,161,0.8447283506393433,3.9574127197265625,4.735294342041016
DeformationEnergy,20.0,val,68,161,0.8570664525032043,3.952382802963257,4.735294342041016
DeformationEnergy,20.0,val,68,161,0.8674089312553406,3.950706958770752,4.735294342041016
DeformationEnergy,20.0,val,68,161,0.8746548295021057,3.9525890350341797,4.735294342041016
DeformationEnergy,20.0,val,75,176,0.7968668341636658,3.986828565597534,4.693333148956299
DeformationEnergy,20.0,val,91,218,0.6593327522277832,3.975578546524048,4.791208744049072
DeformationEnergy,20.0,val,91,218,0.6593336462974548,3.9686479568481445,4.791208744049072
DeformationEnergy,20.0,val,91,218,0.6593343019485474,3.971719264984131,4.791208744049072
DeformationEnergy,20.0,val,91,218,0.6593348383903503,3.9742894172668457,4.791208744049072
DeformationEnergy,20.0,val,91,218,0.6593353748321533,3.978090286254883,4.791208744049072
DeformationEnergy,20.0,val,97,234,0.6185516715049744,4.0049896240234375,4.824742317199707
DeformationEnergy,20.0,val,97,234,0.6185526847839355,4.00868034362793,4.824742317199707
DeformationEnergy,20.0,val,108,266,0.5555525422096252,4.0159478187561035,4.9259257316589355
DeformationEnergy,20.0,val,108,266,0.55555260181427,4.010161876678467,4.9259257316589355
DeformationEnergy,20.0,val,108,266,0.5555529594421387,4.003589153289795,4.9259257316589355
DeformationEnergy,20.0,val,108,266,0.555553674697876,3.99345064163208,4.9259257316589355
DeformationEnergy,20.0,val,108,266,0.5555538535118103,3.9886722564697266,4.9259257316589355
DeformationEnergy,20.0,val,108,266,0.5555541515350342,3.988778591156006,4.9259257316589355
DeformationEnergy,20.0,val,108,266,0.5555542707443237,3.99072527885437,4.9259257316589355
DeformationEnergy,20.0,val,108,266,0.5555383563041687,3.997560739517212,4.9259257316589355
DeformationEnergy,20.0,val,108,266,0.5555543899536133,3.9995334148406982,4.9259257316589355
DeformationEnergy,20.0,val,108,266,0.5555544495582581,3.99898099899292,4.9259257316589355
DeformationEnergy,20.0,val,108,266,0.5555544495582581,3.994741916656494,4.9259257316589355
DeformationEnergy,20.0,val,108,266,0.5555544495582581,3.988553762435913,4.9259257316589355
DeformationEnergy,20.0,val,129,327,0.4651152193546295,3.984912872314453,5.069767475128174
DeformationEnergy,20.0,val,146,371,0.4109582304954529,3.9925875663757324,5.0821919441223145
DeformationEnergy,20.0,val,146,371,0.41095831990242004,3.96258807182312,5.0821919441223145
DeformationEnergy,20.0,val,146,371,0.41095831990242004,3.9455716609954834,5.0821919441223145
DeformationEnergy,20.0,val,146,371,0.4109477698802948,3.93645977973938,5.0821919441223145
DeformationEnergy,20.0,val,155,396,0.3870962858200073,3.9527158737182617,5.109677314758301
DeformationEnergy,20.0,val,155,396,0.38709622621536255,3.9544684886932373,5.109677314758301
DeformationEnergy,20.0,val,155,396,0.38709622621536255,3.9602112770080566,5.109677314758301
DeformationEnergy,20.0,val,172,442,0.3488367795944214,4.011415481567383,5.139534950256348
DeformationEnergy,20.0,val,172,442,0.3488367199897766,4.0022807121276855,5.139534950256348
DeformationEnergy,20.0,val,172,442,0.3488195836544037,3.9749386310577393,5.139534950256348
DeformationEnergy,20.0,val,172,442,0.3488368093967438,3.964519500732422,5.139534950256348
DeformationEnergy,20.0,val,172,442,0.3488246202468872,3.9629597663879395,5.139534950256348
DeformationEnergy,20.0,val,172,442,0.34883686900138855,3.958554983139038,5.139534950256348
DeformationEnergy,20.0,val,172,442,0.34883689880371094,3.960779905319214,5.139534950256348
DeformationEnergy,20.0,val,172,442,0.34883689880371094,3.9639339447021484,5.139534950256348
DeformationEnergy,20.0,val,172,442,0.3488369286060333,3.962475061416626,5.139534950256348
DeformationEnergy,20.0,val,172,442,0.34883150458335876,3.959129810333252,5.139534950256348
DeformationEnergy,20.0,val,172,442,0.3488369286060333,3.959041118621826,5.139534950256348
DeformationEnergy,20.0,val,172,442,0.3488369286060333,3.960707664489746,5.139534950256348
DeformationEnergy,20.0,val,6,9,0.8660253882408142,3.722419500350952,3.0
DeformationEnergy,20.0,val,7,11,0.7079591751098633,3.805504560470581,3.142857074737549
DeformationEnergy,20.0,val,7,11,0.7438669204711914,3.7917330265045166,3.142857074737549
DeformationEnergy,20.0,val,7,11,0.7799242734909058,3.7870194911956787,3.142857074737549
DeformationEnergy,20.0,val,8,13,0.7123770117759705,3.8383381366729736,3.25
DeformationEnergy,20.0,val,8,13,0.7929113507270813,3.7993295192718506,3.25
DeformationEnergy,20.0,val,9,15,0.7438686490058899,3.8178024291992188,3.3333332538604736
DeformationEnergy,20.0,val,9,15,0.7886289358139038,3.8080995082855225,3.3333332538604736
DeformationEnergy,20.0,val,9,15,0.8307960629463196,3.8056302070617676,3.3333332538604736
DeformationEnergy,20.0,val,9,15,0.8644509315490723,3.8069639205932617,3.3333332538604736
DeformationEnergy,20.0,val,9,15,0.911029577255249,3.810115337371826,3.3333332538604736
DeformationEnergy,20.0,val,9,15,0.9334871768951416,3.8123724460601807,3.3333332538604736
DeformationEnergy,20.0,val,9,15,0.9544188380241394,3.8144967555999756,3.3333332538604736
DeformationEnergy,20.0,val,9,15,0.9657666087150574,3.815807342529297,3.3333332538604736
DeformationEnergy,20.0,val,9,15,0.9770702719688416,3.81740140914917,3.3333332538604736
DeformationEnergy,20.0,val,9,15,0.9796102046966553,3.8161206245422363,3.3333332538604736
DeformationEnergy,20.0,val,10,17,0.8801841735839844,3.888059616088867,3.4000000953674316
DeformationEnergy,20.0,val,10,17,0.889499843120575,3.844891309738159,3.4000000953674316
DeformationEnergy,20.0,val,10,17,0.8997319936752319,3.8283398151397705,3.4000000953674316
DeformationEnergy,20.0,val,10,17,0.9100193977355957,3.819667339324951,3.4000000953674316
DeformationEnergy,20.0,val,12,21,0.789473831653595,3.827044725418091,3.5
DeformationEnergy,20.0,val,14,26,0.7054687738418579,3.8561744689941406,3.7142856121063232
DeformationEnergy,20.0,val,14,26,0.741549551486969,3.836376428604126,3.7142856121063232
DeformationEnergy,20.0,val,14,26,0.7777296900749207,3.829737424850464,3.7142856121063232
DeformationEnergy,20.0,val,16,30,0.7527036666870117,3.8767929077148438,3.75
DeformationEnergy,20.0,val,16,30,0.790582537651062,3.867610454559326,3.75
DeformationEnergy,20.0,val,18,34,0.7409703731536865,3.8818159103393555,3.777777671813965
DeformationEnergy,20.0,val,18,34,0.7837904691696167,3.8760855197906494,3.777777671813965
DeformationEnergy,20.0,val,18,34,0.825573205947876,3.8799455165863037,3.777777671813965
DeformationEnergy,20.0,val,18,34,0.8827435374259949,3.8862080574035645,3.777777671813965
DeformationEnergy,20.0,val,18,34,0.9049482345581055,3.8901524543762207,3.777777671813965
DeformationEnergy,20.0,val,18,34,0.9272338151931763,3.8944621086120605,3.777777671813965
DeformationEnergy,20.0,val,18,34,0.94813072681427,3.898477792739868,3.777777671813965
DeformationEnergy,20.0,val,18,34,0.9594871997833252,3.90024995803833,3.777777671813965
DeformationEnergy,20.0,val,18,35,0.9753068089485168,3.8883633613586426,3.8888888359069824
DeformationEnergy,20.0,val,18,35,0.9758716225624084,3.87982439994812,3.8888888359069824
DeformationEnergy,20.0,val,19,37,0.9244258403778076,3.884016752243042,3.8947367668151855
DeformationEnergy,20.0,val,19,37,0.9293001294136047,3.8665201663970947,3.8947367668151855
DeformationEnergy,20.0,val,19,37,0.9346761107444763,3.862159252166748,3.8947367668151855
DeformationEnergy,20.0,val,23,47,0.7803356051445007,3.9275097846984863,4.08695650100708
DeformationEnergy,20.0,val,23,47,0.8001840114593506,3.8772940635681152,4.08695650100708
DeformationEnergy,20.0,val,26,55,0.7317498922348022,3.89310884475708,4.230769157409668
DeformationEnergy,20.0,val,26,55,0.7609397172927856,3.890477180480957,4.230769157409668
DeformationEnergy,20.0,val,26,55,0.7897104620933533,3.8982479572296143,4.230769157409668
DeformationEnergy,20.0,val,29,61,0.766137421131134,3.9494271278381348,4.206896781921387
DeformationEnergy,20.0,val,29,61,0.7993269562721252,3.955327272415161,4.206896781921387
DeformationEnergy,20.0,val,33,70,0.7327754497528076,4.000650882720947,4.242424011230469
DeformationEnergy,20.0,val,33,70,0.7676433324813843,4.0182271003723145,4.242424011230469
DeformationEnergy,20.0,val,33,70,0.7986173033714294,4.036885738372803,4.242424011230469
DeformationEnergy,20.0,val,33,70,0.8486807346343994,4.068645477294922,4.242424011230469
DeformationEnergy,20.0,val,33,71,0.8704925775527954,4.078078746795654,4.303030490875244
DeformationEnergy,20.0,val,33,71,0.8917616605758667,4.0737738609313965,4.303030490875244
DeformationEnergy,20.0,val,33,71,0.9116331338882446,4.081033229827881,4.303030490875244
DeformationEnergy,20.0,val,33,71,0.9241505265235901,4.090083122253418,4.303030490875244
DeformationEnergy,20.0,val,33,71,0.9473468065261841,4.106175422668457,4.303030490875244
DeformationEnergy,20.0,val,33,71,0.9541193842887878,4.103493690490723,4.303030490875244
DeformationEnergy,20.0,val,35,75,0.9031411409378052,4.098857402801514,4.285714149475098
DeformationEnergy,20.0,val,35,75,0.9062609672546387,4.080294132232666,4.285714149475098
DeformationEnergy,20.0,val,35,75,0.9108525514602661,4.073019027709961,4.285714149475098
DeformationEnergy,20.0,val,41,91,0.7873110771179199,4.046072959899902,4.439024448394775
DeformationEnergy,20.0,val,41,92,0.8026273846626282,4.021965026855469,4.487804889678955
DeformationEnergy,20.0,val,45,103,0.7477519512176514,3.993035316467285,4.577777862548828
DeformationEnergy,20.0,val,45,103,0.7665810585021973,3.9953839778900146,4.577777862548828
DeformationEnergy,20.0,val,45,103,0.786872923374176,4.004730224609375,4.577777862548828
DeformationEnergy,20.0,val,51,117,0.7316111922264099,4.000720977783203,4.588235378265381
DeformationEnergy,20.0,val,51,117,0.755180299282074,3.997636318206787,4.588235378265381
DeformationEnergy,20.0,val,57,134,0.6976005434989929,3.938361406326294,4.701754570007324
DeformationEnergy,20.0,val,57,134,0.7201352119445801,3.9442365169525146,4.701754570007324
DeformationEnergy,20.0,val,57,134,0.7415564656257629,3.952580690383911,4.701754570007324
DeformationEnergy,20.0,val,57,134,0.7814278602600098,3.9644222259521484,4.701754570007324
DeformationEnergy,20.0,val,57,134,0.8011047840118408,3.9725942611694336,4.701754570007324
DeformationEnergy,20.0,val,57,134,0.8205616474151611,3.9817521572113037,4.701754570007324
DeformationEnergy,20.0,val,57,134,0.839653730392456,3.991668224334717,4.701754570007324
DeformationEnergy,20.0,val,57,134,0.8645243048667908,4.00951623916626,4.701754570007324
DeformationEnergy,20.0,val,57,134,0.8760069608688354,4.016415119171143,4.701754570007324
DeformationEnergy,20.0,val,57,134,0.8869494795799255,4.020843982696533,4.701754570007324
DeformationEnergy,20.0,val,61,143,0.8381931781768799,4.026302814483643,4.6885247230529785
DeformationEnergy,20.0,val,61,143,0.8464921712875366,4.007204532623291,4.6885247230529785
DeformationEnergy,20.0,val,61,143,0.8606289625167847,4.001814365386963,4.6885247230529785
DeformationEnergy,20.0,val,69,165,0.7660640478134155,3.998906135559082,4.782608509063721
DeformationEnergy,20.0,val,69,165,0.7721765637397766,3.9899582862854004,4.782608509063721
DeformationEnergy,20.0,val,75,181,0.7175835967063904,3.9831314086914062,4.826666831970215
DeformationEnergy,20.0,val,75,181,0.7258586287498474,3.9840087890625,4.826666831970215
DeformationEnergy,20.0,val,85,208,0.6572080254554749,4.022259712219238,4.894117832183838
DeformationEnergy,20.0,val,85,208,0.6684860587120056,3.9946517944335938,4.894117832183838
DeformationEnergy,20.0,val,85,208,0.6834113597869873,3.995591163635254,4.894117832183838
DeformationEnergy,20.0,val,93,230,0.6381850838661194,3.9667372703552246,4.946236610412598
DeformationEnergy,20.0,val,93,230,0.6447975039482117,3.97735857963562,4.946236610412598
DeformationEnergy,20.0,val,6,9,0.9765350222587585,3.73305606842041,3.0
DeformationEnergy,20.0,val,6,9,0.9801766276359558,3.7379226684570312,3.0
DeformationEnergy,20.0,val,6,9,0.9802733063697815,3.740894317626953,3.0
DeformationEnergy,20.0,val,6,9,0.9803792834281921,3.743596315383911,3.0
DeformationEnergy,20.0,val,6,9,0.9804840683937073,3.746433973312378,3.0
DeformationEnergy,20.0,val,6,9,0.9806766510009766,3.7526352405548096,3.0
DeformationEnergy,20.0,val,6,9,0.9807627201080322,3.7559118270874023,3.0
DeformationEnergy,20.0,val,6,9,0.9808419346809387,3.759243965148926,3.0
DeformationEnergy,20.0,val,7,11,0.8414450883865356,3.842006206512451,3.142857074737549
DeformationEnergy,20.0,val,7,11,0.8558691740036011,3.8031280040740967,3.142857074737549
DeformationEnergy,20.0,val,8,13,0.7798815965652466,3.852755069732666,3.25
DeformationEnergy,20.0,val,9,15,0.7168257832527161,3.8474671840667725,3.3333332538604736
DeformationEnergy,20.0,val,11,19,0.6184098124504089,3.906707525253296,3.454545497894287
DeformationEnergy,20.0,val,12,21,0.6104775071144104,3.880943536758423,3.5
DeformationEnergy,20.0,val,12,21,0.6601976752281189,3.8599393367767334,3.5
DeformationEnergy,20.0,val,12,21,0.7611348032951355,3.8585662841796875,3.5
DeformationEnergy,20.0,val,12,21,0.8084273338317871,3.8593714237213135,3.5
DeformationEnergy,20.0,val,12,21,0.8503832221031189,3.861241340637207,3.5
DeformationEnergy,20.0,val,12,21,0.8923380970954895,3.8634042739868164,3.5
DeformationEnergy,20.0,val,12,21,0.9279705882072449,3.864135980606079,3.5
DeformationEnergy,20.0,val,12,21,0.9727179408073425,3.860433578491211,3.5
DeformationEnergy,20.0,val,12,21,0.9766568541526794,3.8539936542510986,3.5
DeformationEnergy,20.0,val,12,21,0.9769318103790283,3.848294973373413,3.5
DeformationEnergy,20.0,val,12,21,0.977170467376709,3.843592405319214,3.5
DeformationEnergy,20.0,val,12,21,0.9773861765861511,3.839611053466797,3.5
DeformationEnergy,20.0,val,12,21,0.977770984172821,3.8332645893096924,3.5
DeformationEnergy,20.0,val,12,21,0.9779460430145264,3.8307387828826904,3.5
DeformationEnergy,20.0,val,12,21,0.978111982345581,3.8285744190216064,3.5
DeformationEnergy,20.0,val,14,26,0.8389958143234253,3.8872287273406982,3.7142856121063232
DeformationEnergy,20.0,val,14,26,0.8534467816352844,3.848985433578491,3.7142856121063232
DeformationEnergy,20.0,val,16,30,0.7772048711776733,3.8940396308898926,3.75
DeformationEnergy,20.0,val,18,35,0.7144021391868591,3.919712543487549,3.8888888359069824
DeformationEnergy,20.0,val,22,46,0.6175517439842224,3.905837297439575,4.181818008422852
DeformationEnergy,20.0,val,24,50,0.6082685589790344,3.897535562515259,4.166666507720947
DeformationEnergy,20.0,val,24,50,0.7082322239875793,3.889492988586426,4.166666507720947
DeformationEnergy,20.0,val,24,50,0.7579157948493958,3.8932876586914062,4.166666507720947
DeformationEnergy,20.0,val,24,50,0.805145263671875,3.9012603759765625,4.166666507720947
DeformationEnergy,20.0,val,24,50,0.8468194007873535,3.9083211421966553,4.166666507720947
DeformationEnergy,20.0,val,24,50,0.8872982859611511,3.9184486865997314,4.166666507720947
DeformationEnergy,20.0,val,24,50,0.9486773014068604,3.9374840259552,4.166666507720947
DeformationEnergy,20.0,val,24,51,0.9675129055976868,3.926316022872925,4.25
DeformationEnergy,20.0,val,24,51,0.9730717539787292,3.9165894985198975,4.25
DeformationEnergy,20.0,val,24,51,0.9739336967468262,3.909651517868042,4.25
DeformationEnergy,20.0,val,24,51,0.9743984341621399,3.9045705795288086,4.25
DeformationEnergy,20.0,val,24,51,0.9750323295593262,3.897190809249878,4.25
DeformationEnergy,20.0,val,24,51,0.9752771258354187,3.8943233489990234,4.25
DeformationEnergy,20.0,val,24,51,0.975490391254425,3.891801118850708,4.25
DeformationEnergy,20.0,val,24,51,0.9756812453269958,3.8895349502563477,4.25
DeformationEnergy,20.0,val,26,56,0.9017840623855591,3.8921799659729004,4.307692527770996
DeformationEnergy,20.0,val,26,56,0.9164018034934998,3.8772974014282227,4.307692527770996
DeformationEnergy,20.0,val,29,61,0.8314823508262634,3.913846254348755,4.206896781921387
DeformationEnergy,20.0,val,32,69,0.7687245011329651,3.9277641773223877,4.3125
DeformationEnergy,20.0,val,38,82,0.6667049527168274,3.965665340423584,4.315789699554443
DeformationEnergy,20.0,val,42,93,0.6283437609672546,3.9617550373077393,4.4285712242126465
DeformationEnergy,20.0,val,42,94,0.6902308464050293,3.9471428394317627,4.476190567016602
DeformationEnergy,20.0,val,42,94,0.7208713889122009,3.9373936653137207,4.476190567016602
DeformationEnergy,20.0,val,42,94,0.7508932948112488,3.9488894939422607,4.476190567016602
DeformationEnergy,20.0,val,42,94,0.7817202806472778,3.9657199382781982,4.476190567016602
DeformationEnergy,20.0,val,42,94,0.8128655552864075,3.982816457748413,4.476190567016602
DeformationEnergy,20.0,val,42,94,0.8662525415420532,4.005534648895264,4.476190567016602
DeformationEnergy,20.0,val,42,94,0.8907942771911621,4.009203910827637,4.476190567016602
DeformationEnergy,20.0,val,42,94,0.9102986454963684,4.00773811340332,4.476190567016602
DeformationEnergy,20.0,val,42,94,0.9235255122184753,4.003752708435059,4.476190567016602
DeformationEnergy,20.0,val,42,94,0.9338867664337158,3.999530553817749,4.476190567016602
DeformationEnergy,20.0,val,42,94,0.9482465386390686,3.990907669067383,4.476190567016602
DeformationEnergy,20.0,val,42,94,0.9531219005584717,3.986799955368042,4.476190567016602
DeformationEnergy,20.0,val,42,94,0.9568080902099609,3.9822797775268555,4.476190567016602
DeformationEnergy,20.0,val,42,94,0.9594738483428955,3.9772157669067383,4.476190567016602
DeformationEnergy,20.0,val,46,105,0.8776989579200745,3.9786057472229004,4.5652174949646
DeformationEnergy,20.0,val,46,105,0.8832336664199829,3.9615139961242676,4.5652174949646
DeformationEnergy,20.0,val,52,121,0.7897247672080994,3.9558141231536865,4.653846263885498
DeformationEnergy,20.0,val,58,137,0.7198699712753296,3.976731300354004,4.724137783050537
DeformationEnergy,20.0,val,69,168,0.6152330040931702,3.952704906463623,4.869565010070801
DeformationEnergy,20.0,val,74,181,0.5854466557502747,3.9424455165863037,4.891891956329346
DeformationEnergy,20.0,val,74,181,0.6179997324943542,3.9317727088928223,4.891891956329346
DeformationEnergy,20.0,val,74,181,0.636469841003418,3.9411818981170654,4.891891956329346
DeformationEnergy,20.0,val,74,181,0.6567899584770203,3.947273015975952,4.891891956329346
DeformationEnergy,20.0,val,74,181,0.6782127618789673,3.957469940185547,4.891891956329346
DeformationEnergy,20.0,val,74,181,0.7014790773391724,3.9696083068847656,4.891891956329346
DeformationEnergy,20.0,val,74,182,0.7428478002548218,3.9798431396484375,4.918919086456299
DeformationEnergy,20.0,val,74,182,0.7625108361244202,3.9850265979766846,4.918919086456299
DeformationEnergy,20.0,val,74,182,0.7802013158798218,3.9892396926879883,4.918919086456299
DeformationEnergy,20.0,val,74,182,0.7934196591377258,3.9931583404541016,4.918919086456299
DeformationEnergy,20.0,val,74,182,0.808994710445404,4.012633800506592,4.918919086456299
DeformationEnergy,30.0,val,6,9,0.8660253882408142,3.722419500350952,3.0
DeformationEnergy,30.0,val,6,9,0.9247696995735168,3.733560562133789,3.0
DeformationEnergy,30.0,val,6,9,0.9462471008300781,3.739102602005005,3.0
DeformationEnergy,30.0,val,6,9,0.9629920125007629,3.741835594177246,3.0
DeformationEnergy,30.0,val,6,9,0.9797505736351013,3.743947982788086,3.0
DeformationEnergy,30.0,val,6,9,0.9869768619537354,3.746260643005371,3.0
DeformationEnergy,30.0,val,6,9,0.9870501160621643,3.7490365505218506,3.0
DeformationEnergy,30.0,val,6,9,0.9871155619621277,3.752107620239258,3.0
DeformationEnergy,30.0,val,6,9,0.9871751666069031,3.7553348541259766,3.0
DeformationEnergy,30.0,val,7,11,0.8447867631912231,3.873485565185547,3.142857074737549
DeformationEnergy,30.0,val,9,15,0.6948763728141785,3.9138269424438477,3.3333332538604736
DeformationEnergy,30.0,val,9,15,0.7282954454421997,3.852626323699951,3.3333332538604736
DeformationEnergy,30.0,val,9,15,0.7619102001190186,3.834003448486328,3.3333332538604736
DeformationEnergy,30.0,val,9,15,0.7955169677734375,3.826594114303589,3.3333332538604736
DeformationEnergy,30.0,val,9,15,0.8290398120880127,3.8230485916137695,3.3333332538604736
DeformationEnergy,30.0,val,10,17,0.778529167175293,3.8576323986053467,3.4000000953674316
DeformationEnergy,30.0,val,10,17,0.8187305331230164,3.831709623336792,3.4000000953674316
DeformationEnergy,30.0,val,10,17,0.858978271484375,3.8225624561309814,3.4000000953674316
DeformationEnergy,30.0,val,12,21,0.7534107565879822,3.855801820755005,3.5
DeformationEnergy,30.0,val,12,21,0.7898041605949402,3.8422443866729736,3.5
DeformationEnergy,30.0,val,12,21,0.8472153544425964,3.837907075881958,3.5
DeformationEnergy,30.0,val,12,21,0.8723893165588379,3.8391530513763428,3.5
DeformationEnergy,30.0,val,12,21,0.8975467085838318,3.841557502746582,3.5
DeformationEnergy,30.0,val,12,21,0.9226918816566467,3.844654083251953,3.5
DeformationEnergy,30.0,val,12,21,0.944417417049408,3.8465216159820557,3.5
DeformationEnergy,30.0,val,12,21,0.961237907409668,3.8470935821533203,3.5
DeformationEnergy,30.0,val,12,21,0.978038489818573,3.8483645915985107,3.5
DeformationEnergy,30.0,val,12,21,0.9854602813720703,3.8468997478485107,3.5
DeformationEnergy,30.0,val,12,21,0.9856002926826477,3.8443686962127686,3.5
DeformationEnergy,30.0,val,12,21,0.9858292937278748,3.841377019882202,3.5
DeformationEnergy,30.0,val,13,23,0.9095056056976318,3.890441656112671,3.538461446762085
DeformationEnergy,30.0,val,15,27,0.800368070602417,3.8841052055358887,3.5999999046325684
DeformationEnergy,30.0,val,17,31,0.7232022285461426,3.913395643234253,3.6470587253570557
DeformationEnergy,30.0,val,17,31,0.7525340914726257,3.888727903366089,3.6470587253570557
DeformationEnergy,30.0,val,17,31,0.782060980796814,3.881098985671997,3.6470587253570557
DeformationEnergy,30.0,val,17,32,0.812316358089447,3.869626760482788,3.7647058963775635
DeformationEnergy,30.0,val,17,32,0.8418579697608948,3.8499200344085693,3.7647058963775635
DeformationEnergy,30.0,val,19,36,0.7809745669364929,3.9000661373138428,3.78947377204895
DeformationEnergy,30.0,val,19,36,0.817876935005188,3.882368326187134,3.78947377204895
DeformationEnergy,30.0,val,23,45,0.7412871718406677,3.9496653079986572,3.91304349899292
DeformationEnergy,30.0,val,23,45,0.7792149186134338,3.9232728481292725,3.91304349899292
DeformationEnergy,30.0,val,23,46,0.8125377893447876,3.901759386062622,4.0
DeformationEnergy,30.0,val,23,46,0.8379566073417664,3.8914945125579834,4.0
DeformationEnergy,30.0,val,23,46,0.8630841374397278,3.8970847129821777,4.0
DeformationEnergy,30.0,val,23,46,0.8885781764984131,3.9073333740234375,4.0
DeformationEnergy,30.0,val,23,47,0.9146217107772827,3.9180569648742676,4.08695650100708
DeformationEnergy,30.0,val,23,47,0.9381357431411743,3.9032931327819824,4.08695650100708
DeformationEnergy,30.0,val,23,47,0.9556541442871094,3.900421142578125,4.08695650100708
DeformationEnergy,30.0,val,23,47,0.973025918006897,3.9027206897735596,4.08695650100708
DeformationEnergy,30.0,val,23,47,0.9825338125228882,3.8957114219665527,4.08695650100708
DeformationEnergy,30.0,val,23,47,0.9827713370323181,3.8915600776672363,4.08695650100708
DeformationEnergy,30.0,val,23,47,0.9829511046409607,3.8880834579467773,4.08695650100708
DeformationEnergy,30.0,val,25,52,0.9039199948310852,3.9025509357452393,4.159999847412109
DeformationEnergy,30.0,val,28,60,0.8166092038154602,3.9049293994903564,4.285714149475098
DeformationEnergy,30.0,val,32,69,0.7275273203849792,3.928948402404785,4.3125
DeformationEnergy,30.0,val,32,69,0.754043459892273,3.9006173610687256,4.3125
DeformationEnergy,30.0,val,32,70,0.7820062637329102,3.893625259399414,4.375
DeformationEnergy,30.0,val,32,70,0.8095080256462097,3.888296127319336,4.375
DeformationEnergy,30.0,val,36,81,0.7683771252632141,3.895336151123047,4.5
DeformationEnergy,30.0,val,36,81,0.7980713248252869,3.9035356044769287,4.5
DeformationEnergy,30.0,val,36,81,0.8287475109100342,3.9169857501983643,4.5
DeformationEnergy,30.0,val,41,94,0.7516777515411377,3.9307408332824707,4.5853657722473145
DeformationEnergy,30.0,val,41,94,0.7790495753288269,3.933882474899292,4.5853657722473145
DeformationEnergy,30.0,val,41,94,0.8051940202713013,3.943938732147217,4.5853657722473145
DeformationEnergy,30.0,val,41,94,0.825019359588623,3.9548354148864746,4.5853657722473145
DeformationEnergy,30.0,val,41,94,0.844950795173645,3.9662513732910156,4.5853657722473145
DeformationEnergy,30.0,val,41,95,0.8653735518455505,3.968773365020752,4.634146213531494
DeformationEnergy,30.0,val,41,95,0.8860593438148499,3.971473217010498,4.634146213531494
DeformationEnergy,30.0,val,41,95,0.9260046482086182,3.979922294616699,4.634146213531494
DeformationEnergy,30.0,val,41,95,0.9433737993240356,3.982757568359375,4.634146213531494
DeformationEnergy,30.0,val,41,95,0.9577850699424744,3.9831881523132324,4.634146213531494
DeformationEnergy,30.0,val,41,95,0.9660120010375977,3.9799842834472656,4.634146213531494
DeformationEnergy,30.0,val,41,95,0.971329927444458,3.976557970046997,4.634146213531494
DeformationEnergy,30.0,val,41,95,0.9745153188705444,3.9724955558776855,4.634146213531494
DeformationEnergy,30.0,val,45,104,0.8895843625068665,3.9711263179779053,4.622222423553467
DeformationEnergy,30.0,val,49,115,0.820476770401001,3.9491987228393555,4.693877696990967
DeformationEnergy,30.0,val,57,135,0.7105662822723389,3.9911811351776123,4.736842155456543
DeformationEnergy,30.0,val,57,135,0.7282223701477051,3.9520626068115234,4.736842155456543
DeformationEnergy,30.0,val,57,135,0.7674708962440491,3.9525704383850098,4.736842155456543
DeformationEnergy,30.0,val,57,135,0.7879485487937927,3.9543259143829346,4.736842155456543
DeformationEnergy,30.0,val,62,148,0.7439889311790466,3.9543702602386475,4.77419376373291
DeformationEnergy,30.0,val,62,148,0.7642195820808411,3.9550600051879883,4.77419376373291
DeformationEnergy,30.0,val,62,148,0.7856650948524475,3.959658145904541,4.77419376373291
DeformationEnergy,30.0,val,69,164,0.7258835434913635,3.9822466373443604,4.753623008728027
DeformationEnergy,30.0,val,69,164,0.7460589408874512,3.9746968746185303,4.753623008728027
DeformationEnergy,30.0,val,69,164,0.7675268054008484,3.9771692752838135,4.753623008728027
DeformationEnergy,30.0,val,69,164,0.7833002805709839,3.9818906784057617,4.753623008728027
DeformationEnergy,30.0,val,69,164,0.8136057257652283,3.9864485263824463,4.753623008728027
DeformationEnergy,30.0,val,69,164,0.8288905620574951,3.9838624000549316,4.753623008728027
DeformationEnergy,30.0,val,69,164,0.8444529175758362,3.9852962493896484,4.753623008728027
DeformationEnergy,30.0,val,69,164,0.8581423759460449,3.983370065689087,4.753623008728027
DeformationEnergy,30.0,val,69,164,0.867265522480011,3.985114097595215,4.753623008728027
DeformationEnergy,30.0,val,69,164,0.8695580959320068,3.9836013317108154,4.753623008728027
DeformationEnergy,30.0,val,69,164,0.86955726146698,3.975660800933838,4.753623008728027
DeformationEnergy,30.0,val,69,164,0.8695562481880188,3.9695637226104736,4.753623008728027
DeformationEnergy,30.0,val,69,164,0.8695555925369263,3.9653444290161133,4.753623008728027
DeformationEnergy,30.0,val,76,182,0.7894634008407593,4.001079559326172,4.789473533630371
DeformationEnergy,30.0,val,91,221,0.6593357920646667,3.9857912063598633,4.857142925262451
DeformationEnergy,30.0,val,91,221,0.6593366861343384,3.9738123416900635,4.857142925262451
DeformationEnergy,30.0,val,91,221,0.6593372821807861,3.9721100330352783,4.857142925262451
DeformationEnergy,30.0,val,91,221,0.6593378186225891,3.9682772159576416,4.857142925262451
DeformationEnergy,30.0,val,91,221,0.6593381762504578,3.9564571380615234,4.857142925262451
DeformationEnergy,30.0,val,98,240,0.6122423410415649,3.9677000045776367,4.897959232330322
DeformationEnergy,30.0,val,98,240,0.6122426986694336,3.9645142555236816,4.897959232330322
DeformationEnergy,30.0,val,98,240,0.6122432351112366,3.965477228164673,4.897959232330322
DeformationEnergy,30.0,val,110,274,0.5454534292221069,3.984030246734619,4.981818199157715
DeformationEnergy,30.0,val,110,274,0.5454534292221069,3.9650180339813232,4.981818199157715
DeformationEnergy,30.0,val,110,274,0.5454537272453308,3.9478325843811035,4.981818199157715
DeformationEnergy,30.0,val,110,274,0.5454537868499756,3.944472551345825,4.981818199157715
DeformationEnergy,30.0,val,110,274,0.5454539060592651,3.9443304538726807,4.981818199157715
DeformationEnergy,30.0,val,110,274,0.5454539656639099,3.9440510272979736,4.981818199157715
DeformationEnergy,30.0,val,110,274,0.5454540252685547,3.945388078689575,4.981818199157715
DeformationEnergy,30.0,val,110,274,0.5454540252685547,3.9397389888763428,4.981818199157715
DeformationEnergy,30.0,val,110,274,0.5454540252685547,3.9424118995666504,4.981818199157715
DeformationEnergy,30.0,val,110,274,0.5454540848731995,3.943652868270874,4.981818199157715
DeformationEnergy,30.0,val,6,9,0.8660253882408142,3.722419500350952,3.0
DeformationEnergy,30.0,val,7,11,0.7522347569465637,3.792646646499634,3.142857074737549
DeformationEnergy,30.0,val,7,11,0.788165271282196,3.787820816040039,3.142857074737549
DeformationEnergy,30.0,val,8,13,0.7205090522766113,3.8389692306518555,3.25
DeformationEnergy,30.0,val,8,13,0.7634797096252441,3.8064475059509277,3.25
DeformationEnergy,30.0,val,8,13,0.801233172416687,3.799866199493408,3.25
DeformationEnergy,30.0,val,9,15,0.7525787353515625,3.8178110122680664,3.3333332538604736
DeformationEnergy,30.0,val,9,15,0.7972423434257507,3.8083653450012207,3.3333332538604736
DeformationEnergy,30.0,val,9,15,0.8390636444091797,3.805957317352295,3.3333332538604736
DeformationEnergy,30.0,val,9,15,0.8725826144218445,3.8073747158050537,3.3333332538604736
DeformationEnergy,30.0,val,9,15,0.8962944746017456,3.8084678649902344,3.3333332538604736
DeformationEnergy,30.0,val,9,15,0.9410666227340698,3.81248140335083,3.3333332538604736
DeformationEnergy,30.0,val,9,15,0.9617489576339722,3.814513683319092,3.3333332538604736
DeformationEnergy,30.0,val,9,15,0.9730042219161987,3.8157429695129395,3.3333332538604736
DeformationEnergy,30.0,val,9,15,0.9842439293861389,3.817258596420288,3.3333332538604736
DeformationEnergy,30.0,val,9,15,0.9863020777702332,3.816328287124634,3.3333332538604736
DeformationEnergy,30.0,val,9,15,0.9864161014556885,3.8158483505249023,3.3333332538604736
DeformationEnergy,30.0,val,10,17,0.8869744539260864,3.8875536918640137,3.4000000953674316
DeformationEnergy,30.0,val,10,17,0.8969257473945618,3.844475507736206,3.4000000953674316
DeformationEnergy,30.0,val,10,17,0.9070771932601929,3.8281497955322266,3.4000000953674316
DeformationEnergy,30.0,val,10,17,0.9172660112380981,3.8193423748016357,3.4000000953674316
DeformationEnergy,30.0,val,12,21,0.7979192733764648,3.827444314956665,3.5
DeformationEnergy,30.0,val,14,26,0.7147603631019592,3.8579063415527344,3.7142856121063232
DeformationEnergy,30.0,val,14,26,0.7507199645042419,3.8371410369873047,3.7142856121063232
DeformationEnergy,30.0,val,14,26,0.7867419123649597,3.83019757270813,3.7142856121063232
DeformationEnergy,30.0,val,16,30,0.7192447185516357,3.9128623008728027,3.75
DeformationEnergy,30.0,val,16,30,0.7619948387145996,3.877662420272827,3.75
DeformationEnergy,30.0,val,16,30,0.7996976971626282,3.868720769882202,3.75
DeformationEnergy,30.0,val,18,34,0.7505258917808533,3.883216381072998,3.777777671813965
DeformationEnergy,30.0,val,18,34,0.7938581705093384,3.8787357807159424,3.777777671813965
DeformationEnergy,30.0,val,18,34,0.8684770464897156,3.8853960037231445,3.777777671813965
DeformationEnergy,30.0,val,18,34,0.8922680616378784,3.88913893699646,3.777777671813965
DeformationEnergy,30.0,val,18,34,0.9145298004150391,3.892857074737549,3.777777671813965
DeformationEnergy,30.0,val,18,34,0.9368260502815247,3.896939277648926,3.777777671813965
DeformationEnergy,30.0,val,18,34,0.9575176239013672,3.9006855487823486,3.777777671813965
DeformationEnergy,30.0,val,18,34,0.9687867760658264,3.9022068977355957,3.777777671813965
DeformationEnergy,30.0,val,18,35,0.9799872636795044,3.897512674331665,3.8888888359069824
DeformationEnergy,30.0,val,18,35,0.9835484623908997,3.8878908157348633,3.8888888359069824
DeformationEnergy,30.0,val,18,35,0.9838807582855225,3.880406618118286,3.8888888359069824
DeformationEnergy,30.0,val,19,37,0.9321932792663574,3.883995771408081,3.8947367668151855
DeformationEnergy,30.0,val,19,37,0.9426596760749817,3.8632500171661377,3.8947367668151855
DeformationEnergy,30.0,val,19,37,0.9480005502700806,3.861725330352783,3.8947367668151855
DeformationEnergy,30.0,val,23,47,0.788400411605835,3.9265482425689697,4.08695650100708
DeformationEnergy,30.0,val,23,47,0.8092586398124695,3.8785288333892822,4.08695650100708
DeformationEnergy,30.0,val,26,55,0.7415255904197693,3.894993782043457,4.230769157409668
DeformationEnergy,30.0,val,26,55,0.7711769938468933,3.894578695297241,4.230769157409668
DeformationEnergy,30.0,val,26,55,0.8005196452140808,3.9033989906311035,4.230769157409668
DeformationEnergy,30.0,val,29,61,0.7430001497268677,3.9765477180480957,4.206896781921387
DeformationEnergy,30.0,val,29,61,0.7784949541091919,3.9582772254943848,4.206896781921387
DeformationEnergy,30.0,val,33,70,0.7457632422447205,4.012381553649902,4.242424011230469
DeformationEnergy,30.0,val,33,70,0.7809382081031799,4.030891418457031,4.242424011230469
DeformationEnergy,30.0,val,33,70,0.8142626285552979,4.054803371429443,4.242424011230469
DeformationEnergy,30.0,val,33,70,0.8429582118988037,4.0764079093933105,4.242424011230469
DeformationEnergy,30.0,val,33,71,0.8691754937171936,4.071869850158691,4.303030490875244
DeformationEnergy,30.0,val,33,72,0.892417848110199,4.060207843780518,4.363636493682861
DeformationEnergy,30.0,val,33,72,0.9142320156097412,4.057583808898926,4.363636493682861
DeformationEnergy,30.0,val,33,72,0.9342496395111084,4.064465522766113,4.363636493682861
DeformationEnergy,30.0,val,33,72,0.9466213583946228,4.072935581207275,4.363636493682861
DeformationEnergy,30.0,val,33,72,0.9587453603744507,4.082988262176514,4.363636493682861
DeformationEnergy,30.0,val,33,72,0.9726316332817078,4.078256607055664,4.363636493682861
DeformationEnergy,30.0,val,35,77,0.918961226940155,4.075122356414795,4.400000095367432
DeformationEnergy,30.0,val,35,77,0.9221207499504089,4.049914836883545,4.400000095367432
DeformationEnergy,30.0,val,35,77,0.9267780780792236,4.04163122177124,4.400000095367432
DeformationEnergy,30.0,val,35,77,0.9322580695152283,4.038571357727051,4.400000095367432
DeformationEnergy,30.0,val,41,93,0.8016617894172668,4.0348687171936035,4.536585330963135
DeformationEnergy,30.0,val,41,94,0.8176385164260864,4.007071495056152,4.5853657722473145
DeformationEnergy,30.0,val,45,104,0.7609754204750061,4.005555629730225,4.622222423553467
DeformationEnergy,30.0,val,45,104,0.7796468138694763,4.007796764373779,4.622222423553467
DeformationEnergy,30.0,val,45,104,0.7991104125976562,4.015940189361572,4.622222423553467
DeformationEnergy,30.0,val,51,118,0.7470501661300659,3.99025297164917,4.627450942993164
DeformationEnergy,30.0,val,51,118,0.7733883857727051,3.9890127182006836,4.627450942993164
DeformationEnergy,30.0,val,57,135,0.716343104839325,3.930886745452881,4.736842155456543
DeformationEnergy,30.0,val,57,135,0.7396789193153381,3.938471794128418,4.736842155456543
DeformationEnergy,30.0,val,57,135,0.7638157606124878,3.9471640586853027,4.736842155456543
DeformationEnergy,30.0,val,57,135,0.7869513034820557,3.957184314727783,4.736842155456543
DeformationEnergy,30.0,val,57,135,0.8098554015159607,3.966712236404419,4.736842155456543
DeformationEnergy,30.0,val,57,135,0.8321254849433899,3.9770514965057373,4.736842155456543
DeformationEnergy,30.0,val,57,135,0.8540215492248535,3.982748031616211,4.736842155456543
DeformationEnergy,30.0,val,57,135,0.8887850046157837,3.998176336288452,4.736842155456543
DeformationEnergy,30.0,val,57,135,0.9017212390899658,4.007205486297607,4.736842155456543
DeformationEnergy,30.0,val,57,135,0.9141330122947693,4.005619049072266,4.736842155456543
DeformationEnergy,30.0,val,57,135,0.9255113005638123,4.006920337677002,4.736842155456543
DeformationEnergy,30.0,val,60,141,0.8885037899017334,4.008412837982178,4.699999809265137
DeformationEnergy,30.0,val,60,141,0.8961265087127686,3.9973113536834717,4.699999809265137
DeformationEnergy,30.0,val,60,141,0.9027524590492249,3.995434522628784,4.699999809265137
DeformationEnergy,30.0,val,60,141,0.9090040326118469,3.996349811553955,4.699999809265137
DeformationEnergy,30.0,val,68,163,0.8069014549255371,4.015111923217773,4.794117450714111
DeformationEnergy,30.0,val,68,163,0.8133333921432495,3.993021011352539,4.794117450714111
DeformationEnergy,30.0,val,74,178,0.7639577984809875,3.9900519847869873,4.8108110427856445
DeformationEnergy,30.0,val,74,178,0.7744460701942444,3.995701551437378,4.8108110427856445
DeformationEnergy,30.0,val,84,204,0.6914910078048706,4.023165702819824,4.857142925262451
DeformationEnergy,30.0,val,84,204,0.7041760683059692,3.9907782077789307,4.857142925262451
DeformationEnergy,30.0,val,84,204,0.7130646705627441,3.99775767326355,4.857142925262451
DeformationEnergy,30.0,val,91,223,0.6593406796455383,3.9615859985351562,4.901098728179932
DeformationEnergy,30.0,val,6,9,0.8660253882408142,3.722419500350952,3.0
DeformationEnergy,30.0,val,6,9,0.9833423495292664,3.733332872390747,3.0
DeformationEnergy,30.0,val,6,9,0.9867870211601257,3.737994909286499,3.0
DeformationEnergy,30.0,val,6,9,0.9868529438972473,3.740828275680542,3.0
DeformationEnergy,30.0,val,6,9,0.9869945645332336,3.746196985244751,3.0
DeformationEnergy,30.0,val,6,9,0.9870614409446716,3.7491652965545654,3.0
DeformationEnergy,30.0,val,6,9,0.9871236681938171,3.7522952556610107,3.0
DeformationEnergy,30.0,val,6,9,0.9871811866760254,3.755533456802368,3.0
DeformationEnergy,30.0,val,6,9,0.9872342944145203,3.7588322162628174,3.0
DeformationEnergy,30.0,val,7,11,0.8488276600837708,3.841456890106201,3.142857074737549
DeformationEnergy,30.0,val,7,11,0.8632497787475586,3.8028481006622314,3.142857074737549
DeformationEnergy,30.0,val,7,11,0.8777360916137695,3.79313325881958,3.142857074737549
DeformationEnergy,30.0,val,8,13,0.78777015209198,3.852642059326172,3.25
DeformationEnergy,30.0,val,11,19,0.6282204985618591,3.9096624851226807,3.454545497894287
DeformationEnergy,30.0,val,12,21,0.6206180453300476,3.8821535110473633,3.5
DeformationEnergy,30.0,val,12,21,0.6703901290893555,3.8624675273895264,3.5
DeformationEnergy,30.0,val,12,21,0.7206876873970032,3.860229730606079,3.5
DeformationEnergy,30.0,val,12,21,0.7710378766059875,3.8607919216156006,3.5
DeformationEnergy,30.0,val,12,21,0.8179325461387634,3.861737012863159,3.5
DeformationEnergy,30.0,val,12,21,0.8597870469093323,3.8636600971221924,3.5
DeformationEnergy,30.0,val,12,21,0.9016498923301697,3.8656704425811768,3.5
DeformationEnergy,30.0,val,12,21,0.9370055794715881,3.866236686706543,3.5
DeformationEnergy,30.0,val,12,21,0.9664926528930664,3.8663318157196045,3.5
DeformationEnergy,30.0,val,12,21,0.9844289422035217,3.855713129043579,3.5
DeformationEnergy,30.0,val,12,21,0.9846116900444031,3.8498477935791016,3.5
DeformationEnergy,30.0,val,12,21,0.9847707748413086,3.844986915588379,3.5
DeformationEnergy,30.0,val,12,21,0.9849148392677307,3.840857744216919,3.5
DeformationEnergy,30.0,val,12,21,0.9850478172302246,3.8373091220855713,3.5
DeformationEnergy,30.0,val,12,21,0.9851720929145813,3.834245443344116,3.5
DeformationEnergy,30.0,val,12,21,0.9852890968322754,3.8316001892089844,3.5
DeformationEnergy,30.0,val,12,21,0.9854000210762024,3.829324722290039,3.5
DeformationEnergy,30.0,val,14,26,0.847073495388031,3.888089656829834,3.7142856121063232
DeformationEnergy,30.0,val,14,26,0.8616195917129517,3.849750518798828,3.7142856121063232
DeformationEnergy,30.0,val,16,30,0.7859601974487305,3.8950023651123047,3.75
DeformationEnergy,30.0,val,18,35,0.7236637473106384,3.92130708694458,3.8888888359069824
DeformationEnergy,30.0,val,22,46,0.6275020837783813,3.9059293270111084,4.181818008422852
DeformationEnergy,30.0,val,24,50,0.619032084941864,3.899761438369751,4.166666507720947
DeformationEnergy,30.0,val,24,50,0.6690654754638672,3.891148567199707,4.166666507720947
DeformationEnergy,30.0,val,24,50,0.7190660834312439,3.892024278640747,4.166666507720947
DeformationEnergy,30.0,val,24,50,0.7687132954597473,3.8966171741485596,4.166666507720947
DeformationEnergy,30.0,val,24,50,0.8157379627227783,3.9043304920196533,4.166666507720947
DeformationEnergy,30.0,val,24,50,0.8572104573249817,3.9116811752319336,4.166666507720947
DeformationEnergy,30.0,val,24,50,0.9309258460998535,3.932689905166626,4.166666507720947
DeformationEnergy,30.0,val,24,51,0.9609555602073669,3.933832883834839,4.25
DeformationEnergy,30.0,val,24,51,0.9773001074790955,3.9270763397216797,4.25
DeformationEnergy,30.0,val,24,51,0.9819207787513733,3.91865611076355,4.25
DeformationEnergy,30.0,val,24,51,0.9824778437614441,3.9118149280548096,4.25
DeformationEnergy,30.0,val,24,51,0.9828286170959473,3.906573534011841,4.25
DeformationEnergy,30.0,val,24,51,0.9830648303031921,3.9023494720458984,4.25
DeformationEnergy,30.0,val,24,51,0.9832640290260315,3.898834228515625,4.25
DeformationEnergy,30.0,val,24,51,0.9834346771240234,3.8958253860473633,4.25
DeformationEnergy,30.0,val,24,51,0.9835832715034485,3.8931877613067627,4.25
DeformationEnergy,30.0,val,26,56,0.9098590016365051,3.89249587059021,4.307692527770996
DeformationEnergy,30.0,val,26,56,0.9174034595489502,3.881169557571411,4.307692527770996
DeformationEnergy,30.0,val,26,56,0.9247292876243591,3.8783135414123535,4.307692527770996
DeformationEnergy,30.0,val,29,61,0.840742826461792,3.9164206981658936,4.206896781921387
DeformationEnergy,30.0,val,32,69,0.7783516645431519,3.9308066368103027,4.3125
DeformationEnergy,30.0,val,38,82,0.6771488785743713,3.971656084060669,4.315789699554443
DeformationEnergy,30.0,val,42,93,0.6401183009147644,3.961276054382324,4.4285712242126465
DeformationEnergy,30.0,val,42,93,0.6721001267433167,3.954166889190674,4.4285712242126465
DeformationEnergy,30.0,val,42,94,0.7059741616249084,3.9416322708129883,4.476190567016602
DeformationEnergy,30.0,val,42,94,0.7392666339874268,3.94745135307312,4.476190567016602
DeformationEnergy,30.0,val,42,94,0.8058453798294067,3.985592842102051,4.476190567016602
DeformationEnergy,30.0,val,42,94,0.839144766330719,4.000032901763916,4.476190567016602
DeformationEnergy,30.0,val,42,94,0.8690619468688965,4.011133193969727,4.476190567016602
DeformationEnergy,30.0,val,42,94,0.8977252244949341,4.020267486572266,4.476190567016602
DeformationEnergy,30.0,val,42,95,0.9245763421058655,4.015336990356445,4.523809432983398
DeformationEnergy,30.0,val,42,95,0.94354248046875,4.010427474975586,4.523809432983398
DeformationEnergy,30.0,val,42,95,0.9549501538276672,4.005677223205566,4.523809432983398
DeformationEnergy,30.0,val,42,95,0.9627987146377563,4.000791072845459,4.523809432983398
DeformationEnergy,30.0,val,42,95,0.9681218266487122,3.99524188041687,4.523809432983398
DeformationEnergy,30.0,val,42,95,0.9736816883087158,3.982306957244873,4.523809432983398
DeformationEnergy,30.0,val,42,95,0.9752514958381653,3.976036548614502,4.523809432983398
DeformationEnergy,30.0,val,42,95,0.9765498042106628,3.97037935256958,4.523809432983398
DeformationEnergy,30.0,val,46,106,0.8925003409385681,3.972186326980591,4.6086955070495605
DeformationEnergy,30.0,val,46,106,0.8948171138763428,3.9555153846740723,4.6086955070495605
DeformationEnergy,30.0,val,46,106,0.8990077376365662,3.952584981918335,4.6086955070495605
DeformationEnergy,30.0,val,52,122,0.8055285215377808,3.953136444091797,4.692307472229004
DeformationEnergy,30.0,val,58,138,0.7351158857345581,3.971087694168091,4.758620738983154
DeformationEnergy,30.0,val,69,169,0.6299126744270325,3.9762282371520996,4.898550510406494
DeformationEnergy,30.0,val,74,182,0.6009759306907654,3.965735673904419,4.918919086456299
DeformationEnergy,30.0,val,74,182,0.6380302309989929,3.956983804702759,4.918919086456299
DeformationEnergy,30.0,val,74,182,0.6597835421562195,3.959198474884033,4.918919086456299
DeformationEnergy,30.0,val,74,182,0.6838238835334778,3.963860511779785,4.918919086456299
DeformationEnergy,30.0,val,74,182,0.7094592452049255,3.968857526779175,4.918919086456299
DeformationEnergy,30.0,val,74,183,0.7368890643119812,3.965564727783203,4.945945739746094
DeformationEnergy,30.0,val,74,183,0.7623302340507507,3.9748291969299316,4.945945739746094
DeformationEnergy,30.0,val,74,183,0.7856289744377136,3.9847569465637207,4.945945739746094
DeformationEnergy,30.0,val,74,183,0.8030871748924255,3.994426727294922,4.945945739746094
DeformationEnergy,30.0,val,74,183,0.810006856918335,4.000974655151367,4.945945739746094
DeformationEnergy,30.0,val,74,183,0.8108108043670654,3.985507011413574,4.945945739746094
DeformationEnergy,50.0,test,6,9,0.8660253882408142,3.722419500350952,3.0
DeformationEnergy,50.0,test,6,9,0.9305155873298645,3.733642578125,3.0
DeformationEnergy,50.0,test,6,9,0.951849639415741,3.7390804290771484,3.0
DeformationEnergy,50.0,test,6,9,0.9685642719268799,3.7417361736297607,3.0
DeformationEnergy,50.0,test,6,9,0.98528653383255,3.743802070617676,3.0
DeformationEnergy,50.0,test,6,9,0.9921889305114746,3.7460739612579346,3.0
DeformationEnergy,50.0,test,6,9,0.9922328591346741,3.7488086223602295,3.0
DeformationEnergy,50.0,test,6,9,0.9922721982002258,3.7518441677093506,3.0
DeformationEnergy,50.0,test,6,9,0.9923080801963806,3.755040407180786,3.0
DeformationEnergy,50.0,test,7,11,0.8502897620201111,3.872844696044922,3.142857074737549
DeformationEnergy,50.0,test,8,13,0.7631858587265015,3.8667404651641846,3.25
DeformationEnergy,50.0,test,9,15,0.7016066312789917,3.9103457927703857,3.3333332538604736
DeformationEnergy,50.0,test,9,15,0.735044002532959,3.8515608310699463,3.3333332538604736
DeformationEnergy,50.0,test,9,15,0.7685452103614807,3.8335211277008057,3.3333332538604736
DeformationEnergy,50.0,test,9,15,0.8020403385162354,3.826291799545288,3.3333332538604736
DeformationEnergy,50.0,test,9,15,0.8354853987693787,3.8228158950805664,3.3333332538604736
DeformationEnergy,50.0,test,10,17,0.7852434515953064,3.856995105743408,3.4000000953674316
DeformationEnergy,50.0,test,10,17,0.8655145764350891,3.8223114013671875,3.4000000953674316
DeformationEnergy,50.0,test,12,21,0.7607660293579102,3.856830358505249,3.5
DeformationEnergy,50.0,test,12,21,0.796868622303009,3.843067169189453,3.5
DeformationEnergy,50.0,test,12,21,0.8288702964782715,3.8395235538482666,3.5
DeformationEnergy,50.0,test,12,21,0.8539902567863464,3.8386337757110596,3.5
DeformationEnergy,50.0,test,12,21,0.8790950179100037,3.8398592472076416,3.5
DeformationEnergy,50.0,test,12,21,0.9041895270347595,3.8422434329986572,3.5
DeformationEnergy,50.0,test,12,21,0.9292764663696289,3.845320463180542,3.5
DeformationEnergy,50.0,test,12,21,0.9507541060447693,3.84710955619812,3.5
DeformationEnergy,50.0,test,12,21,0.9675121903419495,3.8476641178131104,3.5
DeformationEnergy,50.0,test,12,21,0.9842586517333984,3.8489115238189697,3.5
DeformationEnergy,50.0,test,12,21,0.9912799000740051,3.847362518310547,3.5
DeformationEnergy,50.0,test,12,21,0.9913628697395325,3.8448140621185303,3.5
DeformationEnergy,50.0,test,12,21,0.9914347529411316,3.843036413192749,3.5
DeformationEnergy,50.0,test,12,21,0.9914994239807129,3.8417539596557617,3.5
DeformationEnergy,50.0,test,13,23,0.9152568578720093,3.890324831008911,3.538461446762085
DeformationEnergy,50.0,test,15,27,0.8071097731590271,3.8847758769989014,3.5999999046325684
DeformationEnergy,50.0,test,17,31,0.7597209811210632,3.88980770111084,3.6470587253570557
DeformationEnergy,50.0,test,17,31,0.7892189025878906,3.8820652961730957,3.6470587253570557
DeformationEnergy,50.0,test,17,32,0.8191271424293518,3.867173194885254,3.7647058963775635
DeformationEnergy,50.0,test,17,32,0.8485804796218872,3.8498570919036865,3.7647058963775635
DeformationEnergy,50.0,test,19,36,0.7883912920951843,3.9004106521606445,3.78947377204895
DeformationEnergy,50.0,test,19,36,0.8252550959587097,3.883185863494873,3.78947377204895
DeformationEnergy,50.0,test,19,36,0.8621729016304016,3.8805484771728516,3.78947377204895
DeformationEnergy,50.0,test,23,45,0.7495377659797668,3.94541072845459,3.91304349899292
DeformationEnergy,50.0,test,23,45,0.787192702293396,3.9178481101989746,3.91304349899292
DeformationEnergy,50.0,test,23,45,0.8199028372764587,3.9125492572784424,3.91304349899292
DeformationEnergy,50.0,test,23,45,0.8455765843391418,3.9180500507354736,3.91304349899292
DeformationEnergy,50.0,test,23,45,0.8712869882583618,3.9265873432159424,3.91304349899292
DeformationEnergy,50.0,test,23,45,0.8971859216690063,3.9362833499908447,3.91304349899292
DeformationEnergy,50.0,test,23,46,0.9236783385276794,3.9274823665618896,4.0
DeformationEnergy,50.0,test,23,46,0.9463528394699097,3.9157936573028564,4.0
DeformationEnergy,50.0,test,23,46,0.9638118147850037,3.91339373588562,4.0
DeformationEnergy,50.0,test,23,46,0.9893683791160583,3.9124484062194824,4.0
DeformationEnergy,50.0,test,23,46,0.9895861148834229,3.9066720008850098,4.0
DeformationEnergy,50.0,test,23,46,0.9897287487983704,3.9020824432373047,4.0
DeformationEnergy,50.0,test,23,46,0.9898530840873718,3.898308753967285,4.0
DeformationEnergy,50.0,test,25,51,0.9105803966522217,3.9143576622009277,4.079999923706055
DeformationEnergy,50.0,test,28,59,0.824881911277771,3.915864944458008,4.214285850524902
DeformationEnergy,50.0,test,32,68,0.7364603877067566,3.9395315647125244,4.25
DeformationEnergy,50.0,test,32,68,0.7638629674911499,3.9115591049194336,4.25
DeformationEnergy,50.0,test,32,69,0.7920005917549133,3.9010653495788574,4.3125
DeformationEnergy,50.0,test,32,69,0.8197248578071594,3.8974034786224365,4.3125
DeformationEnergy,50.0,test,32,69,0.8474481105804443,3.903815746307373,4.3125
DeformationEnergy,50.0,test,36,80,0.778219997882843,3.903223752975464,4.44444465637207
DeformationEnergy,50.0,test,36,80,0.8095738291740417,3.909306049346924,4.44444465637207
DeformationEnergy,50.0,test,36,80,0.841654360294342,3.9249250888824463,4.44444465637207
DeformationEnergy,50.0,test,42,96,0.7477635145187378,3.951685667037964,4.5714287757873535
DeformationEnergy,50.0,test,42,96,0.7787693738937378,3.9573066234588623,4.5714287757873535
DeformationEnergy,50.0,test,42,96,0.8078112006187439,3.9678783416748047,4.5714287757873535
DeformationEnergy,50.0,test,42,96,0.8532556891441345,3.980991840362549,4.5714287757873535
DeformationEnergy,50.0,test,42,96,0.8764857053756714,3.9885151386260986,4.5714287757873535
DeformationEnergy,50.0,test,42,96,0.8995128870010376,3.9940524101257324,4.5714287757873535
DeformationEnergy,50.0,test,42,96,0.922776460647583,3.999718189239502,4.5714287757873535
DeformationEnergy,50.0,test,42,96,0.9433746337890625,4.001773834228516,4.5714287757873535
DeformationEnergy,50.0,test,42,96,0.9611644744873047,4.002703666687012,4.5714287757873535
DeformationEnergy,50.0,test,42,96,0.9751956462860107,4.00024938583374,4.5714287757873535
DeformationEnergy,50.0,test,42,96,0.9815540313720703,3.993398427963257,4.5714287757873535
DeformationEnergy,50.0,test,42,96,0.9846768975257874,3.9858860969543457,4.5714287757873535
DeformationEnergy,50.0,test,42,96,0.9861308336257935,3.9788942337036133,4.5714287757873535
DeformationEnergy,50.0,test,46,105,0.9010880589485168,3.9693186283111572,4.5652174949646
DeformationEnergy,50.0,test,50,116,0.8335312008857727,3.9403388500213623,4.639999866485596
DeformationEnergy,50.0,test,58,138,0.7258997559547424,3.9866275787353516,4.758620738983154
DeformationEnergy,50.0,test,58,138,0.745602548122406,3.948151111602783,4.758620738983154
DeformationEnergy,50.0,test,58,138,0.7669870853424072,3.94625186920166,4.758620738983154
DeformationEnergy,50.0,test,58,138,0.7883968353271484,3.9493441581726074,4.758620738983154
DeformationEnergy,50.0,test,58,138,0.8106353282928467,3.9583959579467773,4.758620738983154
DeformationEnergy,50.0,test,63,151,0.7902837991714478,3.9613454341888428,4.7936506271362305
DeformationEnergy,50.0,test,63,151,0.8139380216598511,3.9628658294677734,4.7936506271362305
DeformationEnergy,50.0,test,71,171,0.7438589930534363,3.967007875442505,4.816901206970215
DeformationEnergy,50.0,test,71,171,0.767532229423523,3.9501781463623047,4.816901206970215
DeformationEnergy,50.0,test,71,171,0.7919183373451233,3.9467661380767822,4.816901206970215
DeformationEnergy,50.0,test,71,171,0.8098633289337158,3.944303274154663,4.816901206970215
DeformationEnergy,50.0,test,71,171,0.8272987604141235,3.9433975219726562,4.816901206970215
DeformationEnergy,50.0,test,71,171,0.8403589725494385,3.9509174823760986,4.816901206970215
DeformationEnergy,50.0,test,71,171,0.8450672030448914,3.9575955867767334,4.816901206970215
DeformationEnergy,50.0,test,71,171,0.8450672030448914,3.9623382091522217,4.816901206970215
DeformationEnergy,50.0,test,71,171,0.845067024230957,3.9629838466644287,4.816901206970215
DeformationEnergy,50.0,test,71,171,0.8450672626495361,3.966073989868164,4.816901206970215
DeformationEnergy,50.0,test,71,171,0.8450675010681152,3.9681663513183594,4.816901206970215
DeformationEnergy,50.0,test,71,171,0.8450675010681152,3.9618453979492188,4.816901206970215
DeformationEnergy,50.0,test,71,171,0.8450675010681152,3.9592621326446533,4.816901206970215
DeformationEnergy,50.0,test,71,171,0.8450675010681152,3.9582059383392334,4.816901206970215
DeformationEnergy,50.0,test,82,198,0.7317054867744446,3.9664218425750732,4.829268455505371
DeformationEnergy,50.0,test,92,222,0.6521725654602051,3.9731452465057373,4.82608699798584
DeformationEnergy,50.0,test,92,222,0.6521726846694946,3.955972671508789,4.82608699798584
DeformationEnergy,50.0,test,92,222,0.652172863483429,3.9536445140838623,4.82608699798584
DeformationEnergy,50.0,test,92,222,0.6521729230880737,3.953885316848755,4.82608699798584
DeformationEnergy,50.0,test,92,222,0.6521731019020081,3.9498887062072754,4.82608699798584
DeformationEnergy,50.0,test,98,239,0.6122439503669739,3.9742989540100098,4.877551078796387
DeformationEnergy,50.0,test,98,239,0.6122441291809082,3.9734883308410645,4.877551078796387
DeformationEnergy,50.0,test,98,239,0.6122443079948425,3.9763295650482178,4.877551078796387
DeformationEnergy,50.0,test,111,274,0.5405400991439819,4.00313138961792,4.936936855316162
DeformationEnergy,50.0,test,111,274,0.5405400991439819,3.9753706455230713,4.936936855316162
DeformationEnergy,50.0,test,111,274,0.5405402183532715,3.9648678302764893,4.936936855316162
DeformationEnergy,50.0,test,111,274,0.5405402183532715,3.9541234970092773,4.936936855316162
DeformationEnergy,50.0,test,111,274,0.5405402779579163,3.9494378566741943,4.936936855316162
DeformationEnergy,50.0,test,111,274,0.5405402779579163,3.9491422176361084,4.936936855316162
DeformationEnergy,50.0,test,6,9,0.8660253882408142,3.722419500350952,3.0
DeformationEnergy,50.0,test,7,11,0.7230895757675171,3.807360887527466,3.142857074737549
DeformationEnergy,50.0,test,7,11,0.7947526574134827,3.788036346435547,3.142857074737549
DeformationEnergy,50.0,test,8,13,0.727265477180481,3.839306354522705,3.25
DeformationEnergy,50.0,test,8,13,0.7702251672744751,3.806915283203125,3.25
DeformationEnergy,50.0,test,8,13,0.8078752756118774,3.800118923187256,3.25
DeformationEnergy,50.0,test,9,15,0.7595389485359192,3.817552328109741,3.3333332538604736
DeformationEnergy,50.0,test,9,15,0.8041146397590637,3.808347463607788,3.3333332538604736
DeformationEnergy,50.0,test,9,15,0.8456611037254333,3.8060197830200195,3.3333332538604736
DeformationEnergy,50.0,test,9,15,0.8790956139564514,3.807494640350342,3.3333332538604736
DeformationEnergy,50.0,test,9,15,0.9024855494499207,3.8085386753082275,3.3333332538604736
DeformationEnergy,50.0,test,9,15,0.9248097538948059,3.8103435039520264,3.3333332538604736
DeformationEnergy,50.0,test,9,15,0.9471270442008972,3.812469959259033,3.3333332538604736
DeformationEnergy,50.0,test,9,15,0.9675963521003723,3.8144426345825195,3.3333332538604736
DeformationEnergy,50.0,test,9,15,0.9787912368774414,3.8156144618988037,3.3333332538604736
DeformationEnergy,50.0,test,9,15,0.9899794459342957,3.81707763671875,3.3333332538604736
DeformationEnergy,50.0,test,9,15,0.9917871952056885,3.8160853385925293,3.3333332538604736
DeformationEnergy,50.0,test,9,15,0.9918550848960876,3.81559157371521,3.3333332538604736
DeformationEnergy,50.0,test,10,17,0.9028462171554565,3.844203472137451,3.4000000953674316
DeformationEnergy,50.0,test,10,17,0.9129419326782227,3.828094959259033,3.4000000953674316
DeformationEnergy,50.0,test,10,17,0.9230484962463379,3.8191330432891846,3.4000000953674316
DeformationEnergy,50.0,test,12,21,0.7796477675437927,3.8562850952148438,3.5
DeformationEnergy,50.0,test,12,21,0.8046591281890869,3.827761650085449,3.5
DeformationEnergy,50.0,test,14,26,0.7221571803092957,3.8593897819519043,3.7142856121063232
DeformationEnergy,50.0,test,14,26,0.7580167055130005,3.837779998779297,3.7142856121063232
DeformationEnergy,50.0,test,14,26,0.7939138412475586,3.8305656909942627,3.7142856121063232
DeformationEnergy,50.0,test,16,30,0.7264909148216248,3.913573741912842,3.75
DeformationEnergy,50.0,test,16,30,0.7693301439285278,3.87843656539917,3.75
DeformationEnergy,50.0,test,16,30,0.8069618940353394,3.869626045227051,3.75
DeformationEnergy,50.0,test,18,34,0.7582764625549316,3.8844125270843506,3.777777671813965
DeformationEnergy,50.0,test,18,34,0.802047610282898,3.880733013153076,3.777777671813965
DeformationEnergy,50.0,test,18,34,0.8435779213905334,3.884099245071411,3.777777671813965
DeformationEnergy,50.0,test,18,34,0.8763284683227539,3.887678861618042,3.777777671813965
DeformationEnergy,50.0,test,18,34,0.9000155329704285,3.891230344772339,3.777777671813965
DeformationEnergy,50.0,test,18,34,0.9222798943519592,3.8947436809539795,3.777777671813965
DeformationEnergy,50.0,test,18,34,0.96504807472229,3.902153491973877,3.777777671813965
DeformationEnergy,50.0,test,18,34,0.9762521386146545,3.90348219871521,3.777777671813965
DeformationEnergy,50.0,test,18,35,0.9873864054679871,3.896662473678589,3.8888888359069824
DeformationEnergy,50.0,test,18,35,0.9901251196861267,3.8880221843719482,3.8888888359069824
DeformationEnergy,50.0,test,18,35,0.9903140664100647,3.8809216022491455,3.8888888359069824
DeformationEnergy,50.0,test,19,37,0.9384967684745789,3.884101390838623,3.8947367668151855
DeformationEnergy,50.0,test,19,37,0.9437674283981323,3.868147134780884,3.8947367668151855
DeformationEnergy,50.0,test,19,37,0.9490899443626404,3.8640029430389404,3.8947367668151855
DeformationEnergy,50.0,test,19,37,0.9544028043746948,3.8624765872955322,3.8947367668151855
DeformationEnergy,50.0,test,23,47,0.7951393127441406,3.9259634017944336,4.08695650100708
DeformationEnergy,50.0,test,23,47,0.8165920376777649,3.879570960998535,4.08695650100708
DeformationEnergy,50.0,test,26,55,0.7496194243431091,3.897409200668335,4.230769157409668
DeformationEnergy,50.0,test,26,55,0.7795485258102417,3.8979780673980713,4.230769157409668
DeformationEnergy,50.0,test,26,55,0.8095701932907104,3.907898187637329,4.230769157409668
DeformationEnergy,50.0,test,29,61,0.7525047063827515,3.9823994636535645,4.206896781921387
DeformationEnergy,50.0,test,29,61,0.7889389991760254,3.964007616043091,4.206896781921387
DeformationEnergy,50.0,test,29,61,0.8228745460510254,3.969168186187744,4.206896781921387
DeformationEnergy,50.0,test,33,70,0.79392409324646,4.042616844177246,4.242424011230469
DeformationEnergy,50.0,test,33,70,0.8302650451660156,4.071747303009033,4.242424011230469
DeformationEnergy,50.0,test,33,71,0.8616738319396973,4.0767340660095215,4.303030490875244
DeformationEnergy,50.0,test,33,71,0.8868308663368225,4.073598384857178,4.303030490875244
DeformationEnergy,50.0,test,33,71,0.9086753726005554,4.0776848793029785,4.303030490875244
DeformationEnergy,50.0,test,33,71,0.9302846193313599,4.073390007019043,4.303030490875244
DeformationEnergy,50.0,test,33,71,0.9502008557319641,4.079185485839844,4.303030490875244
DeformationEnergy,50.0,test,33,71,0.9621143341064453,4.085883617401123,4.303030490875244
DeformationEnergy,50.0,test,33,72,0.9744814038276672,4.088415622711182,4.363636493682861
DeformationEnergy,50.0,test,33,72,0.9827877283096313,4.085023880004883,4.363636493682861
DeformationEnergy,50.0,test,33,72,0.9846878051757812,4.074463844299316,4.363636493682861
DeformationEnergy,50.0,test,35,77,0.9292595982551575,4.0679931640625,4.400000095367432
DeformationEnergy,50.0,test,35,77,0.9332834482192993,4.047462463378906,4.400000095367432
DeformationEnergy,50.0,test,35,77,0.9382961988449097,4.040641784667969,4.400000095367432
DeformationEnergy,50.0,test,35,77,0.943843424320221,4.03796911239624,4.400000095367432
DeformationEnergy,50.0,test,41,94,0.8126295208930969,4.0360236167907715,4.5853657722473145
DeformationEnergy,50.0,test,45,104,0.7707985639572144,3.997344970703125,4.622222423553467
DeformationEnergy,50.0,test,45,104,0.7918016910552979,4.005341053009033,4.622222423553467
DeformationEnergy,50.0,test,45,105,0.8146151900291443,4.0046772956848145,4.666666507720947
DeformationEnergy,50.0,test,51,119,0.7382679581642151,4.010465621948242,4.666666507720947
DeformationEnergy,50.0,test,51,120,0.7670742869377136,3.979456901550293,4.705882549285889
DeformationEnergy,50.0,test,51,120,0.7960838079452515,3.971679925918579,4.705882549285889
DeformationEnergy,50.0,test,57,137,0.7379215359687805,3.9376354217529297,4.8070173263549805
DeformationEnergy,50.0,test,57,137,0.7644392251968384,3.937185764312744,4.8070173263549805
DeformationEnergy,50.0,test,57,137,0.7930939197540283,3.9454731941223145,4.8070173263549805
DeformationEnergy,50.0,test,57,137,0.8203417658805847,3.9568262100219727,4.8070173263549805
DeformationEnergy,50.0,test,57,137,0.8464444279670715,3.9649837017059326,4.8070173263549805
DeformationEnergy,50.0,test,57,137,0.8709947466850281,3.9732072353363037,4.8070173263549805
DeformationEnergy,50.0,test,57,137,0.8944450616836548,3.9809153079986572,4.8070173263549805
DeformationEnergy,50.0,test,57,137,0.9162797927856445,3.9883229732513428,4.8070173263549805
DeformationEnergy,50.0,test,57,137,0.9305011630058289,3.995946168899536,4.8070173263549805
DeformationEnergy,50.0,test,57,137,0.943411111831665,4.004173755645752,4.8070173263549805
DeformationEnergy,50.0,test,57,137,0.9554481506347656,4.008601665496826,4.8070173263549805
DeformationEnergy,50.0,test,61,146,0.9085872769355774,4.007596015930176,4.7868852615356445
DeformationEnergy,50.0,test,61,146,0.913406491279602,3.9921116828918457,4.7868852615356445
DeformationEnergy,50.0,test,61,146,0.9184129238128662,3.9895219802856445,4.7868852615356445
DeformationEnergy,50.0,test,61,146,0.9237989187240601,3.9903202056884766,4.7868852615356445
DeformationEnergy,50.0,test,67,160,0.8461785316467285,3.9926838874816895,4.776119232177734
DeformationEnergy,50.0,test,67,160,0.8537078499794006,3.9845480918884277,4.776119232177734
DeformationEnergy,50.0,test,74,178,0.7812021970748901,3.9786570072174072,4.8108110427856445
DeformationEnergy,50.0,test,74,178,0.7919184565544128,3.974249839782715,4.8108110427856445
DeformationEnergy,50.0,test,74,178,0.8021383285522461,3.9809529781341553,4.8108110427856445
DeformationEnergy,50.0,test,84,203,0.712989330291748,4.026267051696777,4.833333492279053
DeformationEnergy,50.0,test,6,9,0.8660253882408142,3.722419500350952,3.0
DeformationEnergy,50.0,test,6,9,0.9887872338294983,3.7335681915283203,3.0
DeformationEnergy,50.0,test,6,9,0.9920733571052551,3.738065004348755,3.0
DeformationEnergy,50.0,test,6,9,0.9921135902404785,3.740783929824829,3.0
DeformationEnergy,50.0,test,6,9,0.9921568036079407,3.7433083057403564,3.0
DeformationEnergy,50.0,test,6,9,0.9921992421150208,3.7460134029388428,3.0
DeformationEnergy,50.0,test,6,9,0.9922769665718079,3.7520275115966797,3.0
DeformationEnergy,50.0,test,6,9,0.9923116564750671,3.755234718322754,3.0
DeformationEnergy,50.0,test,6,9,0.9923436045646667,3.7585067749023438,3.0
DeformationEnergy,50.0,test,7,11,0.8547577857971191,3.8410146236419678,3.142857074737549
DeformationEnergy,50.0,test,7,11,0.8691324591636658,3.8026249408721924,3.142857074737549
DeformationEnergy,50.0,test,7,11,0.8835371732711792,3.7929015159606934,3.142857074737549
DeformationEnergy,50.0,test,8,13,0.7939693331718445,3.8517961502075195,3.25
DeformationEnergy,50.0,test,9,15,0.7322123646736145,3.850626230239868,3.3333332538604736
DeformationEnergy,50.0,test,11,19,0.6361135840415955,3.913252115249634,3.454545497894287
DeformationEnergy,50.0,test,12,21,0.628628671169281,3.888359785079956,3.5
DeformationEnergy,50.0,test,12,21,0.678557813167572,3.87021803855896,3.5
DeformationEnergy,50.0,test,12,21,0.728751003742218,3.8677377700805664,3.5
DeformationEnergy,50.0,test,12,21,0.7789427638053894,3.868828535079956,3.5
DeformationEnergy,50.0,test,12,21,0.825538694858551,3.870252847671509,3.5
DeformationEnergy,50.0,test,12,21,0.8672999739646912,3.8711605072021484,3.5
DeformationEnergy,50.0,test,12,21,0.9090695381164551,3.8735568523406982,3.5
DeformationEnergy,50.0,test,12,21,0.944162130355835,3.8749771118164062,3.5
DeformationEnergy,50.0,test,12,21,0.9872210621833801,3.87133526802063,3.5
DeformationEnergy,50.0,test,12,21,0.990617573261261,3.8645286560058594,3.5
DeformationEnergy,50.0,test,12,21,0.9907264113426208,3.8585526943206787,3.5
DeformationEnergy,50.0,test,12,21,0.9908204674720764,3.8536012172698975,3.5
DeformationEnergy,50.0,test,12,21,0.9909047484397888,3.8493802547454834,3.5
DeformationEnergy,50.0,test,12,21,0.9909818172454834,3.845726728439331,3.5
DeformationEnergy,50.0,test,12,21,0.9910532832145691,3.842539072036743,3.5
DeformationEnergy,50.0,test,12,21,0.9911201596260071,3.839747667312622,3.5
DeformationEnergy,50.0,test,12,21,0.9911832213401794,3.837301254272461,3.5
DeformationEnergy,50.0,test,14,26,0.8536421656608582,3.8953914642333984,3.7142856121063232
DeformationEnergy,50.0,test,14,26,0.868091881275177,3.856635808944702,3.7142856121063232
DeformationEnergy,50.0,test,14,26,0.8824953436851501,3.846771001815796,3.7142856121063232
DeformationEnergy,50.0,test,16,30,0.792792022228241,3.910153388977051,3.75
DeformationEnergy,50.0,test,18,35,0.7309795618057251,3.9406423568725586,3.8888888359069824
DeformationEnergy,50.0,test,22,46,0.6354427933692932,3.92112135887146,4.181818008422852
DeformationEnergy,50.0,test,24,50,0.627557098865509,3.920067548751831,4.166666507720947
DeformationEnergy,50.0,test,24,50,0.6775193810462952,3.912395715713501,4.166666507720947
DeformationEnergy,50.0,test,24,50,0.7772347331047058,3.921532392501831,4.166666507720947
DeformationEnergy,50.0,test,24,50,0.8239853382110596,3.9301159381866455,4.166666507720947
DeformationEnergy,50.0,test,24,50,0.8653629422187805,3.9382801055908203,4.166666507720947
DeformationEnergy,50.0,test,24,50,0.9062010645866394,3.9481678009033203,4.166666507720947
DeformationEnergy,50.0,test,24,51,0.9404527544975281,3.9521453380584717,4.25
DeformationEnergy,50.0,test,24,51,0.9696471691131592,3.9542133808135986,4.25
DeformationEnergy,50.0,test,24,51,0.9848639965057373,3.9497621059417725,4.25
DeformationEnergy,50.0,test,24,51,0.9888728260993958,3.9407951831817627,4.25
DeformationEnergy,50.0,test,24,51,0.989220917224884,3.93323016166687,4.25
DeformationEnergy,50.0,test,24,51,0.9894774556159973,3.9273126125335693,4.25
DeformationEnergy,50.0,test,24,51,0.9896555542945862,3.9224793910980225,4.25
DeformationEnergy,50.0,test,24,51,0.9897834658622742,3.9184751510620117,4.25
DeformationEnergy,50.0,test,24,51,0.9898937344551086,3.91507887840271,4.25
DeformationEnergy,50.0,test,24,51,0.9899897575378418,3.912123680114746,4.25
DeformationEnergy,50.0,test,24,51,0.9900748133659363,3.909494400024414,4.25
DeformationEnergy,50.0,test,26,56,0.9163509011268616,3.908389091491699,4.307692527770996
DeformationEnergy,50.0,test,26,56,0.9314078092575073,3.8947815895080566,4.307692527770996
DeformationEnergy,50.0,test,29,62,0.8484251499176025,3.9194750785827637,4.275862216949463
DeformationEnergy,50.0,test,32,70,0.7865467667579651,3.932406187057495,4.375
DeformationEnergy,50.0,test,38,83,0.6862824559211731,3.973662853240967,4.3684210777282715
DeformationEnergy,50.0,test,42,94,0.6502978205680847,3.962916851043701,4.476190567016602
DeformationEnergy,50.0,test,42,95,0.6864350438117981,3.9549052715301514,4.523809432983398
DeformationEnergy,50.0,test,42,95,0.7235682606697083,3.9386866092681885,4.523809432983398
DeformationEnergy,50.0,test,42,95,0.7598932385444641,3.9436943531036377,4.523809432983398
DeformationEnergy,50.0,test,42,96,0.797658383846283,3.958108901977539,4.5714287757873535
DeformationEnergy,50.0,test,42,96,0.8343682289123535,3.9696476459503174,4.5714287757873535
DeformationEnergy,50.0,test,42,96,0.8705804944038391,3.977128505706787,4.5714287757873535
DeformationEnergy,50.0,test,42,96,0.9021044373512268,3.9850642681121826,4.5714287757873535
DeformationEnergy,50.0,test,42,96,0.931868851184845,3.993216037750244,4.5714287757873535
DeformationEnergy,50.0,test,42,96,0.9570132493972778,3.994565010070801,4.5714287757873535
DeformationEnergy,50.0,test,42,96,0.9728400707244873,3.9905858039855957,4.5714287757873535
DeformationEnergy,50.0,test,42,96,0.9803296327590942,3.9858009815216064,4.5714287757873535
DeformationEnergy,50.0,test,42,96,0.9839379191398621,3.979928493499756,4.5714287757873535
DeformationEnergy,50.0,test,42,96,0.9865206480026245,3.9671688079833984,4.5714287757873535
DeformationEnergy,50.0,test,42,96,0.9873053431510925,3.9619674682617188,4.5714287757873535
DeformationEnergy,50.0,test,42,96,0.9879767894744873,3.957486152648926,4.5714287757873535
DeformationEnergy,50.0,test,42,96,0.9885571599006653,3.953608989715576,4.5714287757873535
DeformationEnergy,50.0,test,46,107,0.9031007289886475,3.957329034805298,4.65217399597168
DeformationEnergy,50.0,test,46,108,0.9071526527404785,3.9416112899780273,4.695652008056641
DeformationEnergy,50.0,test,46,108,0.9132587313652039,3.9317798614501953,4.695652008056641
DeformationEnergy,50.0,test,52,123,0.8200547099113464,3.9402544498443604,4.730769157409668
DeformationEnergy,50.0,test,58,137,0.7495670318603516,3.968667984008789,4.724137783050537
DeformationEnergy,50.0,test,70,171,0.6353386640548706,3.9842634201049805,4.885714054107666
DeformationEnergy,50.0,test,74,181,0.6183405518531799,3.978447914123535,4.891891956329346
DeformationEnergy,50.0,test,74,181,0.6404286623001099,3.97308349609375,4.891891956329346
DeformationEnergy,50.0,test,74,181,0.6648778915405273,3.964613676071167,4.891891956329346
DeformationEnergy,50.0,test,74,181,0.6917622089385986,3.93974232673645,4.891891956329346
DeformationEnergy,50.0,test,74,181,0.7216293811798096,3.935802936553955,4.891891956329346
DeformationEnergy,50.0,test,74,181,0.7529963254928589,3.938770294189453,4.891891956329346
DeformationEnergy,50.0,test,74,181,0.8092395663261414,3.953291654586792,4.891891956329346
Proliferation,0.1,train,6,9,0.8660253882408142,3.722419500350952,3.0
Proliferation,0.1,train,8,13,0.7192103862762451,3.9249448776245117,3.25
Proliferation,0.1,train,11,19,0.738415539264679,4.023359298706055,3.454545497894287
Proliferation,0.1,train,11,19,0.9333544373512268,4.028402328491211,3.454545497894287
Proliferation,0.1,train,18,38,0.6612590551376343,4.011011123657227,4.222222328186035
Proliferation,0.1,train,20,43,0.8120566606521606,4.030216217041016,4.300000190734863
Proliferation,0.1,train,27,60,0.6639353632926941,4.050707817077637,4.44444465637207
Proliferation,0.1,train,35,80,0.5955793857574463,3.996289014816284,4.5714287757873535
Proliferation,0.1,train,35,80,0.666637122631073,3.994192123413086,4.5714287757873535
Proliferation,0.1,train,54,132,0.48043274879455566,3.9940738677978516,4.888888835906982
Proliferation,0.1,train,58,142,0.49974149465560913,4.010458469390869,4.896551609039307
Proliferation,0.1,train,76,188,0.4093634784221649,4.025058746337891,4.947368621826172
Proliferation,0.1,train,93,234,0.3764844238758087,4.027270317077637,5.032258033752441
Proliferation,0.1,train,107,275,0.34847429394721985,4.015843868255615,5.140186786651611
Proliferation,0.1,train,144,372,0.28215235471725464,4.000192165374756,5.166666507720947
Proliferation,0.1,train,144,372,0.3033030927181244,3.970698833465576,5.166666507720947
Proliferation,0.1,train,176,458,0.2621912956237793,4.004573822021484,5.204545497894287
Proliferation,0.1,train,192,502,0.2608676850795746,4.00625467300415,5.229166507720947
Proliferation,0.1,train,222,579,0.23453029990196228,3.995492458343506,5.216216087341309
Proliferation,0.1,train,238,624,0.23512934148311615,4.007660388946533,5.243697643280029
Proliferation,0.1,train,241,632,0.24270318448543549,4.024894714355469,5.244813442230225
Proliferation,0.1,train,271,713,0.22105225920677185,4.00966739654541,5.261992454528809
Proliferation,0.1,train,284,748,0.2112666815519333,4.033565998077393,5.267605781555176
Proliferation,0.1,train,324,857,0.18518505990505219,4.055041790008545,5.290123462677002
Proliferation,0.1,train,6,9,0.8660253882408142,3.722419500350952,3.0
Proliferation,0.1,train,9,14,0.7555479407310486,3.934582233428955,3.1111111640930176
Proliferation,0.1,train,10,16,0.8483060002326965,3.982675075531006,3.200000047683716
Proliferation,0.1,train,16,32,0.662928581237793,3.9166550636291504,4.0
Proliferation,0.1,train,18,36,0.8467783331871033,3.9427740573883057,4.0
Proliferation,0.1,train,24,51,0.6980710625648499,3.9940080642700195,4.25
Proliferation,0.1,train,31,69,0.6421005725860596,4.008566379547119,4.451612949371338
Proliferation,0.1,train,33,73,0.67254638671875,3.964712381362915,4.4242424964904785
Proliferation,0.1,train,51,121,0.48418641090393066,4.018070220947266,4.745098114013672
Proliferation,0.1,train,51,121,0.579837441444397,4.017651557922363,4.745098114013672
Proliferation,0.1,train,75,183,0.4338321387767792,4.026217460632324,4.880000114440918
Proliferation,0.1,train,82,199,0.48316359519958496,4.039053440093994,4.853658676147461
Proliferation,0.1,train,100,244,0.4417763948440552,4.053081035614014,4.880000114440918
Proliferation,0.1,train,130,325,0.4023122787475586,4.034512042999268,5.0
Proliferation,0.1,train,137,344,0.43660709261894226,4.046926021575928,5.021897792816162
Proliferation,0.1,train,6,9,0.8660253882408142,3.722419500350952,3.0
Proliferation,0.1,train,7,11,0.8222567439079285,3.8489246368408203,3.142857074737549
Proliferation,0.1,train,12,23,0.6674720644950867,3.9355709552764893,3.8333332538604736
Proliferation,0.1,train,12,23,0.9417253136634827,3.875369071960449,3.8333332538604736
Proliferation,0.1,train,22,50,0.5589911937713623,4.001736640930176,4.545454502105713
Proliferation,0.1,train,22,50,0.7846556305885315,3.929135322570801,4.545454502105713
Proliferation,0.1,train,25,57,0.7465891242027283,3.9412224292755127,4.559999942779541
Proliferation,0.1,train,39,92,0.5506947636604309,4.037431716918945,4.717948913574219
Proliferation,0.1,train,39,92,0.6229904294013977,4.009253025054932,4.717948913574219
Proliferation,0.1,train,66,165,0.4007875919342041,4.017810344696045,5.0
Proliferation,0.1,train,66,165,0.4561494290828705,3.995302200317383,5.0
Proliferation,0.1,train,85,214,0.3793918490409851,3.9876654148101807,5.035294055938721
Proliferation,0.1,train,104,263,0.3469230830669403,3.9677233695983887,5.057692527770996
Proliferation,0.1,train,111,282,0.3488227128982544,3.9667088985443115,5.081080913543701
Proliferation,0.1,train,159,411,0.26322150230407715,4.003090858459473,5.169811248779297
Proliferation,0.1,train,161,415,0.28488320112228394,4.003366947174072,5.155279636383057
Proliferation,0.1,train,209,537,0.23418550193309784,4.036342620849609,5.138755798339844
Proliferation,0.1,train,211,543,0.26744744181632996,4.04381799697876,5.146919250488281
Proliferation,0.1,train,214,550,0.2789662182331085,4.02499532699585,5.140186786651611
Proliferation,0.2,train,6,9,0.8660253882408142,3.722419500350952,3.0
Proliferation,0.2,train,6,9,0.9549775719642639,3.7325832843780518,3.0
Proliferation,0.2,train,8,13,0.7193906307220459,3.9285194873809814,3.25
Proliferation,0.2,train,9,15,0.7584623694419861,3.960895538330078,3.3333332538604736
Proliferation,0.2,train,11,19,0.7748504877090454,4.012472152709961,3.454545497894287
Proliferation,0.2,train,11,19,0.8880882859230042,3.991915702819824,3.454545497894287
Proliferation,0.2,train,11,19,0.9469136595726013,3.961991310119629,3.454545497894287
Proliferation,0.2,train,17,35,0.623721182346344,3.991739511489868,4.117647171020508
Proliferation,0.2,train,19,39,0.6824213266372681,3.955949068069458,4.1052632331848145
Proliferation,0.2,train,21,44,0.7603093981742859,3.961799144744873,4.190476417541504
Proliferation,0.2,train,21,45,0.8564749360084534,3.988457202911377,4.285714149475098
Proliferation,0.2,train,21,45,0.9097455143928528,3.9672491550445557,4.285714149475098
Proliferation,0.2,train,29,64,0.6737570762634277,4.028119087219238,4.413793087005615
Proliferation,0.2,train,33,75,0.654825747013092,3.9739723205566406,4.545454502105713
Proliferation,0.2,train,36,83,0.665210485458374,3.980581521987915,4.611111164093018
Proliferation,0.2,train,36,83,0.7087628245353699,3.981400489807129,4.611111164093018
Proliferation,0.2,train,36,84,0.7509999871253967,3.99021053314209,4.666666507720947
Proliferation,0.2,train,50,121,0.5630776286125183,4.00289249420166,4.840000152587891
Proliferation,0.2,train,57,140,0.5349467992782593,3.9755544662475586,4.912280559539795
Proliferation,0.2,train,62,153,0.5320815443992615,3.9542315006256104,4.935483932495117
Proliferation,0.2,train,62,153,0.5598772168159485,3.9432904720306396,4.935483932495117
Proliferation,0.2,train,67,166,0.5431365966796875,3.940995454788208,4.95522403717041
Proliferation,0.2,train,80,198,0.47513070702552795,3.9461936950683594,4.949999809265137
Proliferation,0.2,train,98,246,0.41524967551231384,4.017022132873535,5.0204081535339355
Proliferation,0.2,train,98,246,0.440418541431427,3.994819402694702,5.0204081535339355
Proliferation,0.2,train,98,246,0.4568854868412018,3.990124464035034,5.0204081535339355
Proliferation,0.2,train,109,276,0.42431527376174927,3.9978909492492676,5.064219951629639
Proliferation,0.2,train,123,313,0.3892756402492523,3.972116231918335,5.089430809020996
Proliferation,0.2,train,149,383,0.34075358510017395,3.975548267364502,5.140939712524414
Proliferation,0.2,train,149,383,0.3560715317726135,3.9854207038879395,5.140939712524414
Proliferation,0.2,train,149,383,0.3661571443080902,3.9818108081817627,5.140939712524414
Proliferation,0.2,train,180,464,0.31061851978302,4.016660690307617,5.155555725097656
Proliferation,0.2,train,195,508,0.2971009314060211,3.978109121322632,5.210256576538086
Proliferation,0.2,train,212,556,0.2823900282382965,4.051382541656494,5.245283126831055
Proliferation,0.2,train,213,559,0.28147363662719727,4.018543720245361,5.248826503753662
Proliferation,0.2,train,213,557,0.28168830275535583,4.01649284362793,5.23004674911499
Proliferation,0.2,train,244,642,0.24590100347995758,4.011242866516113,5.262295246124268
Proliferation,0.2,train,244,644,0.24590164422988892,3.9776763916015625,5.278688430786133
Proliferation,0.2,train,256,676,0.234375,3.9669528007507324,5.28125
Proliferation,0.2,train,257,679,0.23346063494682312,3.9821763038635254,5.284046649932861
Proliferation,0.2,train,6,9,0.8660253882408142,3.722419500350952,3.0
Proliferation,0.2,train,8,13,0.696537971496582,3.865940809249878,3.25
Proliferation,0.2,train,9,15,0.8020546436309814,3.8658342361450195,3.3333332538604736
Proliferation,0.2,train,9,15,0.9244929552078247,3.8758974075317383,3.3333332538604736
Proliferation,0.2,train,10,18,0.8591626286506653,3.8928275108337402,3.5999999046325684
Proliferation,0.2,train,14,30,0.6563671827316284,3.8732948303222656,4.285714149475098
Proliferation,0.2,train,16,34,0.7126293182373047,3.875760078430176,4.25
Proliferation,0.2,train,18,38,0.807318925857544,3.864738941192627,4.222222328186035
Proliferation,0.2,train,18,38,0.9041438698768616,3.8849666118621826,4.222222328186035
Proliferation,0.2,train,19,40,0.8903775215148926,3.8869681358337402,4.210526466369629
Proliferation,0.2,train,24,52,0.729025661945343,3.9440765380859375,4.333333492279053
Proliferation,0.2,train,32,73,0.5996449589729309,4.0008931159973145,4.5625
Proliferation,0.2,train,32,73,0.6812353134155273,3.9965481758117676,4.5625
Proliferation,0.2,train,32,73,0.7413254976272583,3.976325750350952,4.5625
Proliferation,0.2,train,34,78,0.7315624952316284,3.972053050994873,4.588235378265381
Proliferation,0.2,train,43,104,0.6027970910072327,3.9381961822509766,4.837209224700928
Proliferation,0.2,train,55,136,0.5040727853775024,3.969454288482666,4.9454545974731445
Proliferation,0.2,train,55,136,0.5576651096343994,3.946786880493164,4.9454545974731445
Proliferation,0.2,train,55,136,0.6002315282821655,3.936971664428711,4.9454545974731445
Proliferation,0.2,train,64,158,0.5397956967353821,3.9662389755249023,4.9375
Proliferation,0.2,train,79,194,0.45269137620925903,3.9902451038360596,4.9113922119140625
Proliferation,0.2,train,86,213,0.4396740794181824,3.9865381717681885,4.953488349914551
Proliferation,0.2,train,86,213,0.474956214427948,3.9992740154266357,4.953488349914551
Proliferation,0.2,train,92,229,0.465618759393692,4.0263776779174805,4.9782609939575195
Proliferation,0.2,train,101,253,0.4385066628456116,4.0112810134887695,5.00990104675293
Proliferation,0.2,train,127,327,0.3578570485115051,3.9904391765594482,5.149606227874756
Proliferation,0.2,train,140,362,0.3429398238658905,3.9938580989837646,5.171428680419922
Proliferation,0.2,train,140,362,0.36555686593055725,3.9724299907684326,5.171428680419922
Proliferation,0.2,train,145,376,0.366264671087265,3.974447727203369,5.186206817626953
Proliferation,0.2,train,167,434,0.32677000761032104,3.99184250831604,5.197604656219482
Proliferation,0.2,train,191,497,0.29215264320373535,3.984337091445923,5.204188346862793
Proliferation,0.2,train,201,524,0.29104429483413696,3.9839446544647217,5.213930130004883
Proliferation,0.2,train,199,519,0.30145153403282166,3.9784953594207764,5.216080188751221
Proliferation,0.2,train,6,9,0.8660253882408142,3.722419500350952,3.0
Proliferation,0.2,train,6,9,0.960161030292511,3.73237681388855,3.0
Proliferation,0.2,train,7,11,0.8217746615409851,3.8571014404296875,3.142857074737549
Proliferation,0.2,train,11,20,0.5711758732795715,3.97994065284729,3.6363637447357178
Proliferation,0.2,train,12,22,0.7177169919013977,3.9665310382843018,3.6666667461395264
Proliferation,0.2,train,12,22,0.9192931652069092,3.973954439163208,3.6666667461395264
Proliferation,0.2,train,12,22,0.9501913189888,3.9281005859375,3.6666667461395264
Proliferation,0.2,train,14,28,0.8191299438476562,3.9181175231933594,4.0
Proliferation,0.2,train,23,49,0.5548753142356873,3.9839985370635986,4.26086950302124
Proliferation,0.2,train,23,49,0.7259840965270996,3.930476427078247,4.26086950302124
Proliferation,0.2,train,23,50,0.8306185007095337,3.9281980991363525,4.34782600402832
Proliferation,0.2,train,23,50,0.8741901516914368,3.9023029804229736,4.34782600402832
Proliferation,0.2,train,26,58,0.7973722219467163,3.9176480770111084,4.461538314819336
Proliferation,0.2,train,40,96,0.5491091012954712,3.9455578327178955,4.800000190734863
Proliferation,0.2,train,40,96,0.6142329573631287,3.925001621246338,4.800000190734863
Proliferation,0.2,train,40,96,0.6674142479896545,3.9421181678771973,4.800000190734863
Proliferation,0.2,train,40,96,0.7035511136054993,3.9482033252716064,4.800000190734863
Proliferation,0.2,train,51,124,0.5738727450370789,3.9627530574798584,4.86274528503418
Proliferation,0.2,train,67,164,0.4658178985118866,3.9853405952453613,4.895522594451904
Proliferation,0.2,train,67,164,0.5098830461502075,3.9951486587524414,4.895522594451904
Proliferation,0.2,train,67,164,0.5419582724571228,3.9779508113861084,4.895522594451904
Proliferation,0.2,train,67,164,0.5666210651397705,3.9705965518951416,4.895522594451904
Proliferation,0.2,train,87,216,0.45199155807495117,3.9924583435058594,4.965517044067383
Proliferation,0.2,train,108,271,0.38767799735069275,3.983555555343628,5.018518447875977
Proliferation,0.2,train,108,271,0.4148137867450714,4.015669822692871,5.018518447875977
Proliferation,0.2,train,108,271,0.43267500400543213,4.003705024719238,5.018518447875977
Proliferation,0.2,train,118,298,0.4096177816390991,3.984577178955078,5.05084753036499
Proliferation,0.2,train,161,413,0.3121778666973114,4.024669170379639,5.130434989929199
Proliferation,0.2,train,169,433,0.3257245421409607,3.96317982673645,5.124260425567627
Proliferation,0.33,train,6,9,0.8660253882408142,3.722419500350952,3.0
Proliferation,0.33,train,6,9,0.9301698803901672,3.7322137355804443,3.0
Proliferation,0.33,train,6,9,0.9601895809173584,3.738049268722534,3.0
Proliferation,0.33,train,7,11,0.821760356426239,3.869427442550659,3.142857074737549
Proliferation,0.33,train,9,15,0.6796466708183289,3.9443490505218506,3.3333332538604736
Proliferation,0.33,train,9,15,0.7804708480834961,3.9341888427734375,3.3333332538604736
Proliferation,0.33,train,10,17,0.8047243356704712,3.966111660003662,3.4000000953674316
Proliferation,0.33,train,11,19,0.8269535303115845,3.952197790145874,3.454545497894287
Proliferation,0.33,train,11,19,0.8866295218467712,3.9334661960601807,3.454545497894287
Proliferation,0.33,train,11,19,0.9331066012382507,3.916611433029175,3.454545497894287
Proliferation,0.33,train,11,19,0.9518621563911438,3.895716905593872,3.454545497894287
Proliferation,0.33,train,15,31,0.6971074938774109,3.9489314556121826,4.133333206176758
Proliferation,0.33,train,17,35,0.6656012535095215,3.9185144901275635,4.117647171020508
Proliferation,0.33,train,17,35,0.7697229385375977,3.900275230407715,4.117647171020508
Proliferation,0.33,train,19,39,0.7929213643074036,3.9271652698516846,4.1052632331848145
Proliferation,0.33,train,20,41,0.8370254635810852,3.955568790435791,4.099999904632568
Proliferation,0.33,train,20,42,0.8844403028488159,3.967503309249878,4.199999809265137
Proliferation,0.33,train,20,42,0.9203662872314453,3.9637649059295654,4.199999809265137
Proliferation,0.33,train,20,42,0.9359104037284851,3.9501991271972656,4.199999809265137
Proliferation,0.33,train,25,55,0.7520431280136108,3.971348524093628,4.400000095367432
Proliferation,0.33,train,29,65,0.6745980381965637,3.9375462532043457,4.482758522033691
Proliferation,0.33,train,33,74,0.6498894691467285,3.9779746532440186,4.484848499298096
Proliferation,0.33,train,35,78,0.667083740234375,3.993817090988159,4.4571428298950195
Proliferation,0.33,train,35,78,0.7167021632194519,3.9817252159118652,4.4571428298950195
Proliferation,0.33,train,35,79,0.7499860525131226,3.982105016708374,4.514285564422607
Proliferation,0.33,train,35,79,0.7823693156242371,3.9805760383605957,4.514285564422607
Proliferation,0.33,train,35,79,0.8121334910392761,3.9845681190490723,4.514285564422607
Proliferation,0.33,train,42,98,0.6957632303237915,3.9869015216827393,4.666666507720947
Proliferation,0.33,train,48,112,0.6252038478851318,3.9621098041534424,4.666666507720947
Proliferation,0.33,train,56,135,0.5661551356315613,3.9854681491851807,4.8214287757873535
Proliferation,0.33,train,60,146,0.5599583387374878,3.981689929962158,4.866666793823242
Proliferation,0.33,train,60,146,0.5895473957061768,3.972510814666748,4.866666793823242
Proliferation,0.33,train,60,146,0.6089078187942505,3.9600515365600586,4.866666793823242
Proliferation,0.33,train,60,146,0.6282902359962463,3.9585278034210205,4.866666793823242
Proliferation,0.33,train,60,146,0.6487511992454529,3.956322193145752,4.866666793823242
Proliferation,0.33,train,70,171,0.5720860362052917,3.9877967834472656,4.885714054107666
Proliferation,0.33,train,80,198,0.5145976543426514,3.9367756843566895,4.949999809265137
Proliferation,0.33,train,91,228,0.4737480878829956,3.9701647758483887,5.010989189147949
Proliferation,0.33,train,96,242,0.4724787473678589,3.9852943420410156,5.041666507720947
Proliferation,0.33,train,96,242,0.49507203698158264,3.978114366531372,5.041666507720947
Proliferation,0.33,train,96,242,0.5092514157295227,3.9735686779022217,5.041666507720947
Proliferation,0.33,train,96,242,0.5215888619422913,3.9603662490844727,5.041666507720947
Proliferation,0.33,train,96,242,0.5335894227027893,3.9507839679718018,5.041666507720947
Proliferation,0.33,train,110,281,0.4755255877971649,3.9719398021698,5.109090805053711
Proliferation,0.33,train,125,318,0.42711102962493896,3.967921495437622,5.0879998207092285
Proliferation,0.33,train,140,359,0.39507222175598145,3.9777138233184814,5.128571510314941
Proliferation,0.33,train,147,377,0.39218762516975403,3.9990642070770264,5.129251480102539
Proliferation,0.33,train,147,377,0.4056966304779053,4.016432762145996,5.129251480102539
Proliferation,0.33,train,147,377,0.4077542722225189,4.027273178100586,5.129251480102539
Proliferation,0.33,train,6,9,0.8660253882408142,3.722419500350952,3.0
Proliferation,0.33,train,7,11,0.7401604056358337,3.799104690551758,3.142857074737549
Proliferation,0.33,train,8,13,0.7513241767883301,3.837913751602173,3.25
Proliferation,0.33,train,9,15,0.7872715592384338,3.8437461853027344,3.3333332538604736
Proliferation,0.33,train,9,15,0.8768728971481323,3.8447184562683105,3.3333332538604736
Proliferation,0.33,train,9,15,0.9352467656135559,3.8481435775756836,3.3333332538604736
Proliferation,0.33,train,9,15,0.9545342922210693,3.840850830078125,3.3333332538604736
Proliferation,0.33,train,10,18,0.8721591234207153,3.8346476554870605,3.5999999046325684
Proliferation,0.33,train,14,30,0.6518366932868958,3.916902780532837,4.285714149475098
Proliferation,0.33,train,14,30,0.7385860681533813,3.84094500541687,4.285714149475098
Proliferation,0.33,train,18,38,0.6673970222473145,3.913057565689087,4.222222328186035
Proliferation,0.33,train,18,38,0.7817323207855225,3.8658502101898193,4.222222328186035
Proliferation,0.33,train,18,38,0.8661481142044067,3.8665051460266113,4.222222328186035
Proliferation,0.33,train,18,38,0.9174773097038269,3.8767619132995605,4.222222328186035
Proliferation,0.33,train,18,38,0.9405921101570129,3.8789443969726562,4.222222328186035
Proliferation,0.33,train,19,40,0.9028511047363281,3.8723931312561035,4.210526466369629
Proliferation,0.33,train,24,52,0.7299246191978455,3.942110300064087,4.333333492279053
Proliferation,0.33,train,24,52,0.7720623016357422,3.925203323364258,4.333333492279053
Proliferation,0.33,train,32,74,0.6228225827217102,3.9446325302124023,4.625
Proliferation,0.33,train,32,74,0.6821807622909546,3.923299789428711,4.625
Proliferation,0.33,train,32,74,0.7343468070030212,3.924009323120117,4.625
Proliferation,0.33,train,32,74,0.7766641974449158,3.926717758178711,4.625
Proliferation,0.33,train,32,74,0.8070378303527832,3.9151406288146973,4.625
Proliferation,0.33,train,34,79,0.7846714854240417,3.920184850692749,4.647058963775635
Proliferation,0.33,train,41,98,0.6678073406219482,3.940891981124878,4.780488014221191
Proliferation,0.33,train,41,98,0.6895555257797241,3.9209787845611572,4.780488014221191
Proliferation,0.33,train,52,126,0.568997859954834,3.954841375350952,4.846153736114502
Proliferation,0.33,train,52,126,0.6062150597572327,3.9499125480651855,4.846153736114502
Proliferation,0.33,train,52,126,0.6448411345481873,3.938112497329712,4.846153736114502
Proliferation,0.33,train,52,126,0.6758280992507935,3.9306905269622803,4.846153736114502
Proliferation,0.33,train,55,134,0.6580219864845276,3.957618474960327,4.872727394104004
Proliferation,0.33,train,55,134,0.6748815178871155,3.9381656646728516,4.872727394104004
Proliferation,0.33,train,66,161,0.5745656490325928,3.9535984992980957,4.878787994384766
Proliferation,0.33,train,75,182,0.5168877243995667,3.9975273609161377,4.853333473205566
Proliferation,0.33,train,83,204,0.4834175705909729,3.983049154281616,4.91566276550293
Proliferation,0.33,train,83,204,0.5086594223976135,3.977375030517578,4.91566276550293
Proliferation,0.33,train,83,204,0.5362979173660278,3.987091541290283,4.91566276550293
Proliferation,0.33,train,83,204,0.559649646282196,4.005105495452881,4.91566276550293
Proliferation,0.33,train,89,220,0.537381649017334,4.009532928466797,4.943819999694824
Proliferation,0.33,train,89,220,0.5503172874450684,3.9822988510131836,4.943819999694824
Proliferation,0.33,train,109,278,0.4578169286251068,3.983539342880249,5.100917339324951
Proliferation,0.33,train,122,315,0.41609472036361694,3.954294443130493,5.163934230804443
Proliferation,0.33,train,133,344,0.39301735162734985,3.9589695930480957,5.172932147979736
Proliferation,0.33,train,133,344,0.40938156843185425,3.9371585845947266,5.172932147979736
Proliferation,0.33,train,133,344,0.42813578248023987,3.934574842453003,5.172932147979736
Proliferation,0.33,train,133,344,0.44235268235206604,3.9401865005493164,5.172932147979736
Proliferation,0.33,train,142,370,0.4204775393009186,3.964681625366211,5.211267471313477
Proliferation,0.33,train,142,370,0.42209720611572266,3.9566116333007812,5.211267471313477
Proliferation,0.33,train,168,438,0.35714200139045715,3.9770874977111816,5.214285850524902
Proliferation,0.33,train,186,481,0.32256773114204407,3.9828779697418213,5.1720428466796875
Proliferation,0.33,train,200,519,0.2999970316886902,4.011747360229492,5.190000057220459
Proliferation,0.33,train,199,516,0.30150699615478516,3.9997057914733887,5.185929775238037
Proliferation,0.33,train,199,516,0.3015068769454956,3.988795518875122,5.185929775238037
Proliferation,0.33,train,198,513,0.3030296266078949,3.981863021850586,5.181818008422852
Proliferation,0.33,train,204,528,0.29411453008651733,3.9823503494262695,5.176470756530762
Proliferation,0.33,train,215,560,0.2790689766407013,3.996462821960449,5.2093024253845215
Proliferation,0.33,train,236,622,0.2542368173599243,4.014087677001953,5.271186351776123
Proliferation,0.33,train,264,702,0.22727234661579132,3.9817421436309814,5.318181991577148
Proliferation,0.33,train,269,716,0.22304800152778625,3.97841477394104,5.32342004776001
Proliferation,0.33,train,265,703,0.2264147847890854,3.9614975452423096,5.305660247802734
Proliferation,0.33,train,262,698,0.2290073186159134,3.953051805496216,5.328244209289551
Proliferation,0.33,train,262,698,0.22900734841823578,3.938136339187622,5.328244209289551
Proliferation,0.33,train,262,696,0.22900734841823578,3.9511971473693848,5.312977313995361
Proliferation,0.33,train,277,734,0.21660619974136353,3.991575002670288,5.2996392250061035
Proliferation,0.33,train,284,750,0.21126730740070343,4.024786949157715,5.2816901206970215
Proliferation,0.33,train,321,842,0.18691562116146088,4.099240303039551,5.246106147766113
Proliferation,0.33,train,317,829,0.1892741620540619,4.056057929992676,5.230283737182617
Proliferation,0.33,train,311,814,0.19292576611042023,3.9942595958709717,5.234726905822754
Proliferation,0.33,train,301,788,0.1993352472782135,3.9719173908233643,5.235880374908447
Proliferation,0.33,train,304,797,0.19736811518669128,3.9909844398498535,5.2434210777282715
Proliferation,0.33,train,307,804,0.1954394280910492,4.047236919403076,5.2377848625183105
Proliferation,0.33,train,301,788,0.19933509826660156,3.97921085357666,5.235880374908447
Proliferation,0.33,train,297,778,0.20201992988586426,3.986015796661377,5.2390570640563965
Proliferation,0.33,train,292,768,0.20546865463256836,4.007948875427246,5.2602739334106445
Proliferation,0.33,train,6,9,0.8660253882408142,3.722419500350952,3.0
Proliferation,0.33,train,6,9,0.9601289629936218,3.7323853969573975,3.0
Proliferation,0.33,train,6,9,0.9603379368782043,3.7377240657806396,3.0
Proliferation,0.33,train,6,9,0.9605138897895813,3.741133451461792,3.0
Proliferation,0.33,train,7,11,0.8429994583129883,3.8177969455718994,3.142857074737549
Proliferation,0.33,train,11,20,0.5838190317153931,3.9343652725219727,3.6363637447357178
Proliferation,0.33,train,12,22,0.6570836901664734,3.9157140254974365,3.6666667461395264
Proliferation,0.33,train,12,22,0.8015723824501038,3.9456253051757812,3.6666667461395264
Proliferation,0.33,train,12,22,0.9199815392494202,3.9247562885284424,3.6666667461395264
Proliferation,0.33,train,12,22,0.9515760540962219,3.89737606048584,3.6666667461395264
Proliferation,0.33,train,12,22,0.9534902572631836,3.8805081844329834,3.6666667461395264
Proliferation,0.33,train,12,22,0.9542391896247864,3.870393753051758,3.6666667461395264
Proliferation,0.33,train,16,32,0.7331111431121826,3.94016695022583,4.0
Proliferation,0.33,train,23,49,0.5561157464981079,3.989823341369629,4.26086950302124
Proliferation,0.33,train,23,49,0.6637229919433594,3.937857151031494,4.26086950302124
Proliferation,0.33,train,23,49,0.7845376133918762,3.959913730621338,4.26086950302124
Proliferation,0.33,train,23,49,0.8558784127235413,3.963513135910034,4.26086950302124
Proliferation,0.33,train,23,49,0.8939470052719116,3.9535768032073975,4.26086950302124
Proliferation,0.33,train,23,49,0.9145189523696899,3.944695472717285,4.26086950302124
Proliferation,0.33,train,26,56,0.8210957050323486,4.006850242614746,4.307692527770996
Proliferation,0.33,train,30,66,0.7173436284065247,3.9928131103515625,4.400000095367432
Proliferation,0.33,train,41,97,0.5478688478469849,3.9639267921447754,4.7317070960998535
Proliferation,0.33,train,41,97,0.5870016813278198,3.939610242843628,4.7317070960998535
Proliferation,0.33,train,41,98,0.6388930082321167,3.9506077766418457,4.780488014221191
Proliferation,0.33,train,41,98,0.6820885539054871,3.954841375350952,4.780488014221191
Proliferation,0.33,train,41,98,0.7175535559654236,3.959822416305542,4.780488014221191
Proliferation,0.33,train,41,98,0.7451730966567993,3.9599411487579346,4.780488014221191
Proliferation,0.33,train,46,111,0.6853541731834412,3.9728832244873047,4.82608699798584
Proliferation,0.33,train,52,125,0.6207103133201599,3.975677013397217,4.807692527770996
Proliferation,0.33,train,69,169,0.4854365885257721,3.9613418579101562,4.898550510406494
Proliferation,0.33,train,69,170,0.5091921091079712,3.949657917022705,4.9275360107421875
Proliferation,0.33,train,69,170,0.5402536392211914,3.9654970169067383,4.9275360107421875
Proliferation,0.33,train,69,170,0.5673319101333618,3.952993154525757,4.9275360107421875
Proliferation,0.33,train,69,170,0.589843213558197,3.9416632652282715,4.9275360107421875
Proliferation,0.33,train,69,170,0.6087373495101929,3.9363620281219482,4.9275360107421875
Proliferation,0.33,train,77,193,0.5604751706123352,3.9546549320220947,5.01298713684082
Proliferation,0.33,train,86,216,0.513068675994873,3.9590609073638916,5.023255825042725
Proliferation,0.33,train,109,276,0.41962045431137085,3.9773128032684326,5.064219951629639
Proliferation,0.33,train,109,276,0.43702009320259094,3.9543893337249756,5.064219951629639
Proliferation,0.33,train,109,276,0.4573974013328552,3.9637856483459473,5.064219951629639
Proliferation,0.33,train,109,276,0.4727585017681122,3.968311309814453,5.064219951629639
Proliferation,0.33,train,109,276,0.4857432544231415,3.9659948348999023,5.064219951629639
Proliferation,0.33,train,109,276,0.49751701951026917,3.9594218730926514,5.064219951629639
Proliferation,0.33,train,120,304,0.46176666021347046,3.9597654342651367,5.066666603088379
Proliferation,0.33,train,135,344,0.4176030158996582,3.9514129161834717,5.096296310424805
Proliferation,0.33,train,169,437,0.34330523014068604,3.9461190700531006,5.171597480773926
Proliferation,0.33,train,169,437,0.3522465229034424,3.9345052242279053,5.171597480773926
Proliferation,0.33,train,169,437,0.3544750213623047,3.951540231704712,5.171597480773926
Proliferation,0.33,train,169,437,0.3550295829772949,3.952725648880005,5.171597480773926
Proliferation,0.33,train,169,437,0.3550295829772949,3.9445223808288574,5.171597480773926
Proliferation,0.5,train,6,9,0.8660253882408142,3.722419500350952,3.0
Proliferation,0.5,train,6,9,0.9152424931526184,3.7326347827911377,3.0
Proliferation,0.5,train,6,9,0.9492126107215881,3.7382049560546875,3.0
Proliferation,0.5,train,6,9,0.9604746699333191,3.741366386413574,3.0
Proliferation,0.5,train,6,9,0.9607061743736267,3.74416446685791,3.0
Proliferation,0.5,train,8,13,0.7197905778884888,3.9211554527282715,3.25
Proliferation,0.5,train,9,15,0.6836726069450378,3.9323225021362305,3.3333332538604736
Proliferation,0.5,train,9,15,0.7512866258621216,3.897179126739502,3.3333332538604736
Proliferation,0.5,train,10,17,0.7351366281509399,3.9292988777160645,3.4000000953674316
Proliferation,0.5,train,10,17,0.8091714978218079,3.9244275093078613,3.4000000953674316
Proliferation,0.5,train,12,21,0.7379915118217468,3.9631998538970947,3.5
Proliferation,0.5,train,12,21,0.7974696159362793,3.9607620239257812,3.5
Proliferation,0.5,train,12,21,0.8488512635231018,3.963012456893921,3.5
Proliferation,0.5,train,12,22,0.9032540917396545,3.9113340377807617,3.6666667461395264
Proliferation,0.5,train,12,22,0.9404881596565247,3.867689371109009,3.6666667461395264
Proliferation,0.5,train,12,22,0.9550344944000244,3.852898597717285,3.6666667461395264
Proliferation,0.5,train,12,22,0.9558918476104736,3.8439817428588867,3.6666667461395264
Proliferation,0.5,train,16,32,0.7185988426208496,3.8854990005493164,4.0
Proliferation,0.5,train,18,36,0.6809054613113403,3.8904800415039062,4.0
Proliferation,0.5,train,18,36,0.7460957765579224,3.8663694858551025,4.0
Proliferation,0.5,train,20,40,0.7298406362533569,3.9131267070770264,4.0
Proliferation,0.5,train,20,40,0.8018102645874023,3.9084224700927734,4.0
Proliferation,0.5,train,22,45,0.7938432097434998,3.9146413803100586,4.090909004211426
Proliferation,0.5,train,22,45,0.8412609100341797,3.913494110107422,4.090909004211426
Proliferation,0.5,train,22,45,0.8737272620201111,3.9163894653320312,4.090909004211426
Proliferation,0.5,train,22,45,0.9038436412811279,3.924098014831543,4.090909004211426
Proliferation,0.5,train,22,45,0.9281318187713623,3.921910285949707,4.090909004211426
Proliferation,0.5,train,22,45,0.9416830539703369,3.914560556411743,4.090909004211426
Proliferation,0.5,train,22,46,0.9460317492485046,3.902843713760376,4.181818008422852
Proliferation,0.5,train,28,62,0.7453734278678894,3.9214248657226562,4.4285712242126465
Proliferation,0.5,train,32,72,0.669031023979187,3.92795729637146,4.5
Proliferation,0.5,train,32,73,0.7106180787086487,3.898533582687378,4.5625
Proliferation,0.5,train,36,84,0.6700659990310669,3.894674062728882,4.666666507720947
Proliferation,0.5,train,36,84,0.7075158357620239,3.90429949760437,4.666666507720947
Proliferation,0.5,train,39,90,0.6853331327438354,3.9169647693634033,4.615384578704834
Proliferation,0.5,train,39,90,0.7182003855705261,3.9153168201446533,4.615384578704834
Proliferation,0.5,train,39,90,0.7408673763275146,3.915954113006592,4.615384578704834
Proliferation,0.5,train,39,90,0.765046238899231,3.923823356628418,4.615384578704834
Proliferation,0.5,train,39,90,0.7907423377037048,3.933863639831543,4.615384578704834
Proliferation,0.5,train,39,90,0.8144593834877014,3.9392876625061035,4.615384578704834
Proliferation,0.5,train,39,90,0.8328947424888611,3.9403209686279297,4.615384578704834
Proliferation,0.5,train,47,110,0.7036222815513611,3.950462579727173,4.680850982666016
Proliferation,0.5,train,53,125,0.6335508227348328,3.9578051567077637,4.716980934143066
Proliferation,0.5,train,53,125,0.6549059152603149,3.953178644180298,4.716980934143066
Proliferation,0.5,train,60,142,0.6015178561210632,3.979362964630127,4.733333110809326
Proliferation,0.5,train,60,142,0.6258354783058167,3.9794631004333496,4.733333110809326
Proliferation,0.5,train,66,158,0.591107189655304,3.964350938796997,4.78787899017334
Proliferation,0.5,train,66,158,0.6115373373031616,3.95780611038208,4.78787899017334
Proliferation,0.5,train,66,158,0.6265836358070374,3.959493398666382,4.78787899017334
Proliferation,0.5,train,66,158,0.6423767805099487,3.966765880584717,4.78787899017334
Proliferation,0.5,train,66,158,0.6587094068527222,3.9485256671905518,4.78787899017334
Proliferation,0.5,train,66,158,0.6756909489631653,3.9466192722320557,4.78787899017334
Proliferation,0.5,train,66,158,0.6907587051391602,3.9462122917175293,4.78787899017334
Proliferation,0.5,train,78,191,0.5959179997444153,3.9606995582580566,4.897435665130615
Proliferation,0.5,train,87,215,0.5415558815002441,3.951141119003296,4.94252872467041
Proliferation,0.5,train,87,215,0.5552463531494141,3.9364051818847656,4.94252872467041
Proliferation,0.5,train,98,247,0.5075883865356445,3.949249505996704,5.040816307067871
Proliferation,0.5,train,98,247,0.5239125490188599,3.9551451206207275,5.040816307067871
Proliferation,0.5,train,107,271,0.49567073583602905,3.980923652648926,5.065420627593994
Proliferation,0.5,train,107,271,0.509286642074585,3.967540740966797,5.065420627593994
Proliferation,0.5,train,107,271,0.5192147493362427,3.9557740688323975,5.065420627593994
Proliferation,0.5,train,107,271,0.5288860201835632,3.953127861022949,5.065420627593994
Proliferation,0.5,train,107,271,0.5384960174560547,3.949256181716919,5.065420627593994
Proliferation,0.5,train,107,271,0.548430323600769,3.943209171295166,5.065420627593994
Proliferation,0.5,train,107,271,0.5556963086128235,3.943192720413208,5.065420627593994
Proliferation,0.5,train,123,314,0.4854769706726074,3.985821485519409,5.105690956115723
Proliferation,0.5,train,137,347,0.4369194209575653,3.973823070526123,5.065693378448486
Proliferation,0.5,train,137,347,0.4379473030567169,3.955803871154785,5.065693378448486
Proliferation,0.5,train,151,385,0.39735013246536255,3.973426580429077,5.099337577819824
Proliferation,0.5,train,151,385,0.3973502218723297,3.9749481678009033,5.099337577819824
Proliferation,0.5,train,164,419,0.36585286259651184,3.9921064376831055,5.109755992889404
Proliferation,0.5,train,164,419,0.3658527433872223,3.981569528579712,5.109755992889404
Proliferation,0.5,train,164,419,0.3658526837825775,3.9816017150878906,5.109755992889404
Proliferation,0.5,train,164,419,0.3658526837825775,3.990712881088257,5.109755992889404
Proliferation,0.5,train,164,419,0.3658526837825775,3.994913339614868,5.109755992889404
Proliferation,0.5,train,164,419,0.3658527135848999,3.9956135749816895,5.109755992889404
Proliferation,0.5,train,164,419,0.3658527135848999,3.9929237365722656,5.109755992889404
Proliferation,0.5,train,188,488,0.31914740800857544,4.011018753051758,5.191489219665527
Proliferation,0.5,train,213,559,0.2816890776157379,3.9961631298065186,5.248826503753662
Proliferation,0.5,train,213,559,0.28168949484825134,3.9727938175201416,5.248826503753662
Proliferation,0.5,train,230,607,0.2608691155910492,3.977409839630127,5.278260707855225
Proliferation,0.5,train,231,610,0.2597399055957794,3.9756839275360107,5.28138542175293
Proliferation,0.5,train,253,676,0.2371537983417511,3.959571123123169,5.343873500823975
Proliferation,0.5,train,252,673,0.23809485137462616,3.942195415496826,5.3412699699401855
Proliferation,0.5,train,250,667,0.23999956250190735,3.926072835922241,5.335999965667725
Proliferation,0.5,train,250,667,0.23999953269958496,3.9289770126342773,5.335999965667725
Proliferation,0.5,train,250,667,0.23999951779842377,3.9270548820495605,5.335999965667725
Proliferation,0.5,train,250,667,0.23999951779842377,3.9224724769592285,5.335999965667725
Proliferation,0.5,train,250,667,0.23999953269958496,3.9129159450531006,5.335999965667725
Proliferation,0.5,train,268,719,0.22387973964214325,3.9609410762786865,5.365671634674072
Proliferation,0.5,train,6,9,0.8660253882408142,3.722419500350952,3.0
Proliferation,0.5,train,7,11,0.7114315032958984,3.7981531620025635,3.142857074737549
Proliferation,0.5,train,8,13,0.6827731132507324,3.8640542030334473,3.25
Proliferation,0.5,train,8,13,0.758257269859314,3.820800304412842,3.25
Proliferation,0.5,train,9,15,0.7508490085601807,3.8277294635772705,3.3333332538604736
Proliferation,0.5,train,9,15,0.8300842642784119,3.8260083198547363,3.3333332538604736
Proliferation,0.5,train,9,15,0.8808359503746033,3.8265254497528076,3.3333332538604736
Proliferation,0.5,train,9,15,0.9254872798919678,3.829516887664795,3.3333332538604736
Proliferation,0.5,train,9,15,0.9497555494308472,3.8295352458953857,3.3333332538604736
Proliferation,0.5,train,9,15,0.9563256502151489,3.8231725692749023,3.3333332538604736
Proliferation,0.5,train,10,18,0.8642053604125977,3.8359007835388184,3.5999999046325684
Proliferation,0.5,train,10,18,0.8843663334846497,3.817366123199463,3.5999999046325684
Proliferation,0.5,train,12,22,0.7583500742912292,3.865427255630493,3.6666667461395264
Proliferation,0.5,train,14,28,0.7021603584289551,3.8623006343841553,4.0
Proliferation,0.5,train,16,32,0.6757723093032837,3.94561767578125,4.0
Proliferation,0.5,train,16,32,0.7514398694038391,3.8984808921813965,4.0
Proliferation,0.5,train,18,36,0.7411780953407288,3.9086172580718994,4.0
Proliferation,0.5,train,18,36,0.8167161345481873,3.9117283821105957,4.0
Proliferation,0.5,train,18,36,0.8664662837982178,3.9175758361816406,4.0
Proliferation,0.5,train,18,36,0.9101622104644775,3.91247820854187,4.0
Proliferation,0.5,train,18,36,0.9340870380401611,3.9077746868133545,4.0
Proliferation,0.5,train,18,36,0.9475154876708984,3.9024767875671387,4.0
Proliferation,0.5,train,19,38,0.901178240776062,3.9032440185546875,4.0
Proliferation,0.5,train,19,38,0.9112915992736816,3.8943400382995605,4.0
Proliferation,0.5,train,22,45,0.800315797328949,3.94345760345459,4.090909004211426
Proliferation,0.5,train,25,54,0.732758641242981,3.960160493850708,4.320000171661377
Proliferation,0.5,train,29,64,0.6659982800483704,4.019833564758301,4.413793087005615
Proliferation,0.5,train,29,64,0.7139182090759277,3.970104932785034,4.413793087005615
Proliferation,0.5,train,33,75,0.6760998964309692,3.99118971824646,4.545454502105713
Proliferation,0.5,train,33,75,0.7211258411407471,3.9924020767211914,4.545454502105713
Proliferation,0.5,train,33,75,0.7613344192504883,3.9818379878997803,4.545454502105713
Proliferation,0.5,train,33,75,0.8001365661621094,3.978311777114868,4.545454502105713
Proliferation,0.5,train,33,76,0.8252936005592346,3.9718360900878906,4.60606050491333
Proliferation,0.5,train,33,76,0.8489747643470764,3.965360641479492,4.60606050491333
Proliferation,0.5,train,35,81,0.8191194534301758,3.965494155883789,4.628571510314941
Proliferation,0.5,train,35,81,0.8339258432388306,3.9576961994171143,4.628571510314941
Proliferation,0.5,train,40,94,0.74229896068573,3.9724326133728027,4.699999809265137
Proliferation,0.5,train,45,108,0.6734974980354309,3.9595227241516113,4.800000190734863
Proliferation,0.5,train,51,123,0.6086519360542297,4.000060558319092,4.823529243469238
Proliferation,0.5,train,51,123,0.6312732100486755,3.954615592956543,4.823529243469238
Proliferation,0.5,train,56,136,0.6029094457626343,3.9739396572113037,4.857142925262451
Proliferation,0.5,train,56,136,0.6320496797561646,3.9773733615875244,4.857142925262451
Proliferation,0.5,train,56,136,0.6608681678771973,3.9882404804229736,4.857142925262451
Proliferation,0.5,train,56,136,0.6890919804573059,4.005420684814453,4.857142925262451
Proliferation,0.5,train,56,136,0.707875669002533,4.010985851287842,4.857142925262451
Proliferation,0.5,train,56,136,0.7232853174209595,4.005137920379639,4.857142925262451
Proliferation,0.5,train,59,143,0.7001257538795471,4.00636100769043,4.847457408905029
Proliferation,0.5,train,59,143,0.7131399512290955,3.9954569339752197,4.847457408905029
Proliferation,0.5,train,66,162,0.6468077898025513,3.99733304977417,4.909090995788574
Proliferation,0.5,train,73,179,0.5940473675727844,3.987799644470215,4.904109477996826
Proliferation,0.5,train,84,206,0.5243749618530273,4.024035453796387,4.904761791229248
Proliferation,0.5,train,84,206,0.5380779504776001,3.9913885593414307,4.904761791229248
Proliferation,0.5,train,91,225,0.5137816071510315,3.9928534030914307,4.94505500793457
Proliferation,0.5,train,91,225,0.5333756804466248,3.9994688034057617,4.94505500793457
Proliferation,0.5,train,91,225,0.5540602207183838,3.9976108074188232,4.94505500793457
Proliferation,0.5,train,91,225,0.5756651759147644,3.988067388534546,4.94505500793457
Proliferation,0.5,train,91,225,0.5908240079879761,3.9828851222991943,4.94505500793457
Proliferation,0.5,train,91,225,0.6031602025032043,3.9701364040374756,4.94505500793457
Proliferation,0.5,train,96,238,0.5820344090461731,3.982177734375,4.958333492279053
Proliferation,0.5,train,96,238,0.5914141535758972,3.9583003520965576,4.958333492279053
Proliferation,0.5,train,106,265,0.5430630445480347,3.966992139816284,5.0
Proliferation,0.5,train,116,293,0.5023424625396729,3.9557247161865234,5.051723957061768
Proliferation,0.5,train,134,343,0.4392714202404022,4.001326084136963,5.119402885437012
Proliferation,0.5,train,134,343,0.44410601258277893,3.964319944381714,5.119402885437012
Proliferation,0.5,train,144,369,0.4166651964187622,3.9595654010772705,5.125
Proliferation,0.5,train,144,369,0.41666480898857117,3.9413740634918213,5.125
Proliferation,0.5,train,144,369,0.4166647493839264,3.932650327682495,5.125
Proliferation,0.5,train,144,369,0.41666486859321594,3.9288508892059326,5.125
Proliferation,0.5,train,144,369,0.4166650176048279,3.9316117763519287,5.125
Proliferation,0.5,train,144,369,0.4166652262210846,3.932701587677002,5.125
Proliferation,0.5,train,152,391,0.3947267532348633,3.9518561363220215,5.1447367668151855
Proliferation,0.5,train,152,391,0.3947351276874542,3.947122573852539,5.1447367668151855
Proliferation,0.5,train,167,434,0.35928046703338623,3.967137098312378,5.197604656219482
Proliferation,0.5,train,179,467,0.335194855928421,3.959345817565918,5.21787691116333
Proliferation,0.5,train,204,528,0.29411718249320984,3.9749181270599365,5.176470756530762
Proliferation,0.5,train,204,528,0.29411715269088745,3.9423935413360596,5.176470756530762
Proliferation,0.5,train,217,565,0.27649715542793274,3.944481611251831,5.207373142242432
Proliferation,0.5,train,219,571,0.2739720046520233,3.9476542472839355,5.214612007141113
Proliferation,0.5,train,219,570,0.2739719748497009,3.9474568367004395,5.205479621887207
Proliferation,0.5,train,218,567,0.27522867918014526,3.955430507659912,5.201834678649902
Proliferation,0.5,train,218,567,0.2752286493778229,3.94452166557312,5.201834678649902
Proliferation,0.5,train,217,565,0.2764970362186432,3.9363484382629395,5.207373142242432
Proliferation,0.5,train,222,579,0.2702691853046417,3.947890281677246,5.216216087341309
Proliferation,0.5,train,223,582,0.2690575122833252,3.957693099975586,5.219730854034424
Proliferation,0.5,train,6,9,0.8660253882408142,3.722419500350952,3.0
Proliferation,0.5,train,6,9,0.9599815011024475,3.732395887374878,3.0
Proliferation,0.5,train,6,9,0.9603374600410461,3.737732172012329,3.0
Proliferation,0.5,train,6,9,0.9605137705802917,3.741137742996216,3.0
Proliferation,0.5,train,6,9,0.9607166647911072,3.7441413402557373,3.0
Proliferation,0.5,train,7,11,0.8206077814102173,3.8709564208984375,3.142857074737549
Proliferation,0.5,train,7,11,0.8436356782913208,3.8278558254241943,3.142857074737549
Proliferation,0.5,train,9,15,0.687372624874115,3.893602132797241,3.3333332538604736
Proliferation,0.5,train,12,22,0.5711420178413391,3.9015872478485107,3.6666667461395264
Proliferation,0.5,train,12,22,0.6652660965919495,3.8779399394989014,3.6666667461395264
Proliferation,0.5,train,12,22,0.7646597027778625,3.8887710571289062,3.6666667461395264
Proliferation,0.5,train,12,22,0.8510997891426086,3.901322603225708,3.6666667461395264
Proliferation,0.5,train,12,22,0.9238076210021973,3.885702133178711,3.6666667461395264
Proliferation,0.5,train,12,22,0.9534086585044861,3.8619110584259033,3.6666667461395264
Proliferation,0.5,train,12,22,0.9552958011627197,3.848004102706909,3.6666667461395264
Proliferation,0.5,train,12,22,0.9558607935905457,3.8403637409210205,3.6666667461395264
Proliferation,0.5,train,12,22,0.9562530517578125,3.8354079723358154,3.6666667461395264
Proliferation,0.5,train,14,28,0.818886935710907,3.9097845554351807,4.0
Proliferation,0.5,train,14,28,0.8404137492179871,3.8415985107421875,4.0
Proliferation,0.5,train,18,38,0.6824721097946167,3.9057459831237793,4.222222328186035
Proliferation,0.5,train,22,46,0.6095678806304932,3.948516607284546,4.181818008422852
Proliferation,0.5,train,22,46,0.6931261420249939,3.9327468872070312,4.181818008422852
Proliferation,0.5,train,22,46,0.7786737084388733,3.9504926204681396,4.181818008422852
Proliferation,0.5,train,22,46,0.848357617855072,3.965256452560425,4.181818008422852
Proliferation,0.5,train,22,46,0.8916706442832947,3.9686126708984375,4.181818008422852
Proliferation,0.5,train,22,46,0.918892502784729,3.9655466079711914,4.181818008422852
Proliferation,0.5,train,22,46,0.9314424395561218,3.9574027061462402,4.181818008422852
Proliferation,0.5,train,22,46,0.9385622143745422,3.948864221572876,4.181818008422852
Proliferation,0.5,train,22,46,0.9427919983863831,3.9416310787200928,4.181818008422852
Proliferation,0.5,train,25,53,0.830453097820282,3.9791343212127686,4.239999771118164
Proliferation,0.5,train,25,53,0.8358615040779114,3.95766544342041,4.239999771118164
Proliferation,0.5,train,31,69,0.6924601197242737,3.9792959690093994,4.451612949371338
Proliferation,0.5,train,38,89,0.5942970514297485,3.944631576538086,4.684210300445557
Proliferation,0.5,train,38,89,0.6300624012947083,3.9536468982696533,4.684210300445557
Proliferation,0.5,train,38,89,0.6687526106834412,3.9571170806884766,4.684210300445557
Proliferation,0.5,train,38,89,0.7088640928268433,3.962691068649292,4.684210300445557
Proliferation,0.5,train,38,89,0.7428610920906067,3.9632115364074707,4.684210300445557
Proliferation,0.5,train,38,89,0.7736046314239502,3.9530317783355713,4.684210300445557
Proliferation,0.5,train,38,89,0.7992925047874451,3.9551408290863037,4.684210300445557
Proliferation,0.5,train,38,89,0.8199556469917297,3.9576516151428223,4.684210300445557
Proliferation,0.5,train,38,89,0.8375756144523621,3.960070848464966,4.684210300445557
Proliferation,0.5,train,42,99,0.7714781761169434,3.981905937194824,4.714285850524902
Proliferation,0.5,train,42,99,0.7830756306648254,3.9695913791656494,4.714285850524902
Proliferation,0.5,train,51,120,0.6555419564247131,3.9924323558807373,4.705882549285889
Proliferation,0.5,train,62,148,0.5561510920524597,3.98456072807312,4.77419376373291
Proliferation,0.5,train,62,148,0.5775758028030396,3.9745724201202393,4.77419376373291
Proliferation,0.5,train,62,148,0.6035276651382446,3.9792416095733643,4.77419376373291
Proliferation,0.5,train,62,148,0.6303292512893677,3.971698522567749,4.77419376373291
Proliferation,0.5,train,62,148,0.6522501111030579,3.9820163249969482,4.77419376373291
Proliferation,0.5,train,62,148,0.6716184020042419,3.9876089096069336,4.77419376373291
Proliferation,0.5,train,62,148,0.6890450716018677,3.981142997741699,4.77419376373291
Proliferation,0.5,train,62,148,0.704308271408081,3.97359037399292,4.77419376373291
Proliferation,0.5,train,62,148,0.718137264251709,3.9716665744781494,4.77419376373291
Proliferation,0.5,train,68,164,0.6663953065872192,3.971822500228882,4.823529243469238
Proliferation,0.5,train,68,164,0.6771972179412842,3.9640395641326904,4.823529243469238
Proliferation,0.5,train,82,203,0.5711828470230103,3.9695167541503906,4.95121955871582
Proliferation,0.5,train,98,245,0.4912174642086029,3.974212646484375,5.0
Proliferation,0.5,train,98,245,0.5046412944793701,3.960731267929077,5.0
Proliferation,0.5,train,98,245,0.5200581550598145,3.9649159908294678,5.0
Proliferation,0.5,train,98,245,0.5378729104995728,3.9677622318267822,5.0
Proliferation,0.5,train,98,245,0.5526933670043945,3.9843974113464355,5.0
Proliferation,0.5,train,98,245,0.5646860003471375,3.9795024394989014,5.0
Proliferation,0.5,train,98,245,0.5759004950523376,3.9656620025634766,5.0
Proliferation,0.5,train,98,245,0.586330771446228,3.9599952697753906,5.0
Proliferation,0.5,train,98,245,0.5960047245025635,3.9550209045410156,5.0
Proliferation,0.5,train,107,269,0.5541533827781677,3.972301959991455,5.0280375480651855
Proliferation,0.5,train,107,269,0.5587183833122253,3.948190450668335,5.0280375480651855
Proliferation,0.5,train,127,318,0.47178488969802856,3.965245485305786,5.007874011993408
Proliferation,0.5,train,150,381,0.3998855650424957,3.9565412998199463,5.079999923706055
Proliferation,0.5,train,150,381,0.39996445178985596,3.944904327392578,5.079999923706055
Proliferation,0.5,train,150,381,0.3999990224838257,3.9487483501434326,5.079999923706055
Proliferation,0.5,train,150,381,0.3999989330768585,3.953019618988037,5.079999923706055
Proliferation,0.5,train,150,381,0.39999884366989136,3.964938163757324,5.079999923706055
Proliferation,0.5,train,150,381,0.39999887347221375,3.9618635177612305,5.079999923706055
Proliferation,0.5,train,150,381,0.3999989330768585,3.952336311340332,5.079999923706055
Proliferation,0.5,train,150,381,0.3999989926815033,3.948021650314331,5.079999923706055
Proliferation,0.5,train,150,381,0.3999990224838257,3.9459152221679688,5.079999923706055
Proliferation,0.5,train,164,421,0.3658522665500641,3.9715497493743896,5.134146213531494
Proliferation,0.5,train,164,421,0.36585190892219543,3.978644847869873,5.134146213531494
Proliferation,0.5,train,200,525,0.29999908804893494,3.9678995609283447,5.25
Proliferation,0.5,train,235,621,0.25531861186027527,3.967022657394409,5.285106182098389
Proliferation,0.5,train,235,621,0.25531870126724243,3.9324865341186523,5.285106182098389
Proliferation,0.5,train,235,621,0.2553187608718872,3.931241989135742,5.285106182098389
Proliferation,0.5,train,235,621,0.25531870126724243,3.9404101371765137,5.285106182098389
Proliferation,0.5,train,235,621,0.25531864166259766,3.950904369354248,5.285106182098389
Proliferation,0.5,train,235,621,0.25531864166259766,3.9500837326049805,5.285106182098389
Proliferation,0.5,train,235,621,0.25531861186027527,3.94020676612854,5.285106182098389
Proliferation,0.5,train,235,621,0.25531861186027527,3.9341859817504883,5.285106182098389
Proliferation,0.5,train,235,621,0.25531822443008423,3.9325180053710938,5.285106182098389
Proliferation,0.5,train,243,643,0.24691279232501984,3.9508419036865234,5.292181015014648
Proliferation,0.5,train,240,634,0.24999919533729553,3.992535352706909,5.2833333015441895
Proliferation,0.5,train,280,737,0.21428526937961578,4.054274559020996,5.264285564422607
Proliferation,0.5,train,320,848,0.18749967217445374,4.1425652503967285,5.300000190734863
Proliferation,0.5,train,311,823,0.19292573630809784,4.022738933563232,5.292604446411133
Proliferation,0.5,train,300,793,0.19999970495700836,3.9699199199676514,5.2866668701171875
Proliferation,0.5,train,299,791,0.20066861808300018,3.976468563079834,5.2909698486328125
Proliferation,0.5,train,298,788,0.20134200155735016,3.986936092376709,5.288590431213379
Proliferation,0.5,train,295,778,0.20338957011699677,3.972292184829712,5.274576187133789
Proliferation,0.5,train,294,774,0.20408137142658234,3.957019567489624,5.265305995941162
Proliferation,0.5,train,293,772,0.20477789640426636,3.9480247497558594,5.269624710083008
Proliferation,0.5,train,291,768,0.20618529617786407,3.9420320987701416,5.278350353240967
Proliferation,0.5,train,290,766,0.20689629018306732,3.946768045425415,5.282758712768555
Proliferation,0.5,train,291,769,0.20618528127670288,3.9564452171325684,5.285223484039307
Proliferation,0.5,train,293,776,0.20477786660194397,3.9912562370300293,5.296928405761719
Proliferation,0.5,train,287,757,0.20905892550945282,4.0038065910339355,5.275261402130127
Proliferation,0.75,train,6,9,0.8660253882408142,3.722419500350952,3.0
Proliferation,0.75,train,6,9,0.9031935334205627,3.733093023300171,3.0
Proliferation,0.75,train,6,9,0.9284984469413757,3.7387313842773438,3.0
Proliferation,0.75,train,6,9,0.9509879946708679,3.7418019771575928,3.0
Proliferation,0.75,train,6,9,0.9606466293334961,3.744342088699341,3.0
Proliferation,0.75,train,6,9,0.960895836353302,3.747169256210327,3.0
Proliferation,0.75,train,6,9,0.9611007571220398,3.7502925395965576,3.0
Proliferation,0.75,train,8,13,0.716597318649292,3.944500207901001,3.25
Proliferation,0.75,train,8,13,0.7359887361526489,3.8833155632019043,3.25
Proliferation,0.75,train,9,15,0.6894604563713074,3.906344413757324,3.3333332538604736
Proliferation,0.75,train,9,15,0.734897255897522,3.881824493408203,3.3333332538604736
Proliferation,0.75,train,9,15,0.7806212306022644,3.875986337661743,3.3333332538604736
Proliferation,0.75,train,10,17,0.7409833669662476,3.900254011154175,3.4000000953674316
Proliferation,0.75,train,10,17,0.7914454936981201,3.8903560638427734,3.4000000953674316
Proliferation,0.75,train,12,21,0.701375424861908,3.9443883895874023,3.5
Proliferation,0.75,train,12,21,0.7464859485626221,3.91217041015625,3.5
Proliferation,0.75,train,12,21,0.7880105972290039,3.909337043762207,3.5
Proliferation,0.75,train,12,21,0.8219420909881592,3.91036319732666,3.5
Proliferation,0.75,train,12,21,0.8558297157287598,3.9135019779205322,3.5
Proliferation,0.75,train,12,21,0.8897174000740051,3.91759991645813,3.5
Proliferation,0.75,train,12,21,0.9180871844291687,3.903287887573242,3.5
Proliferation,0.75,train,12,21,0.9424118399620056,3.87504506111145,3.5
Proliferation,0.75,train,12,21,0.953873872756958,3.861544370651245,3.5
Proliferation,0.75,train,12,21,0.9546198844909668,3.852154016494751,3.5
Proliferation,0.75,train,12,21,0.9550921320915222,3.846085786819458,3.5
Proliferation,0.75,train,16,31,0.714239776134491,3.979116439819336,3.875
Proliferation,0.75,train,16,31,0.7353342771530151,3.8914718627929688,3.875
Proliferation,0.75,train,18,35,0.6868501305580139,3.9062232971191406,3.8888888359069824
Proliferation,0.75,train,18,35,0.7315953373908997,3.8885867595672607,3.8888888359069824
Proliferation,0.75,train,18,35,0.7765302658081055,3.8841333389282227,3.8888888359069824
Proliferation,0.75,train,20,39,0.7373596429824829,3.9519762992858887,3.9000000953674316
Proliferation,0.75,train,20,39,0.7860645055770874,3.934492826461792,3.9000000953674316
Proliferation,0.75,train,22,44,0.760469377040863,3.973975419998169,4.0
Proliferation,0.75,train,22,44,0.8038413524627686,3.955298662185669,4.0
Proliferation,0.75,train,22,44,0.8354461193084717,3.949509620666504,4.0
Proliferation,0.75,train,22,44,0.858694851398468,3.9490244388580322,4.0
Proliferation,0.75,train,22,44,0.882530927658081,3.952036142349243,4.0
Proliferation,0.75,train,22,45,0.9076642394065857,3.9418861865997314,4.090909004211426
Proliferation,0.75,train,22,45,0.9264954924583435,3.9315149784088135,4.090909004211426
Proliferation,0.75,train,22,45,0.9405928254127502,3.922111749649048,4.090909004211426
Proliferation,0.75,train,22,45,0.9487367272377014,3.9137275218963623,4.090909004211426
Proliferation,0.75,train,22,45,0.9506702423095703,3.905654191970825,4.090909004211426
Proliferation,0.75,train,22,45,0.9520740509033203,3.899343252182007,4.090909004211426
Proliferation,0.75,train,28,61,0.7462940216064453,3.9862873554229736,4.357142925262451
Proliferation,0.75,train,28,61,0.7578818202018738,3.928210973739624,4.357142925262451
Proliferation,0.75,train,32,71,0.6873914003372192,3.9313507080078125,4.4375
Proliferation,0.75,train,32,71,0.7227478623390198,3.92387056350708,4.4375
Proliferation,0.75,train,32,71,0.7586684226989746,3.9324560165405273,4.4375
Proliferation,0.75,train,36,80,0.7049662470817566,4.002403259277344,4.44444465637207
Proliferation,0.75,train,36,80,0.7387808561325073,3.9887516498565674,4.44444465637207
Proliferation,0.75,train,40,92,0.692568302154541,3.9989962577819824,4.599999904632568
Proliferation,0.75,train,40,93,0.7216113805770874,3.966202974319458,4.650000095367432
Proliferation,0.75,train,40,93,0.7498564720153809,3.951887845993042,4.650000095367432
Proliferation,0.75,train,40,93,0.7662534117698669,3.9538772106170654,4.650000095367432
Proliferation,0.75,train,40,93,0.7815102338790894,3.954005718231201,4.650000095367432
Proliferation,0.75,train,40,93,0.7979273796081543,3.949249267578125,4.650000095367432
Proliferation,0.75,train,40,93,0.8156678080558777,3.9429574012756348,4.650000095367432
Proliferation,0.75,train,40,93,0.8341584205627441,3.927095413208008,4.650000095367432
Proliferation,0.75,train,40,93,0.8517508506774902,3.923152208328247,4.650000095367432
Proliferation,0.75,train,40,93,0.865749716758728,3.9204089641571045,4.650000095367432
Proliferation,0.75,train,40,93,0.8774796724319458,3.9186081886291504,4.650000095367432
Proliferation,0.75,train,47,110,0.7554172873497009,3.9338579177856445,4.680850982666016
Proliferation,0.75,train,47,110,0.7619139552116394,3.9094221591949463,4.680850982666016
Proliferation,0.75,train,54,129,0.6710057258605957,3.9301562309265137,4.777777671813965
Proliferation,0.75,train,54,129,0.6868020296096802,3.9230899810791016,4.777777671813965
Proliferation,0.75,train,54,129,0.7039695978164673,3.929086685180664,4.777777671813965
Proliferation,0.75,train,61,148,0.6403474807739258,3.953022003173828,4.852458953857422
Proliferation,0.75,train,61,148,0.6581804752349854,3.956049919128418,4.852458953857422
Proliferation,0.75,train,67,163,0.6159077286720276,4.000667572021484,4.865671634674072
Proliferation,0.75,train,67,163,0.6326228976249695,3.976938247680664,4.865671634674072
Proliferation,0.75,train,67,163,0.6490625739097595,3.9742887020111084,4.865671634674072
Proliferation,0.75,train,67,163,0.6609818935394287,3.9745073318481445,4.865671634674072
Proliferation,0.75,train,67,163,0.6723833084106445,3.978066921234131,4.865671634674072
Proliferation,0.75,train,67,163,0.6839097738265991,3.972848892211914,4.865671634674072
Proliferation,0.75,train,67,163,0.6959516406059265,3.972381591796875,4.865671634674072
Proliferation,0.75,train,67,163,0.7085087299346924,3.975191831588745,4.865671634674072
Proliferation,0.75,train,67,163,0.721409022808075,3.968714475631714,4.865671634674072
Proliferation,0.75,train,67,163,0.7336007952690125,3.9615073204040527,4.865671634674072
Proliferation,0.75,train,67,163,0.7448194026947021,3.954082489013672,4.865671634674072
Proliferation,0.75,train,79,195,0.6405139565467834,3.9967503547668457,4.936708927154541
Proliferation,0.75,train,79,195,0.6484060883522034,3.9491677284240723,4.936708927154541
Proliferation,0.75,train,90,224,0.5752847194671631,3.9398322105407715,4.97777795791626
Proliferation,0.75,train,90,224,0.5860750079154968,3.9301791191101074,4.97777795791626
Proliferation,0.75,train,90,224,0.5989400148391724,3.9231815338134766,4.97777795791626
Proliferation,0.75,train,99,248,0.5572165846824646,3.929950475692749,5.010100841522217
Proliferation,0.75,train,99,248,0.570730984210968,3.918848752975464,5.010100841522217
Proliferation,0.75,train,108,270,0.5360191464424133,3.9678914546966553,5.0
Proliferation,0.75,train,108,270,0.5473612546920776,3.952214002609253,5.0
Proliferation,0.75,train,108,270,0.5525012612342834,3.959688901901245,5.0
Proliferation,0.75,train,108,270,0.5549573302268982,3.969181776046753,5.0
Proliferation,0.75,train,108,270,0.5555555820465088,3.9713730812072754,5.0
Proliferation,0.75,train,6,9,0.8660253882408142,3.722419500350952,3.0
Proliferation,0.75,train,7,11,0.6930218935012817,3.7985587120056152,3.142857074737549
Proliferation,0.75,train,7,11,0.7400232553482056,3.7893831729888916,3.142857074737549
Proliferation,0.75,train,8,13,0.6871476769447327,3.8478195667266846,3.25
Proliferation,0.75,train,8,13,0.7389559149742126,3.8101718425750732,3.25
Proliferation,0.75,train,9,15,0.6999698281288147,3.8329713344573975,3.3333332538604736
Proliferation,0.75,train,9,15,0.7585923671722412,3.81361722946167,3.3333332538604736
Proliferation,0.75,train,9,15,0.8137288093566895,3.81142258644104,3.3333332538604736
Proliferation,0.75,train,9,15,0.8547650575637817,3.8118886947631836,3.3333332538604736
Proliferation,0.75,train,9,15,0.8853405714035034,3.8133113384246826,3.3333332538604736
Proliferation,0.75,train,9,15,0.9156386256217957,3.8159756660461426,3.3333332538604736
Proliferation,0.75,train,9,15,0.9380679726600647,3.8176374435424805,3.3333332538604736
Proliferation,0.75,train,9,15,0.953440248966217,3.818899393081665,3.3333332538604736
Proliferation,0.75,train,9,15,0.9578114748001099,3.816066265106201,3.3333332538604736
Proliferation,0.75,train,9,15,0.9582797288894653,3.814039945602417,3.3333332538604736
Proliferation,0.75,train,10,18,0.8667783737182617,3.8383421897888184,3.5999999046325684
Proliferation,0.75,train,10,18,0.8804837465286255,3.8223609924316406,3.5999999046325684
Proliferation,0.75,train,11,20,0.811572790145874,3.852126359939575,3.6363637447357178
Proliferation,0.75,train,12,22,0.7621790766716003,3.829932928085327,3.6666667461395264
Proliferation,0.75,train,14,28,0.6877660751342773,3.848499298095703,4.0
Proliferation,0.75,train,14,28,0.7356157898902893,3.822343587875366,4.0
Proliferation,0.75,train,16,33,0.684382975101471,3.9014129638671875,4.125
Proliferation,0.75,train,16,33,0.7372632622718811,3.845276355743408,4.125
Proliferation,0.75,train,18,37,0.6988345980644226,3.8719804286956787,4.111111164093018
Proliferation,0.75,train,18,37,0.7532494068145752,3.8529226779937744,4.111111164093018
Proliferation,0.75,train,18,37,0.8065931797027588,3.853790760040283,4.111111164093018
Proliferation,0.75,train,18,37,0.8482759594917297,3.857802152633667,4.111111164093018
Proliferation,0.75,train,18,37,0.8769174814224243,3.861030101776123,4.111111164093018
Proliferation,0.75,train,18,37,0.9057791829109192,3.86665940284729,4.111111164093018
Proliferation,0.75,train,18,37,0.9279439449310303,3.871443033218384,4.111111164093018
Proliferation,0.75,train,18,37,0.9427268505096436,3.875227212905884,4.111111164093018
Proliferation,0.75,train,18,37,0.951783299446106,3.873396158218384,4.111111164093018
Proliferation,0.75,train,18,37,0.9537312984466553,3.8689253330230713,4.111111164093018
Proliferation,0.75,train,19,39,0.9050708413124084,3.871619462966919,4.1052632331848145
Proliferation,0.75,train,19,39,0.9124936461448669,3.8644402027130127,4.1052632331848145
Proliferation,0.75,train,21,44,0.8315253257751465,3.9143378734588623,4.190476417541504
Proliferation,0.75,train,23,49,0.7719713449478149,3.8995039463043213,4.26086950302124
Proliferation,0.75,train,24,51,0.7642517685890198,3.9049150943756104,4.25
Proliferation,0.75,train,24,51,0.7949202656745911,3.9081554412841797,4.25
Proliferation,0.75,train,27,57,0.7326372861862183,3.95628023147583,4.222222328186035
Proliferation,0.75,train,27,57,0.7670729756355286,3.9403817653656006,4.222222328186035
Proliferation,0.75,train,31,68,0.6997355818748474,3.97074294090271,4.387096881866455
Proliferation,0.75,train,31,68,0.7308022379875183,3.9606246948242188,4.387096881866455
Proliferation,0.75,train,31,68,0.7622412443161011,3.9663920402526855,4.387096881866455
Proliferation,0.75,train,31,68,0.7886260151863098,3.955448627471924,4.387096881866455
Proliferation,0.75,train,31,68,0.8133253455162048,3.9486424922943115,4.387096881866455
Proliferation,0.75,train,31,68,0.8386856317520142,3.952563762664795,4.387096881866455
Proliferation,0.75,train,31,68,0.8600234985351562,3.954754114151001,4.387096881866455
Proliferation,0.75,train,31,68,0.8763858675956726,3.949547290802002,4.387096881866455
Proliferation,0.75,train,31,69,0.8928835988044739,3.9456028938293457,4.451612949371338
Proliferation,0.75,train,31,70,0.907985508441925,3.928227186203003,4.516129016876221
Proliferation,0.75,train,33,75,0.8624545931816101,3.925565242767334,4.545454502105713
Proliferation,0.75,train,33,75,0.8694808483123779,3.917088270187378,4.545454502105713
Proliferation,0.75,train,37,84,0.7805058360099792,3.992337703704834,4.54054069519043
Proliferation,0.75,train,40,92,0.729252815246582,3.949169158935547,4.599999904632568
Proliferation,0.75,train,42,97,0.7095851898193359,3.9362704753875732,4.61904764175415
Proliferation,0.75,train,42,97,0.7237206101417542,3.938713788986206,4.61904764175415
Proliferation,0.75,train,47,108,0.6594823598861694,4.000992774963379,4.595744609832764
Proliferation,0.75,train,47,108,0.6805575489997864,3.9811995029449463,4.595744609832764
Proliferation,0.75,train,53,125,0.6272909641265869,3.992384672164917,4.716980934143066
Proliferation,0.75,train,53,125,0.6518120765686035,3.9920482635498047,4.716980934143066
Proliferation,0.75,train,53,126,0.6756897568702698,3.983035087585449,4.754716873168945
Proliferation,0.75,train,53,126,0.6975237727165222,3.977776527404785,4.754716873168945
Proliferation,0.75,train,53,126,0.7183991074562073,3.972653388977051,4.754716873168945
Proliferation,0.75,train,53,126,0.7384787797927856,3.973543643951416,4.754716873168945
Proliferation,0.75,train,53,126,0.7552677989006042,3.9691638946533203,4.754716873168945
Proliferation,0.75,train,53,126,0.7675580382347107,3.9619967937469482,4.754716873168945
Proliferation,0.75,train,53,126,0.7792315483093262,3.9583258628845215,4.754716873168945
Proliferation,0.75,train,53,126,0.7907290458679199,3.957566738128662,4.754716873168945
Proliferation,0.75,train,56,133,0.7589154839515686,3.9603984355926514,4.75
Proliferation,0.75,train,56,133,0.7687486410140991,3.9576191902160645,4.75
Proliferation,0.75,train,63,153,0.691250205039978,3.9709348678588867,4.857142925262451
Proliferation,0.75,train,68,165,0.6466434001922607,3.950451612472534,4.852941036224365
Proliferation,0.75,train,71,173,0.6264894604682922,3.950796604156494,4.873239517211914
Proliferation,0.75,train,71,173,0.6356385946273804,3.944138765335083,4.873239517211914
Proliferation,0.75,train,80,197,0.5718585848808289,3.9687869548797607,4.925000190734863
Proliferation,0.75,train,80,197,0.5828582048416138,3.9544479846954346,4.925000190734863
Proliferation,0.75,train,87,215,0.549667477607727,3.962764263153076,4.94252872467041
Proliferation,0.75,train,87,215,0.5657414197921753,3.9617438316345215,4.94252872467041
Proliferation,0.75,train,87,215,0.5835354924201965,3.971229314804077,4.94252872467041
Proliferation,0.75,train,87,215,0.6006845235824585,3.975689649581909,4.94252872467041
Proliferation,0.75,train,87,215,0.6177957653999329,3.9732303619384766,4.94252872467041
Proliferation,0.75,train,87,215,0.6349962949752808,3.9767022132873535,4.94252872467041
Proliferation,0.75,train,87,215,0.649757444858551,3.9810776710510254,4.94252872467041
Proliferation,0.75,train,87,215,0.6603633165359497,3.9790611267089844,4.94252872467041
Proliferation,0.75,train,87,215,0.6695501804351807,3.975908041000366,4.94252872467041
Proliferation,0.75,train,87,215,0.6762629747390747,3.9742119312286377,4.94252872467041
Proliferation,0.75,train,92,228,0.6441634297370911,3.980494976043701,4.956521511077881
Proliferation,0.75,train,92,228,0.6483274698257446,3.971909523010254,4.956521511077881
Proliferation,0.75,train,101,251,0.592490553855896,3.985369920730591,4.970296859741211
Proliferation,0.75,train,109,275,0.549899160861969,3.9667179584503174,5.045871734619141
Proliferation,0.75,train,113,286,0.5308911204338074,3.949291229248047,5.061946868896484
Proliferation,0.75,train,113,286,0.5309734344482422,3.943392753601074,5.061946868896484
Proliferation,0.75,train,6,9,0.8660253882408142,3.722419500350952,3.0
Proliferation,0.75,train,6,9,0.9584569334983826,3.7323668003082275,3.0
Proliferation,0.75,train,6,9,0.9603355526924133,3.737748384475708,3.0
Proliferation,0.75,train,6,9,0.960513174533844,3.741144895553589,3.0
Proliferation,0.75,train,6,9,0.9607164263725281,3.744145154953003,3.0
Proliferation,0.75,train,6,9,0.9609209895133972,3.747201919555664,3.0
Proliferation,0.75,train,6,9,0.96111661195755,3.750396966934204,3.0
Proliferation,0.75,train,6,9,0.9612998366355896,3.7537100315093994,3.0
Proliferation,0.75,train,7,11,0.8273693323135376,3.818936586380005,3.142857074737549
Proliferation,0.75,train,7,11,0.8468936085700989,3.795543670654297,3.142857074737549
Proliferation,0.75,train,8,13,0.7632508873939514,3.835367441177368,3.25
Proliferation,0.75,train,11,19,0.5773797035217285,3.9273414611816406,3.454545497894287
Proliferation,0.75,train,12,21,0.5768070816993713,3.8997623920440674,3.5
Proliferation,0.75,train,12,21,0.6411082744598389,3.882145643234253,3.5
Proliferation,0.75,train,12,21,0.7086799740791321,3.8863165378570557,3.5
Proliferation,0.75,train,12,21,0.7738468647003174,3.8935813903808594,3.5
Proliferation,0.75,train,12,21,0.8305523991584778,3.899643659591675,3.5
Proliferation,0.75,train,12,21,0.884037971496582,3.9061577320098877,3.5
Proliferation,0.75,train,12,21,0.9267857670783997,3.9105594158172607,3.5
Proliferation,0.75,train,12,21,0.9484454989433289,3.907440423965454,3.5
Proliferation,0.75,train,12,21,0.951347827911377,3.8974950313568115,3.5
Proliferation,0.75,train,12,21,0.9519723057746887,3.88925838470459,3.5
Proliferation,0.75,train,12,21,0.9525032043457031,3.882415533065796,3.5
Proliferation,0.75,train,12,21,0.9529803395271301,3.876553773880005,3.5
Proliferation,0.75,train,12,21,0.9534189105033875,3.8714468479156494,3.5
Proliferation,0.75,train,12,21,0.9538276195526123,3.866959571838379,3.5
Proliferation,0.75,train,14,26,0.8206559419631958,3.890943765640259,3.7142856121063232
Proliferation,0.75,train,14,26,0.8396808505058289,3.8689591884613037,3.7142856121063232
Proliferation,0.75,train,16,30,0.7558164596557617,3.912750244140625,3.75
Proliferation,0.75,train,22,46,0.5740849375724792,3.944176435470581,4.181818008422852
Proliferation,0.75,train,24,51,0.5718842148780823,3.8828258514404297,4.25
Proliferation,0.75,train,24,51,0.6350441575050354,3.8600246906280518,4.25
Proliferation,0.75,train,24,51,0.7004697918891907,3.8584136962890625,4.25
Proliferation,0.75,train,24,51,0.7644023895263672,3.8663623332977295,4.25
Proliferation,0.75,train,24,51,0.818217933177948,3.87951922416687,4.25
Proliferation,0.75,train,24,51,0.8677937388420105,3.8972508907318115,4.25
Proliferation,0.75,train,24,51,0.9069619178771973,3.9122512340545654,4.25
Proliferation,0.75,train,24,51,0.9322266578674316,3.9147870540618896,4.25
Proliferation,0.75,train,24,51,0.9403691291809082,3.9066579341888428,4.25
Proliferation,0.75,train,24,51,0.9434151649475098,3.897799491882324,4.25
Proliferation,0.75,train,24,51,0.9453816413879395,3.890171766281128,4.25
Proliferation,0.75,train,24,51,0.9468293190002441,3.883615493774414,4.25
Proliferation,0.75,train,24,51,0.9479882717132568,3.8779776096343994,4.25
Proliferation,0.75,train,24,51,0.9489714503288269,3.8731305599212646,4.25
Proliferation,0.75,train,27,59,0.8449700474739075,3.880244255065918,4.370370388031006
Proliferation,0.75,train,27,59,0.8530406951904297,3.879564046859741,4.370370388031006
Proliferation,0.75,train,31,69,0.7570256590843201,3.9015417098999023,4.451612949371338
Proliferation,0.75,train,40,92,0.6044918894767761,3.9444847106933594,4.599999904632568
Proliferation,0.75,train,43,100,0.58669114112854,3.9231507778167725,4.651162624359131
Proliferation,0.75,train,43,100,0.6165297031402588,3.9115302562713623,4.651162624359131
Proliferation,0.75,train,43,100,0.6454463005065918,3.9196741580963135,4.651162624359131
Proliferation,0.75,train,43,100,0.673158586025238,3.9325051307678223,4.651162624359131
Proliferation,0.75,train,43,100,0.7039629220962524,3.9479129314422607,4.651162624359131
Proliferation,0.75,train,43,100,0.7331337928771973,3.958747625350952,4.651162624359131
Proliferation,0.75,train,43,100,0.7577665448188782,3.956191301345825,4.651162624359131
Proliferation,0.75,train,43,100,0.7824123501777649,3.9569547176361084,4.651162624359131
Proliferation,0.75,train,43,100,0.802710771560669,3.95695424079895,4.651162624359131
Proliferation,0.75,train,43,100,0.8192042112350464,3.9565141201019287,4.651162624359131
Proliferation,0.75,train,43,100,0.8336236476898193,3.955967426300049,4.651162624359131
Proliferation,0.75,train,43,100,0.8464340567588806,3.9554014205932617,4.651162624359131
Proliferation,0.75,train,43,100,0.8578832149505615,3.9548492431640625,4.651162624359131
Proliferation,0.75,train,43,100,0.8680950403213501,3.954280376434326,4.651162624359131
Proliferation,0.75,train,47,110,0.8024100661277771,3.963768720626831,4.680850982666016
Proliferation,0.75,train,47,110,0.809287428855896,3.953242540359497,4.680850982666016
Proliferation,0.75,train,55,132,0.699069619178772,3.947298049926758,4.800000190734863
Proliferation,0.75,train,69,170,0.5693114399909973,3.9703032970428467,4.9275360107421875
Proliferation,0.75,train,74,184,0.5427972078323364,3.9566667079925537,4.972972869873047
Proliferation,0.75,train,74,184,0.5563082098960876,3.943300485610962,4.972972869873047
Proliferation,0.75,train,74,184,0.5722726583480835,3.933709144592285,4.972972869873047
Proliferation,0.75,train,74,184,0.5886936187744141,3.936826229095459,4.972972869873047
Proliferation,0.75,train,74,184,0.607297956943512,3.9362974166870117,4.972972869873047
Proliferation,0.75,train,74,184,0.6266934275627136,3.941765546798706,4.972972869873047
Proliferation,0.75,train,74,184,0.6424956321716309,3.9424047470092773,4.972972869873047
Proliferation,0.75,train,74,184,0.6577476859092712,3.944483518600464,4.972972869873047
Proliferation,0.75,train,74,184,0.6719551682472229,3.939321994781494,4.972972869873047
Proliferation,0.75,train,74,184,0.6843768954277039,3.926396608352661,4.972972869873047
Proliferation,0.75,train,74,184,0.6955373287200928,3.923584461212158,4.972972869873047
Proliferation,0.75,train,74,184,0.7058489918708801,3.9234445095062256,4.972972869873047
Proliferation,0.75,train,74,184,0.7155052423477173,3.9244120121002197,4.972972869873047
Proliferation,0.75,train,74,184,0.724615216255188,3.9259400367736816,4.972972869873047
Proliferation,0.75,train,80,199,0.6782622933387756,3.9248194694519043,4.974999904632568
Proliferation,0.75,train,80,199,0.6858488321304321,3.922510862350464,4.974999904632568
Proliferation,0.75,train,90,223,0.6150462031364441,3.9213318824768066,4.955555438995361
Proliferation,0.75,train,110,274,0.511550784111023,3.954127550125122,4.981818199157715
Proliferation,0.75,train,118,294,0.48568958044052124,3.94558048248291,4.98305082321167
Proliferation,0.75,train,118,294,0.4945890009403229,3.9413745403289795,4.98305082321167
Proliferation,0.75,train,118,294,0.5021078586578369,3.9497880935668945,4.98305082321167
Proliferation,0.75,train,118,294,0.5067464113235474,3.962632894515991,4.98305082321167
Proliferation,1.1,train,6,9,0.8660253882408142,3.722419500350952,3.0
Proliferation,1.1,train,6,9,0.8941487669944763,3.7335121631622314,3.0
Proliferation,1.1,train,6,9,0.9152982831001282,3.7396209239959717,3.0
Proliferation,1.1,train,6,9,0.9307110905647278,3.742748975753784,3.0
Proliferation,1.1,train,6,9,0.9590652585029602,3.747406244277954,3.0
Proliferation,1.1,train,6,9,0.9610593318939209,3.750244140625,3.0
Proliferation,1.1,train,6,9,0.9612593650817871,3.7534492015838623,3.0
Proliferation,1.1,train,6,9,0.9614382386207581,3.756812334060669,3.0
Proliferation,1.1,train,7,11,0.8197563886642456,3.8629090785980225,3.142857074737549
Proliferation,1.1,train,8,13,0.723671555519104,3.857357978820801,3.25
Proliferation,1.1,train,9,15,0.6613330841064453,3.927018404006958,3.3333332538604736
Proliferation,1.1,train,9,15,0.7184845209121704,3.86529541015625,3.3333332538604736
Proliferation,1.1,train,9,15,0.7495124936103821,3.8632328510284424,3.3333332538604736
Proliferation,1.1,train,9,15,0.7805372476577759,3.8641319274902344,3.3333332538604736
Proliferation,1.1,train,9,15,0.8115221261978149,3.866424560546875,3.3333332538604736
Proliferation,1.1,train,10,17,0.7961224317550659,3.8701584339141846,3.4000000953674316
Proliferation,1.1,train,11,19,0.7562862634658813,3.904461622238159,3.454545497894287
Proliferation,1.1,train,12,21,0.7226620316505432,3.8603174686431885,3.5
Proliferation,1.1,train,12,21,0.7560274004936218,3.844938278198242,3.5
Proliferation,1.1,train,12,21,0.8097631335258484,3.8352859020233154,3.5
Proliferation,1.1,train,12,21,0.832846462726593,3.8344390392303467,3.5
Proliferation,1.1,train,12,21,0.8559296727180481,3.834737539291382,3.5
Proliferation,1.1,train,12,21,0.9020740985870361,3.837297201156616,3.5
Proliferation,1.1,train,12,21,0.91957026720047,3.8367464542388916,3.5
Proliferation,1.1,train,12,21,0.9351229667663574,3.8363516330718994,3.5
Proliferation,1.1,train,12,21,0.9505594372749329,3.8364150524139404,3.5
Proliferation,1.1,train,12,21,0.9570420384407043,3.833108901977539,3.5
Proliferation,1.1,train,12,21,0.9573826789855957,3.832174062728882,3.5
Proliferation,1.1,train,12,21,0.9576871991157532,3.831632614135742,3.5
Proliferation,1.1,train,12,21,0.9579651951789856,3.831390380859375,3.5
Proliferation,1.1,train,15,27,0.7773172855377197,3.875159502029419,3.5999999046325684
Proliferation,1.1,train,17,31,0.7000718712806702,3.9182286262512207,3.6470587253570557
Proliferation,1.1,train,17,31,0.7267489433288574,3.9077417850494385,3.6470587253570557
Proliferation,1.1,train,17,32,0.7819900512695312,3.8948068618774414,3.7647058963775635
Proliferation,1.1,train,17,32,0.8091033697128296,3.8916146755218506,3.7647058963775635
Proliferation,1.1,train,19,37,0.7448795437812805,3.9253458976745605,3.8947367668151855
Proliferation,1.1,train,19,37,0.7754022479057312,3.9076967239379883,3.8947367668151855
Proliferation,1.1,train,22,44,0.724892795085907,3.9664618968963623,4.0
Proliferation,1.1,train,22,44,0.7584450244903564,3.940298557281494,4.0
Proliferation,1.1,train,22,44,0.7880090475082397,3.934373617172241,4.0
Proliferation,1.1,train,22,44,0.8123329281806946,3.932581901550293,4.0
Proliferation,1.1,train,22,44,0.8538636565208435,3.9314262866973877,4.0
Proliferation,1.1,train,22,44,0.8738508820533752,3.917489767074585,4.0
Proliferation,1.1,train,22,44,0.8941421508789062,3.916522741317749,4.0
Proliferation,1.1,train,22,44,0.9262064099311829,3.9170281887054443,4.0
Proliferation,1.1,train,22,44,0.9389166235923767,3.9173104763031006,4.0
Proliferation,1.1,train,22,45,0.9501355886459351,3.8956258296966553,4.090909004211426
Proliferation,1.1,train,22,45,0.9516109228134155,3.886695146560669,4.090909004211426
Proliferation,1.1,train,22,45,0.9527490735054016,3.880157709121704,4.090909004211426
Proliferation,1.1,train,22,45,0.9531894326210022,3.878277540206909,4.090909004211426
Proliferation,1.1,train,24,49,0.8718488812446594,3.9213571548461914,4.083333492279053
Proliferation,1.1,train,28,60,0.7540376782417297,3.900899887084961,4.285714149475098
Proliferation,1.1,train,32,68,0.6939950585365295,3.915924310684204,4.25
Proliferation,1.1,train,32,68,0.7199843525886536,3.918842315673828,4.25
Proliferation,1.1,train,32,68,0.7464855313301086,3.92763090133667,4.25
Proliferation,1.1,train,35,76,0.7290976643562317,3.9693424701690674,4.342857360839844
Proliferation,1.1,train,35,76,0.7528867721557617,3.9614768028259277,4.342857360839844
Proliferation,1.1,train,35,76,0.7793813347816467,3.9671082496643066,4.342857360839844
Proliferation,1.1,train,38,84,0.7410261631011963,4.006623268127441,4.4210524559021
Proliferation,1.1,train,39,87,0.7673017978668213,3.9865784645080566,4.461538314819336
Proliferation,1.1,train,39,87,0.7857699990272522,3.9791853427886963,4.461538314819336
Proliferation,1.1,train,39,87,0.7980214357376099,3.9779229164123535,4.461538314819336
Proliferation,1.1,train,39,87,0.821384847164154,3.97990345954895,4.461538314819336
Proliferation,1.1,train,39,87,0.8337070941925049,3.963238000869751,4.461538314819336
Proliferation,1.1,train,39,87,0.846750020980835,3.943727970123291,4.461538314819336
Proliferation,1.1,train,39,87,0.8596156239509583,3.9395625591278076,4.461538314819336
Proliferation,1.1,train,39,87,0.8842008709907532,3.939006805419922,4.461538314819336
Proliferation,1.1,train,39,87,0.8942854404449463,3.937985897064209,4.461538314819336
Proliferation,1.1,train,39,87,0.9020968675613403,3.936582565307617,4.461538314819336
Proliferation,1.1,train,39,87,0.908686637878418,3.93493914604187,4.461538314819336
Proliferation,1.1,train,43,98,0.833748996257782,3.959420919418335,4.558139324188232
Proliferation,1.1,train,47,109,0.7651109099388123,3.9407055377960205,4.638298034667969
Proliferation,1.1,train,47,109,0.768102765083313,3.9288668632507324,4.638298034667969
Proliferation,1.1,train,55,131,0.6765375137329102,3.928015947341919,4.763636589050293
Proliferation,1.1,train,55,131,0.693170428276062,3.9272260665893555,4.763636589050293
Proliferation,1.1,train,55,131,0.7100231051445007,3.929995536804199,4.763636589050293
Proliferation,1.1,train,55,131,0.7268744111061096,3.9360501766204834,4.763636589050293
Proliferation,1.1,train,60,146,0.698871374130249,3.93908953666687,4.866666793823242
Proliferation,1.1,train,60,146,0.7162671685218811,3.936476707458496,4.866666793823242
Proliferation,1.1,train,67,164,0.656964898109436,3.9271395206451416,4.895522594451904
Proliferation,1.1,train,67,164,0.6715578436851501,3.9112229347229004,4.895522594451904
Proliferation,1.1,train,67,164,0.6945648193359375,3.901944398880005,4.895522594451904
Proliferation,1.1,train,67,164,0.7028296589851379,3.901911497116089,4.895522594451904
Proliferation,1.1,train,67,164,0.7109449505805969,3.9038305282592773,4.895522594451904
Proliferation,1.1,train,67,164,0.7276723980903625,3.9120683670043945,4.895522594451904
Proliferation,1.1,train,67,164,0.7364051938056946,3.910714626312256,4.895522594451904
Proliferation,1.1,train,67,164,0.7454507946968079,3.9129884243011475,4.895522594451904
Proliferation,1.1,train,67,164,0.7549033164978027,3.912079334259033,4.895522594451904
Proliferation,1.1,train,67,164,0.7738921642303467,3.912445068359375,4.895522594451904
Proliferation,1.1,train,67,164,0.7826717495918274,3.9131019115448,4.895522594451904
Proliferation,1.1,train,67,164,0.790894091129303,3.9139485359191895,4.895522594451904
Proliferation,1.1,train,67,164,0.7986356616020203,3.9149224758148193,4.895522594451904
Proliferation,1.1,train,78,190,0.6978534460067749,3.9241437911987305,4.871794700622559
Proliferation,1.1,train,89,217,0.6137317419052124,3.9521219730377197,4.876404285430908
Proliferation,1.1,train,89,217,0.6205198168754578,3.9436826705932617,4.876404285430908
Proliferation,1.1,train,89,217,0.6387629508972168,3.9489848613739014,4.876404285430908
Proliferation,1.1,train,89,217,0.649258017539978,3.9534647464752197,4.876404285430908
Proliferation,1.1,train,96,235,0.6115052700042725,3.977341651916504,4.895833492279053
Proliferation,1.1,train,96,235,0.6183410882949829,3.967076539993286,4.895833492279053
Proliferation,1.1,train,104,256,0.5759902596473694,3.9933393001556396,4.92307710647583
Proliferation,1.1,train,107,264,0.5601237416267395,3.9822754859924316,4.934579372406006
Proliferation,1.1,train,107,264,0.5603199601173401,3.976043224334717,4.934579372406006
Proliferation,1.1,train,107,264,0.5606639385223389,3.969552516937256,4.934579372406006
Proliferation,1.1,train,7,11,0.6812959909439087,3.7994160652160645,3.142857074737549
Proliferation,1.1,train,7,11,0.7128930687904358,3.7887303829193115,3.142857074737549
Proliferation,1.1,train,7,11,0.746015191078186,3.7849559783935547,3.142857074737549
Proliferation,1.1,train,8,13,0.7109494805335999,3.8097872734069824,3.25
Proliferation,1.1,train,8,13,0.7480006814002991,3.797976493835449,3.25
Proliferation,1.1,train,9,15,0.6923180818557739,3.839256763458252,3.3333332538604736
Proliferation,1.1,train,9,15,0.7310156226158142,3.8125627040863037,3.3333332538604736
Proliferation,1.1,train,9,15,0.8099195957183838,3.8034825325012207,3.3333332538604736
Proliferation,1.1,train,9,15,0.840869665145874,3.804703950881958,3.3333332538604736
Proliferation,1.1,train,9,15,0.8638700842857361,3.8062329292297363,3.3333332538604736
Proliferation,1.1,train,9,15,0.8845388889312744,3.8083572387695312,3.3333332538604736
Proliferation,1.1,train,9,15,0.9257688522338867,3.813370704650879,3.3333332538604736
Proliferation,1.1,train,9,15,0.9392774105072021,3.8152215480804443,3.3333332538604736
Proliferation,1.1,train,9,15,0.9497253894805908,3.817147970199585,3.3333332538604736
Proliferation,1.1,train,9,15,0.9592322111129761,3.8182668685913086,3.3333332538604736
Proliferation,1.1,train,9,15,0.959538996219635,3.8185391426086426,3.3333332538604736
Proliferation,1.1,train,10,17,0.8603935241699219,3.8844902515411377,3.4000000953674316
Proliferation,1.1,train,10,17,0.8673713803291321,3.845460891723633,3.4000000953674316
Proliferation,1.1,train,10,17,0.8867846727371216,3.822566509246826,3.4000000953674316
Proliferation,1.1,train,11,19,0.8120014667510986,3.8301820755004883,3.454545497894287
Proliferation,1.1,train,12,21,0.7559049725532532,3.8284475803375244,3.5
Proliferation,1.1,train,14,26,0.6951178908348083,3.8385396003723145,3.7142856121063232
Proliferation,1.1,train,14,26,0.7283678650856018,3.82889986038208,3.7142856121063232
Proliferation,1.1,train,14,26,0.7616485953330994,3.825207233428955,3.7142856121063232
Proliferation,1.1,train,16,30,0.6914478540420532,3.890943765640259,3.75
Proliferation,1.1,train,16,30,0.7635942697525024,3.869748592376709,3.75
Proliferation,1.1,train,18,34,0.7093742489814758,3.886183023452759,3.777777671813965
Proliferation,1.1,train,18,34,0.7499117255210876,3.874471426010132,3.777777671813965
Proliferation,1.1,train,18,34,0.78778475522995,3.8753840923309326,3.777777671813965
Proliferation,1.1,train,18,34,0.8465996980667114,3.8818445205688477,3.777777671813965
Proliferation,1.1,train,18,34,0.8672758936882019,3.88346529006958,3.777777671813965
Proliferation,1.1,train,18,34,0.8867089152336121,3.8867716789245605,3.777777671813965
Proliferation,1.1,train,18,35,0.9240373969078064,3.8887057304382324,3.8888888359069824
Proliferation,1.1,train,18,35,0.9343212842941284,3.884775400161743,3.8888888359069824
Proliferation,1.1,train,18,35,0.9447072148323059,3.884943723678589,3.8888888359069824
Proliferation,1.1,train,18,35,0.9507744908332825,3.881617546081543,3.8888888359069824
Proliferation,1.1,train,18,35,0.9530063271522522,3.8727493286132812,3.8888888359069824
Proliferation,1.1,train,19,37,0.9036920666694641,3.869319200515747,3.8947367668151855
Proliferation,1.1,train,19,37,0.9088305234909058,3.8632755279541016,3.8947367668151855
Proliferation,1.1,train,19,37,0.9138858914375305,3.8606953620910645,3.8947367668151855
Proliferation,1.1,train,23,47,0.7612845301628113,3.88623046875,4.08695650100708
Proliferation,1.1,train,26,55,0.6875061392784119,3.9139018058776855,4.230769157409668
Proliferation,1.1,train,26,55,0.7071958184242249,3.8778340816497803,4.230769157409668
Proliferation,1.1,train,26,55,0.7587724924087524,3.869520902633667,4.230769157409668
Proliferation,1.1,train,29,61,0.7033666372299194,3.945382833480835,4.206896781921387
Proliferation,1.1,train,29,61,0.7265568971633911,3.9126148223876953,4.206896781921387
Proliferation,1.1,train,29,61,0.7565557360649109,3.9140806198120117,4.206896781921387
Proliferation,1.1,train,33,70,0.717484176158905,3.961134910583496,4.242424011230469
Proliferation,1.1,train,33,70,0.7479981780052185,3.972360849380493,4.242424011230469
Proliferation,1.1,train,33,70,0.774527907371521,3.9844179153442383,4.242424011230469
Proliferation,1.1,train,33,70,0.7963054180145264,3.9965243339538574,4.242424011230469
Proliferation,1.1,train,33,72,0.8342130184173584,3.9933979511260986,4.363636493682861
Proliferation,1.1,train,33,72,0.8520022034645081,3.991666793823242,4.363636493682861
Proliferation,1.1,train,33,72,0.868797779083252,3.9988245964050293,4.363636493682861
Proliferation,1.1,train,33,72,0.8893831968307495,4.01446533203125,4.363636493682861
Proliferation,1.1,train,33,72,0.8993058800697327,4.022207736968994,4.363636493682861
Proliferation,1.1,train,33,73,0.9097692966461182,4.018431186676025,4.4242424964904785
Proliferation,1.1,train,33,73,0.9170122146606445,4.014804840087891,4.4242424964904785
Proliferation,1.1,train,35,77,0.8735801577568054,4.006355285644531,4.400000095367432
Proliferation,1.1,train,35,77,0.8777269721031189,4.0006608963012695,4.400000095367432
Proliferation,1.1,train,35,77,0.8823488354682922,3.9979183673858643,4.400000095367432
Proliferation,1.1,train,40,91,0.7756150364875793,4.007104396820068,4.550000190734863
Proliferation,1.1,train,44,102,0.7223069667816162,3.9851865768432617,4.636363506317139
Proliferation,1.1,train,44,102,0.733508825302124,3.975985527038574,4.636363506317139
Proliferation,1.1,train,44,102,0.7462904453277588,3.9776999950408936,4.636363506317139
Proliferation,1.1,train,50,117,0.6798496842384338,3.996952533721924,4.679999828338623
Proliferation,1.1,train,50,117,0.6990646123886108,3.9943015575408936,4.679999828338623
Proliferation,1.1,train,56,134,0.640604555606842,3.954113245010376,4.785714149475098
Proliferation,1.1,train,56,134,0.6575556397438049,3.9292845726013184,4.785714149475098
Proliferation,1.1,train,56,134,0.6897864937782288,3.9343841075897217,4.785714149475098
Proliferation,1.1,train,56,134,0.7053571939468384,3.9397432804107666,4.785714149475098
Proliferation,1.1,train,56,134,0.7208132147789001,3.9446747303009033,4.785714149475098
Proliferation,1.1,train,56,134,0.7362750768661499,3.9496943950653076,4.785714149475098
Proliferation,1.1,train,56,134,0.7672958374023438,3.962873935699463,4.785714149475098
Proliferation,1.1,train,56,134,0.7805444598197937,3.9636387825012207,4.785714149475098
Proliferation,1.1,train,56,134,0.7899479269981384,3.9681715965270996,4.785714149475098
Proliferation,1.1,train,56,134,0.8073235750198364,3.980153799057007,4.785714149475098
Proliferation,1.1,train,56,134,0.8157903552055359,3.984661102294922,4.785714149475098
Proliferation,1.1,train,60,143,0.7690284848213196,3.994027614593506,4.766666889190674
Proliferation,1.1,train,60,143,0.7763326168060303,3.9765782356262207,4.766666889190674
Proliferation,1.1,train,60,143,0.7893878817558289,3.9771533012390137,4.766666889190674
Proliferation,1.1,train,64,155,0.7457286715507507,4.000059604644775,4.84375
Proliferation,1.1,train,67,164,0.7163589000701904,3.9908556938171387,4.895522594451904
Proliferation,1.1,train,73,179,0.6674969792366028,3.969083547592163,4.904109477996826
Proliferation,1.1,train,73,179,0.67368483543396,3.970407247543335,4.904109477996826
Proliferation,1.1,train,73,179,0.6805943250656128,3.9758379459381104,4.904109477996826
Proliferation,1.1,train,82,201,0.610807478427887,4.005781173706055,4.902439117431641
Proliferation,1.1,train,82,201,0.6303104162216187,3.9766933917999268,4.902439117431641
Proliferation,1.1,train,90,223,0.5850160717964172,3.94545316696167,4.955555438995361
Proliferation,1.1,train,90,223,0.5960116982460022,3.9422590732574463,4.955555438995361
Proliferation,1.1,train,90,223,0.6079905033111572,3.9456427097320557,4.955555438995361
Proliferation,1.1,train,90,223,0.6325167417526245,3.9508206844329834,4.955555438995361
Proliferation,1.1,train,90,223,0.6447566747665405,3.9519171714782715,4.955555438995361
Proliferation,1.1,train,90,223,0.6562337875366211,3.951695442199707,4.955555438995361
Proliferation,1.1,train,90,223,0.6658142805099487,3.961801767349243,4.955555438995361
Proliferation,1.1,train,90,223,0.6665686964988708,3.9651761054992676,4.955555438995361
Proliferation,1.1,train,6,9,0.8660253882408142,3.722419500350952,3.0
Proliferation,1.1,train,6,9,0.9553689956665039,3.732269048690796,3.0
Proliferation,1.1,train,6,9,0.9605124592781067,3.741154670715332,3.0
Proliferation,1.1,train,6,9,0.9607162475585938,3.7441494464874268,3.0
Proliferation,1.1,train,6,9,0.9609211087226868,3.7472057342529297,3.0
Proliferation,1.1,train,6,9,0.9611168503761292,3.7504003047943115,3.0
Proliferation,1.1,train,6,9,0.961469829082489,3.7571067810058594,3.0
Proliferation,1.1,train,6,9,0.9616263508796692,3.760538339614868,3.0
Proliferation,1.1,train,6,9,0.9617705345153809,3.763975143432617,3.0
Proliferation,1.1,train,7,11,0.8326422572135925,3.8047313690185547,3.142857074737549
Proliferation,1.1,train,7,11,0.8462094664573669,3.7957375049591064,3.142857074737549
Proliferation,1.1,train,8,13,0.7500820159912109,3.8594608306884766,3.25
Proliferation,1.1,train,9,15,0.683610200881958,3.8612921237945557,3.3333332538604736
Proliferation,1.1,train,12,21,0.5586089491844177,3.9039642810821533,3.5
Proliferation,1.1,train,12,21,0.5997506380081177,3.856430768966675,3.5
Proliferation,1.1,train,12,21,0.6458157896995544,3.842402219772339,3.5
Proliferation,1.1,train,12,21,0.6915457844734192,3.8409106731414795,3.5
Proliferation,1.1,train,12,21,0.7816615104675293,3.8435943126678467,3.5
Proliferation,1.1,train,12,21,0.8205223679542542,3.8440399169921875,3.5
Proliferation,1.1,train,12,21,0.8585780262947083,3.845576047897339,3.5
Proliferation,1.1,train,12,21,0.9234819412231445,3.8474009037017822,3.5
Proliferation,1.1,train,12,21,0.944131076335907,3.8467960357666016,3.5
Proliferation,1.1,train,12,21,0.9533742070198059,3.8425204753875732,3.5
Proliferation,1.1,train,12,21,0.9544126987457275,3.8378772735595703,3.5
Proliferation,1.1,train,12,21,0.955303430557251,3.8311767578125,3.5
Proliferation,1.1,train,12,21,0.9556868076324463,3.8286941051483154,3.5
Proliferation,1.1,train,12,21,0.956043541431427,3.8266332149505615,3.5
Proliferation,1.1,train,12,21,0.956378698348999,3.8249289989471436,3.5
Proliferation,1.1,train,12,21,0.9569975733757019,3.822415590286255,3.5
Proliferation,1.1,train,14,26,0.818855881690979,3.912508249282837,3.7142856121063232
Proliferation,1.1,train,14,26,0.8236060738563538,3.8520781993865967,3.7142856121063232
Proliferation,1.1,train,16,30,0.7396910786628723,3.910693645477295,3.75
Proliferation,1.1,train,16,30,0.7586135864257812,3.8888139724731445,3.75
Proliferation,1.1,train,20,41,0.6234525442123413,3.969402313232422,4.099999904632568
Proliferation,1.1,train,22,46,0.5925126671791077,3.926523447036743,4.181818008422852
Proliferation,1.1,train,23,48,0.6480267643928528,3.885638475418091,4.17391300201416
Proliferation,1.1,train,23,48,0.6919184327125549,3.8849472999572754,4.17391300201416
Proliferation,1.1,train,23,48,0.7358508110046387,3.8877317905426025,4.17391300201416
Proliferation,1.1,train,23,48,0.7786442041397095,3.8917455673217773,4.17391300201416
Proliferation,1.1,train,23,48,0.8523473143577576,3.900482177734375,4.17391300201416
Proliferation,1.1,train,23,48,0.8863406777381897,3.906548500061035,4.17391300201416
Proliferation,1.1,train,23,48,0.912909984588623,3.913243055343628,4.17391300201416
Proliferation,1.1,train,23,48,0.946033239364624,3.9161581993103027,4.17391300201416
Proliferation,1.1,train,23,48,0.9494959712028503,3.911832332611084,4.17391300201416
Proliferation,1.1,train,23,48,0.9503893852233887,3.9083940982818604,4.17391300201416
Proliferation,1.1,train,23,48,0.9510321617126465,3.9055776596069336,4.17391300201416
Proliferation,1.1,train,23,48,0.9520496129989624,3.9012248516082764,4.17391300201416
Proliferation,1.1,train,23,48,0.9524917006492615,3.899524450302124,4.17391300201416
Proliferation,1.1,train,23,48,0.9529039263725281,3.898071527481079,4.17391300201416
Proliferation,1.1,train,23,48,0.9536586999893188,3.895773410797119,4.17391300201416
Proliferation,1.1,train,25,52,0.8766686320304871,3.9176297187805176,4.159999847412109
Proliferation,1.1,train,25,52,0.8818075656890869,3.906275749206543,4.159999847412109
Proliferation,1.1,train,25,52,0.8888748288154602,3.9039318561553955,4.159999847412109
Proliferation,1.1,train,32,70,0.7167315483093262,3.932468891143799,4.375
Proliferation,1.1,train,38,84,0.6195394396781921,3.944805860519409,4.4210524559021
Proliferation,1.1,train,40,88,0.6118170022964478,3.934662342071533,4.400000095367432
Proliferation,1.1,train,40,88,0.6396968364715576,3.9342808723449707,4.400000095367432
Proliferation,1.1,train,40,89,0.6973462104797363,3.9460768699645996,4.449999809265137
Proliferation,1.1,train,40,89,0.7206104397773743,3.946483612060547,4.449999809265137
Proliferation,1.1,train,40,89,0.7451256513595581,3.9577574729919434,4.449999809265137
Proliferation,1.1,train,40,90,0.7957578301429749,3.9701199531555176,4.5
Proliferation,1.1,train,40,90,0.817896842956543,3.9806301593780518,4.5
Proliferation,1.1,train,40,90,0.8374592065811157,3.9920661449432373,4.5
Proliferation,1.1,train,40,90,0.855172336101532,3.998870372772217,4.5
Proliferation,1.1,train,40,90,0.880061149597168,3.9984042644500732,4.5
Proliferation,1.1,train,40,90,0.8890037536621094,3.9970908164978027,4.5
Proliferation,1.1,train,40,90,0.8968101739883423,3.995666027069092,4.5
Proliferation,1.1,train,40,90,0.9035981297492981,3.9942352771759033,4.5
Proliferation,1.1,train,40,90,0.9143802523612976,3.9906272888183594,4.5
Proliferation,1.1,train,40,90,0.9185737371444702,3.988154172897339,4.5
Proliferation,1.1,train,40,90,0.9221084713935852,3.9853363037109375,4.5
Proliferation,1.1,train,44,101,0.8428145051002502,3.968075752258301,4.590909004211426
Proliferation,1.1,train,44,101,0.8451904058456421,3.9603843688964844,4.590909004211426
Proliferation,1.1,train,50,115,0.7439216375350952,3.9778809547424316,4.599999904632568
Proliferation,1.1,train,50,115,0.7548490166664124,3.954526662826538,4.599999904632568
Proliferation,1.1,train,66,159,0.5908260941505432,3.9396111965179443,4.818181991577148
Proliferation,1.1,train,69,168,0.5761202573776245,3.9347803592681885,4.869565010070801
Proliferation,1.1,train,69,168,0.5893344879150391,3.9297831058502197,4.869565010070801
Proliferation,1.1,train,69,168,0.6027015447616577,3.9279847145080566,4.869565010070801
Proliferation,1.1,train,69,168,0.6312811970710754,3.9370436668395996,4.869565010070801
Proliferation,1.1,train,69,168,0.6466395258903503,3.94469952583313,4.869565010070801
Proliferation,1.1,train,69,168,0.6622684597969055,3.9525094032287598,4.869565010070801
Proliferation,1.1,train,69,168,0.690843403339386,3.9497644901275635,4.869565010070801
Proliferation,1.1,train,69,168,0.703771710395813,3.9498188495635986,4.869565010070801
Proliferation,1.1,train,69,168,0.7168903350830078,3.9450480937957764,4.869565010070801
Proliferation,1.1,train,69,168,0.7285900115966797,3.9403796195983887,4.869565010070801
Proliferation,1.1,train,69,169,0.7484617829322815,3.937263011932373,4.898550510406494
Proliferation,1.1,train,69,169,0.7573643326759338,3.9380784034729004,4.898550510406494
Proliferation,1.1,train,69,169,0.7656087875366211,3.934816598892212,4.898550510406494
Proliferation,1.1,train,69,169,0.7734670639038086,3.933821201324463,4.898550510406494
Proliferation,1.1,train,69,169,0.7881457805633545,3.936798572540283,4.898550510406494
Proliferation,1.1,train,69,169,0.7950024008750916,3.9387197494506836,4.898550510406494
Proliferation,1.1,train,74,180,0.7474023103713989,3.934286594390869,4.864864826202393
Proliferation,1.1,train,84,206,0.6682561635971069,3.992854595184326,4.904761791229248
Proliferation,1.1,train,84,206,0.673007071018219,3.9380617141723633,4.904761791229248
Proliferation,1.1,train,92,224,0.6218774318695068,3.9381628036499023,4.869565010070801
Proliferation,1.1,train,106,262,0.5465238094329834,3.933359384536743,4.943396091461182
Proliferation,1.1,train,110,272,0.5376534461975098,3.9245150089263916,4.9454545974731445
Proliferation,1.1,train,110,272,0.5416921377182007,3.9296963214874268,4.9454545974731445
Proliferation,1.1,train,110,272,0.545141875743866,3.937469720840454,4.9454545974731445
Proliferation,1.1,train,110,272,0.5454369187355042,3.9488070011138916,4.9454545974731445
Proliferation,1.25,train,6,9,0.8660253882408142,3.722419500350952,3.0
Proliferation,1.25,train,6,9,0.8918036818504333,3.7336504459381104,3.0
Proliferation,1.25,train,6,9,0.9116313457489014,3.7399370670318604,3.0
Proliferation,1.25,train,6,9,0.9390719532966614,3.7455055713653564,3.0
Proliferation,1.25,train,6,9,0.952648937702179,3.7477200031280518,3.0
Proliferation,1.25,train,6,9,0.9612407088279724,3.7533960342407227,3.0
Proliferation,1.25,train,6,9,0.9614243507385254,3.756730318069458,3.0
Proliferation,1.25,train,6,9,0.9615897536277771,3.7601559162139893,3.0
Proliferation,1.25,train,6,9,0.9618776440620422,3.7670505046844482,3.0
Proliferation,1.25,train,8,13,0.7162092328071594,3.8758480548858643,3.25
Proliferation,1.25,train,9,15,0.6685665845870972,3.890493154525757,3.3333332538604736
Proliferation,1.25,train,9,15,0.694932222366333,3.8670654296875,3.3333332538604736
Proliferation,1.25,train,9,15,0.7494694590568542,3.8606021404266357,3.3333332538604736
Proliferation,1.25,train,9,15,0.7767593860626221,3.8617985248565674,3.3333332538604736
Proliferation,1.25,train,9,15,0.8038823008537292,3.8638949394226074,3.3333332538604736
Proliferation,1.25,train,10,17,0.7780857086181641,3.872594118118286,3.4000000953674316
Proliferation,1.25,train,10,17,0.8107345700263977,3.865764617919922,3.4000000953674316
Proliferation,1.25,train,12,21,0.7284429669380188,3.8512067794799805,3.5
Proliferation,1.25,train,12,21,0.7572755813598633,3.8399484157562256,3.5
Proliferation,1.25,train,12,21,0.8057057857513428,3.8322038650512695,3.5
Proliferation,1.25,train,12,21,0.8262290358543396,3.8307034969329834,3.5
Proliferation,1.25,train,12,21,0.8465220928192139,3.8301899433135986,3.5
Proliferation,1.25,train,12,21,0.8869655132293701,3.8319027423858643,3.5
Proliferation,1.25,train,12,21,0.9071101546287537,3.833200454711914,3.5
Proliferation,1.25,train,12,21,0.9351177215576172,3.832709550857544,3.5
Proliferation,1.25,train,12,21,0.9487462639808655,3.833054304122925,3.5
Proliferation,1.25,train,12,21,0.95719313621521,3.832327127456665,3.5
Proliferation,1.25,train,12,21,0.958035945892334,3.831249952316284,3.5
Proliferation,1.25,train,12,21,0.9583103060722351,3.831298828125,3.5
Proliferation,1.25,train,12,21,0.958789587020874,3.832094430923462,3.5
Proliferation,1.25,train,15,27,0.7618939280509949,3.8913028240203857,3.5999999046325684
Proliferation,1.25,train,17,31,0.6947895288467407,3.919370651245117,3.6470587253570557
Proliferation,1.25,train,17,31,0.7176148891448975,3.9014084339141846,3.6470587253570557
Proliferation,1.25,train,17,31,0.7416102290153503,3.898768186569214,3.6470587253570557
Proliferation,1.25,train,17,32,0.7904632091522217,3.8941752910614014,3.7647058963775635
Proliferation,1.25,train,17,32,0.8142347931861877,3.8862829208374023,3.7647058963775635
Proliferation,1.25,train,19,37,0.7741761207580566,3.895681619644165,3.8947367668151855
Proliferation,1.25,train,19,37,0.8033058047294617,3.8971810340881348,3.8947367668151855
Proliferation,1.25,train,23,46,0.7101058959960938,3.931298017501831,4.0
Proliferation,1.25,train,23,46,0.7391260266304016,3.9233710765838623,4.0
Proliferation,1.25,train,23,46,0.766976535320282,3.924616575241089,4.0
Proliferation,1.25,train,23,46,0.8098618984222412,3.9302146434783936,4.0
Proliferation,1.25,train,23,46,0.8303563594818115,3.936018943786621,4.0
Proliferation,1.25,train,23,46,0.869632363319397,3.9512343406677246,4.0
Proliferation,1.25,train,23,46,0.8898553252220154,3.95940899848938,4.0
Proliferation,1.25,train,23,46,0.9065362811088562,3.950490951538086,4.0
Proliferation,1.25,train,23,46,0.9351890683174133,3.9426043033599854,4.0
Proliferation,1.25,train,23,46,0.9452985525131226,3.9403092861175537,4.0
Proliferation,1.25,train,23,46,0.9474075436592102,3.9282851219177246,4.0
Proliferation,1.25,train,23,46,0.9479712843894958,3.9232609272003174,4.0
Proliferation,1.25,train,23,46,0.9490136504173279,3.914808511734009,4.0
Proliferation,1.25,train,29,61,0.7497942447662354,3.956172466278076,4.206896781921387
Proliferation,1.25,train,29,61,0.7629565000534058,3.9120538234710693,4.206896781921387
Proliferation,1.25,train,33,69,0.7004460692405701,3.914863348007202,4.181818008422852
Proliferation,1.25,train,33,69,0.722701907157898,3.915466785430908,4.181818008422852
Proliferation,1.25,train,33,69,0.7675698399543762,3.930034637451172,4.181818008422852
Proliferation,1.25,train,33,69,0.7894019484519958,3.9384889602661133,4.181818008422852
Proliferation,1.25,train,36,77,0.766989529132843,3.957179546356201,4.277777671813965
Proliferation,1.25,train,36,77,0.7905221581459045,3.963305950164795,4.277777671813965
Proliferation,1.25,train,39,85,0.7489567399024963,3.9774205684661865,4.358974456787109
Proliferation,1.25,train,41,90,0.7528426051139832,3.97128963470459,4.390244007110596
Proliferation,1.25,train,41,90,0.7713768482208252,3.9729228019714355,4.390244007110596
Proliferation,1.25,train,41,91,0.7984750270843506,3.9673075675964355,4.439024448394775
Proliferation,1.25,train,41,91,0.8117979168891907,3.9670357704162598,4.439024448394775
Proliferation,1.25,train,41,91,0.8245879411697388,3.9713916778564453,4.439024448394775
Proliferation,1.25,train,41,91,0.8472943305969238,3.977806568145752,4.439024448394775
Proliferation,1.25,train,41,91,0.8585453629493713,3.9677646160125732,4.439024448394775
Proliferation,1.25,train,41,91,0.8814237713813782,3.9619829654693604,4.439024448394775
Proliferation,1.25,train,41,91,0.8922094106674194,3.95982027053833,4.439024448394775
Proliferation,1.25,train,41,91,0.9068862199783325,3.955687999725342,4.439024448394775
Proliferation,1.25,train,41,91,0.9125568270683289,3.9537086486816406,4.439024448394775
Proliferation,1.25,train,41,91,0.9173640012741089,3.951418161392212,4.439024448394775
Proliferation,1.25,train,51,119,0.7427508234977722,3.944500684738159,4.666666507720947
Proliferation,1.25,train,51,119,0.7460312247276306,3.9265406131744385,4.666666507720947
Proliferation,1.25,train,59,140,0.6562489867210388,3.9171149730682373,4.745762825012207
Proliferation,1.25,train,59,140,0.6694194078445435,3.9088690280914307,4.745762825012207
Proliferation,1.25,train,59,141,0.6969770789146423,3.9113681316375732,4.779661178588867
Proliferation,1.25,train,59,141,0.7118165493011475,3.9095654487609863,4.779661178588867
Proliferation,1.25,train,64,154,0.6699763536453247,3.9250295162200928,4.8125
Proliferation,1.25,train,64,155,0.6979399919509888,3.92319655418396,4.84375
Proliferation,1.25,train,69,167,0.660331666469574,3.932457447052002,4.840579509735107
Proliferation,1.25,train,72,174,0.6574654579162598,3.910914897918701,4.833333492279053
Proliferation,1.25,train,72,174,0.670459508895874,3.9102799892425537,4.833333492279053
Proliferation,1.25,train,72,174,0.6794549226760864,3.9109437465667725,4.833333492279053
Proliferation,1.25,train,72,174,0.6944910883903503,3.908513307571411,4.833333492279053
Proliferation,1.25,train,72,174,0.7021362781524658,3.9116456508636475,4.833333492279053
Proliferation,1.25,train,72,174,0.7179795503616333,3.921869993209839,4.833333492279053
Proliferation,1.25,train,72,174,0.7262013554573059,3.926837921142578,4.833333492279053
Proliferation,1.25,train,72,174,0.743247389793396,3.9374330043792725,4.833333492279053
Proliferation,1.25,train,72,174,0.752021074295044,3.9410998821258545,4.833333492279053
Proliferation,1.25,train,72,174,0.7605604529380798,3.9418787956237793,4.833333492279053
Proliferation,1.25,train,72,174,0.7755072712898254,3.9370694160461426,4.833333492279053
Proliferation,1.25,train,72,174,0.7822256088256836,3.9342520236968994,4.833333492279053
Proliferation,1.25,train,86,207,0.6650493144989014,3.9659430980682373,4.813953399658203
Proliferation,1.25,train,86,207,0.6694130301475525,3.9465034008026123,4.813953399658203
Proliferation,1.25,train,99,242,0.5888204574584961,3.9436912536621094,4.888888835906982
Proliferation,1.25,train,99,242,0.5945326685905457,3.9456257820129395,4.888888835906982
Proliferation,1.25,train,99,242,0.5994956493377686,3.955988645553589,4.888888835906982
Proliferation,1.25,train,99,242,0.6048489809036255,3.974076747894287,4.888888835906982
Proliferation,1.25,train,107,264,0.560325562953949,3.996062994003296,4.934579372406006
Proliferation,1.25,train,107,264,0.5607476830482483,3.986046314239502,4.934579372406006
Proliferation,1.25,train,6,9,0.8660253882408142,3.722419500350952,3.0
Proliferation,1.25,train,7,11,0.6782981157302856,3.799699544906616,3.142857074737549
Proliferation,1.25,train,7,11,0.7350993156433105,3.7848222255706787,3.142857074737549
Proliferation,1.25,train,7,11,0.764391303062439,3.7827584743499756,3.142857074737549
Proliferation,1.25,train,8,13,0.7234066128730774,3.8015642166137695,3.25
Proliferation,1.25,train,8,13,0.7547228336334229,3.795355796813965,3.25
Proliferation,1.25,train,9,15,0.7290404438972473,3.8121986389160156,3.3333332538604736
Proliferation,1.25,train,9,15,0.7653558254241943,3.805158853530884,3.3333332538604736
Proliferation,1.25,train,9,15,0.8002851605415344,3.802255392074585,3.3333332538604736
Proliferation,1.25,train,9,15,0.8530770540237427,3.8047404289245605,3.3333332538604736
Proliferation,1.25,train,9,15,0.8713716268539429,3.806649923324585,3.3333332538604736
Proliferation,1.25,train,9,15,0.9076682329177856,3.8114242553710938,3.3333332538604736
Proliferation,1.25,train,9,15,0.9257845282554626,3.8139381408691406,3.3333332538604736
Proliferation,1.25,train,9,15,0.9474703669548035,3.8180477619171143,3.3333332538604736
Proliferation,1.25,train,9,15,0.9565491080284119,3.820164918899536,3.3333332538604736
Proliferation,1.25,train,9,15,0.9592725038528442,3.8191561698913574,3.3333332538604736
Proliferation,1.25,train,9,15,0.9597996473312378,3.818967580795288,3.3333332538604736
Proliferation,1.25,train,10,17,0.8605982661247253,3.878758192062378,3.4000000953674316
Proliferation,1.25,train,10,17,0.8767110705375671,3.8327159881591797,3.4000000953674316
Proliferation,1.25,train,10,17,0.8852075338363647,3.825890064239502,3.4000000953674316
Proliferation,1.25,train,10,17,0.8935681581497192,3.822174072265625,3.4000000953674316
Proliferation,1.25,train,12,21,0.7660967707633972,3.8227298259735107,3.5
Proliferation,1.25,train,14,25,0.6703931093215942,3.880911111831665,3.5714285373687744
Proliferation,1.25,train,14,25,0.7281254529953003,3.8697750568389893,3.5714285373687744
Proliferation,1.25,train,14,25,0.7573052048683167,3.8693349361419678,3.5714285373687744
Proliferation,1.25,train,16,29,0.7151138782501221,3.91536021232605,3.625
Proliferation,1.25,train,16,29,0.7466278076171875,3.912060499191284,3.625
Proliferation,1.25,train,18,34,0.6883968114852905,3.925968647003174,3.777777671813965
Proliferation,1.25,train,18,34,0.7586182355880737,3.900912046432495,3.777777671813965
Proliferation,1.25,train,18,34,0.7935461401939392,3.899810791015625,3.777777671813965
Proliferation,1.25,train,18,34,0.8463466167449951,3.8995437622070312,3.777777671813965
Proliferation,1.25,train,18,34,0.8644678592681885,3.899205207824707,3.777777671813965
Proliferation,1.25,train,18,34,0.8980435132980347,3.902005434036255,3.777777671813965
Proliferation,1.25,train,18,34,0.9152795076370239,3.904191017150879,3.777777671813965
Proliferation,1.25,train,18,34,0.9276065826416016,3.904927968978882,3.777777671813965
Proliferation,1.25,train,18,34,0.9458552598953247,3.9061498641967773,3.777777671813965
Proliferation,1.25,train,18,34,0.951371431350708,3.9045231342315674,3.777777671813965
Proliferation,1.25,train,18,34,0.9532635807991028,3.8988897800445557,3.777777671813965
Proliferation,1.25,train,19,36,0.9017646312713623,3.9111387729644775,3.78947377204895
Proliferation,1.25,train,19,36,0.9055296182632446,3.8976998329162598,3.78947377204895
Proliferation,1.25,train,19,36,0.9147070050239563,3.8896327018737793,3.78947377204895
Proliferation,1.25,train,19,36,0.9192466735839844,3.887576103210449,3.78947377204895
Proliferation,1.25,train,23,46,0.7762090563774109,3.898496627807617,4.0
Proliferation,1.25,train,27,58,0.6761310696601868,3.8862462043762207,4.296296119689941
Proliferation,1.25,train,27,58,0.7262336015701294,3.874994993209839,4.296296119689941
Proliferation,1.25,train,27,58,0.7522133588790894,3.876755714416504,4.296296119689941
Proliferation,1.25,train,30,64,0.6974385976791382,3.9276177883148193,4.266666889190674
Proliferation,1.25,train,30,64,0.7552428841590881,3.909329891204834,4.266666889190674
Proliferation,1.25,train,33,70,0.7090715169906616,3.961364269256592,4.242424011230469
Proliferation,1.25,train,33,71,0.7609308362007141,3.9529154300689697,4.303030490875244
Proliferation,1.25,train,33,71,0.7876653671264648,3.963815450668335,4.303030490875244
Proliferation,1.25,train,33,71,0.8298500180244446,3.9916114807128906,4.303030490875244
Proliferation,1.25,train,33,71,0.8458108901977539,4.000448703765869,4.303030490875244
Proliferation,1.25,train,33,71,0.860298752784729,4.007494926452637,4.303030490875244
Proliferation,1.25,train,33,72,0.8882196545600891,4.002346038818359,4.363636493682861
Proliferation,1.25,train,33,72,0.8984680771827698,4.0023298263549805,4.363636493682861
Proliferation,1.25,train,33,72,0.9129987359046936,4.010130882263184,4.363636493682861
Proliferation,1.25,train,33,72,0.9197965860366821,4.01279354095459,4.363636493682861
Proliferation,1.25,train,33,73,0.9298216104507446,4.003357410430908,4.4242424964904785
Proliferation,1.25,train,35,78,0.8805764317512512,3.984645366668701,4.4571428298950195
Proliferation,1.25,train,35,78,0.8832588195800781,3.975613832473755,4.4571428298950195
Proliferation,1.25,train,35,79,0.8919133543968201,3.9511730670928955,4.514285564422607
Proliferation,1.25,train,35,79,0.8954479694366455,3.947274684906006,4.514285564422607
Proliferation,1.25,train,41,95,0.7754383683204651,3.9395744800567627,4.634146213531494
Proliferation,1.25,train,45,105,0.7153028845787048,3.9312188625335693,4.666666507720947
Proliferation,1.25,train,45,105,0.7261636257171631,3.916440725326538,4.666666507720947
Proliferation,1.25,train,45,105,0.7506669163703918,3.918837547302246,4.666666507720947
Proliferation,1.25,train,51,120,0.6720876693725586,3.9786245822906494,4.705882549285889
Proliferation,1.25,train,51,120,0.7064794898033142,3.9535415172576904,4.705882549285889
Proliferation,1.25,train,56,134,0.6580225229263306,3.970050811767578,4.785714149475098
Proliferation,1.25,train,56,134,0.6892166137695312,3.958440065383911,4.785714149475098
Proliferation,1.25,train,56,134,0.7057546973228455,3.962230920791626,4.785714149475098
Proliferation,1.25,train,56,134,0.7208003401756287,3.9656050205230713,4.785714149475098
Proliferation,1.25,train,56,134,0.7492561936378479,3.962463855743408,4.785714149475098
Proliferation,1.25,train,56,134,0.7634025812149048,3.964052677154541,4.785714149475098
Proliferation,1.25,train,56,134,0.7915893793106079,3.9677577018737793,4.785714149475098
Proliferation,1.25,train,56,134,0.8028559684753418,3.9652531147003174,4.785714149475098
Proliferation,1.25,train,56,134,0.8190935850143433,3.9690134525299072,4.785714149475098
Proliferation,1.25,train,56,134,0.8267243504524231,3.9716923236846924,4.785714149475098
Proliferation,1.25,train,56,134,0.834213376045227,3.9738094806671143,4.785714149475098
Proliferation,1.25,train,59,140,0.8053647875785828,3.9745736122131348,4.745762825012207
Proliferation,1.25,train,59,140,0.8116347193717957,3.9681448936462402,4.745762825012207
Proliferation,1.25,train,59,140,0.8228719830513,3.967862129211426,4.745762825012207
Proliferation,1.25,train,59,140,0.82807457447052,3.9696455001831055,4.745762825012207
Proliferation,1.25,train,69,166,0.7110759615898132,3.9867262840270996,4.811594009399414
Proliferation,1.25,train,76,186,0.6544226408004761,3.9697864055633545,4.8947367668151855
Proliferation,1.25,train,76,186,0.659956693649292,3.967555046081543,4.8947367668151855
Proliferation,1.25,train,76,186,0.6725640296936035,3.9719126224517822,4.8947367668151855
Proliferation,1.25,train,85,210,0.6059614419937134,3.9948246479034424,4.941176414489746
Proliferation,1.25,train,85,210,0.6227679252624512,3.971071481704712,4.941176414489746
Proliferation,1.25,train,92,229,0.5847166180610657,3.9468724727630615,4.9782609939575195
Proliferation,1.25,train,92,229,0.5946070551872253,3.9412662982940674,4.9782609939575195
Proliferation,1.25,train,92,229,0.6167649626731873,3.9387383460998535,4.9782609939575195
Proliferation,1.25,train,92,229,0.628340482711792,3.9386696815490723,4.9782609939575195
Proliferation,1.25,train,92,229,0.6467177271842957,3.9320414066314697,4.9782609939575195
Proliferation,1.25,train,92,229,0.6497035622596741,3.928462266921997,4.9782609939575195
Proliferation,1.25,train,92,229,0.6513590812683105,3.9323790073394775,4.9782609939575195
Proliferation,1.25,train,92,229,0.6516824960708618,3.9320645332336426,4.9782609939575195
Proliferation,1.25,train,6,9,0.8660253882408142,3.722419500350952,3.0
Proliferation,1.25,train,6,9,0.960244357585907,3.737783193588257,3.0
Proliferation,1.25,train,6,9,0.9605121612548828,3.7411584854125977,3.0
Proliferation,1.25,train,6,9,0.9609212279319763,3.747206926345825,3.0
Proliferation,1.25,train,6,9,0.9611170887947083,3.7504024505615234,3.0
Proliferation,1.25,train,6,9,0.9613003730773926,3.7537171840667725,3.0
Proliferation,1.25,train,6,9,0.9616267085075378,3.7605419158935547,3.0
Proliferation,1.25,train,6,9,0.96177077293396,3.76397967338562,3.0
Proliferation,1.25,train,7,11,0.8226189613342285,3.88200044631958,3.142857074737549
Proliferation,1.25,train,7,11,0.8256751298904419,3.816654682159424,3.142857074737549
Proliferation,1.25,train,7,11,0.8494893312454224,3.7965035438537598,3.142857074737549
Proliferation,1.25,train,8,13,0.7523378729820251,3.853503465652466,3.25
Proliferation,1.25,train,9,15,0.6836008429527283,3.8606181144714355,3.3333332538604736
Proliferation,1.25,train,11,19,0.601069986820221,3.880213737487793,3.454545497894287
Proliferation,1.25,train,12,21,0.5833496451377869,3.8565053939819336,3.5
Proliferation,1.25,train,12,21,0.6650784611701965,3.830320358276367,3.5
Proliferation,1.25,train,12,21,0.7051801681518555,3.8292319774627686,3.5
Proliferation,1.25,train,12,21,0.7838674187660217,3.8313300609588623,3.5
Proliferation,1.25,train,12,21,0.8178706169128418,3.832336187362671,3.5
Proliferation,1.25,train,12,21,0.8517729640007019,3.83315110206604,3.5
Proliferation,1.25,train,12,21,0.9111714959144592,3.834075689315796,3.5
Proliferation,1.25,train,12,21,0.9348128437995911,3.8350906372070312,3.5
Proliferation,1.25,train,12,21,0.954962432384491,3.8306009769439697,3.5
Proliferation,1.25,train,12,21,0.9555251002311707,3.8275363445281982,3.5
Proliferation,1.25,train,12,21,0.955935537815094,3.825211524963379,3.5
Proliferation,1.25,train,12,21,0.9566476941108704,3.822007179260254,3.5
Proliferation,1.25,train,12,21,0.9569676518440247,3.8209311962127686,3.5
Proliferation,1.25,train,12,21,0.9575562477111816,3.8195717334747314,3.5
Proliferation,1.25,train,12,21,0.9578297734260559,3.8192272186279297,3.5
Proliferation,1.25,train,14,26,0.8202252984046936,3.9086225032806396,3.7142856121063232
Proliferation,1.25,train,14,26,0.821950376033783,3.8568272590637207,3.7142856121063232
Proliferation,1.25,train,14,26,0.833648681640625,3.8467729091644287,3.7142856121063232
Proliferation,1.25,train,16,30,0.7477494478225708,3.8937315940856934,3.75
Proliferation,1.25,train,18,35,0.6803445816040039,3.93996000289917,3.8888888359069824
Proliferation,1.25,train,22,45,0.598078191280365,3.911036491394043,4.090909004211426
Proliferation,1.25,train,23,47,0.6061689853668213,3.8837976455688477,4.08695650100708
Proliferation,1.25,train,23,47,0.6830112338066101,3.8771681785583496,4.08695650100708
Proliferation,1.25,train,23,47,0.7209616899490356,3.879889726638794,4.08695650100708
Proliferation,1.25,train,23,47,0.7593161463737488,3.8844847679138184,4.08695650100708
Proliferation,1.25,train,23,47,0.8279001116752625,3.8926503658294678,4.08695650100708
Proliferation,1.25,train,23,47,0.8594317436218262,3.896613836288452,4.08695650100708
Proliferation,1.25,train,23,47,0.9133778214454651,3.9047129154205322,4.08695650100708
Proliferation,1.25,train,23,47,0.9341415762901306,3.907733678817749,4.08695650100708
Proliferation,1.25,train,23,47,0.9458404183387756,3.906655788421631,4.08695650100708
Proliferation,1.25,train,23,47,0.9509824514389038,3.8989436626434326,4.08695650100708
Proliferation,1.25,train,23,47,0.9515050053596497,3.895965814590454,4.08695650100708
Proliferation,1.25,train,23,47,0.9523857235908508,3.8913309574127197,4.08695650100708
Proliferation,1.25,train,23,47,0.9527602195739746,3.889526128768921,4.08695650100708
Proliferation,1.25,train,23,47,0.9534420967102051,3.886688470840454,4.08695650100708
Proliferation,1.25,train,23,47,0.9537572264671326,3.885571002960205,4.08695650100708
Proliferation,1.25,train,23,47,0.9540576934814453,3.884613037109375,4.08695650100708
Proliferation,1.25,train,26,55,0.8458414673805237,3.875497579574585,4.230769157409668
Proliferation,1.25,train,26,55,0.8539523482322693,3.8705646991729736,4.230769157409668
Proliferation,1.25,train,30,65,0.7551021575927734,3.8971540927886963,4.333333492279053
Proliferation,1.25,train,33,71,0.7001636028289795,3.9318079948425293,4.303030490875244
Proliferation,1.25,train,39,85,0.6279550194740295,3.9407997131347656,4.358974456787109
Proliferation,1.25,train,41,89,0.6196677684783936,3.947141408920288,4.341463565826416
Proliferation,1.25,train,41,89,0.6482467651367188,3.9591357707977295,4.341463565826416
Proliferation,1.25,train,41,90,0.7026214003562927,3.9857945442199707,4.390244007110596
Proliferation,1.25,train,41,91,0.7279688715934753,3.9901082515716553,4.439024448394775
Proliferation,1.25,train,41,91,0.7731184959411621,4.006750106811523,4.439024448394775
Proliferation,1.25,train,41,91,0.7949292063713074,4.018688201904297,4.439024448394775
Proliferation,1.25,train,41,91,0.8164063692092896,4.028268337249756,4.439024448394775
Proliferation,1.25,train,41,91,0.8494701981544495,4.0399675369262695,4.439024448394775
Proliferation,1.25,train,41,91,0.8650949001312256,4.042288780212402,4.439024448394775
Proliferation,1.25,train,41,91,0.887397050857544,4.040060043334961,4.439024448394775
Proliferation,1.25,train,41,91,0.8952373266220093,4.028467178344727,4.439024448394775
Proliferation,1.25,train,41,91,0.9070581793785095,4.003299713134766,4.439024448394775
Proliferation,1.25,train,41,92,0.9129294157028198,3.987628936767578,4.487804889678955
Proliferation,1.25,train,41,92,0.9175844192504883,3.9769890308380127,4.487804889678955
Proliferation,1.25,train,41,92,0.9248929023742676,3.967190742492676,4.487804889678955
Proliferation,1.25,train,41,92,0.9279453754425049,3.963672637939453,4.487804889678955
Proliferation,1.25,train,45,102,0.8493319153785706,3.9655535221099854,4.5333333015441895
Proliferation,1.25,train,45,102,0.8517418503761292,3.962538719177246,4.5333333015441895
Proliferation,1.25,train,51,116,0.7552945613861084,3.9686827659606934,4.549019813537598
Proliferation,1.25,train,57,134,0.6852944493293762,3.948235273361206,4.701754570007324
Proliferation,1.25,train,61,146,0.6494583487510681,3.938875675201416,4.7868852615356445
Proliferation,1.25,train,68,164,0.6019859313964844,3.9432246685028076,4.823529243469238
Proliferation,1.25,train,68,164,0.6147065162658691,3.9385924339294434,4.823529243469238
Proliferation,1.25,train,68,164,0.6392704248428345,3.939535617828369,4.823529243469238
Proliferation,1.25,train,68,164,0.6525455713272095,3.944957971572876,4.823529243469238
Proliferation,1.25,train,68,164,0.6657517552375793,3.950632333755493,4.823529243469238
Proliferation,1.25,train,68,164,0.6941528916358948,3.963252305984497,4.823529243469238
Proliferation,1.25,train,68,164,0.7085733413696289,3.970292091369629,4.823529243469238
Proliferation,1.25,train,68,164,0.7321414947509766,3.9830286502838135,4.823529243469238
Proliferation,1.25,train,68,164,0.7437856197357178,3.980936288833618,4.823529243469238
Proliferation,1.25,train,68,164,0.7645472884178162,3.9738759994506836,4.823529243469238
Proliferation,1.25,train,68,164,0.77311772108078,3.973393678665161,4.823529243469238
Proliferation,1.25,train,68,164,0.7811089754104614,3.9734528064727783,4.823529243469238
Proliferation,1.25,train,68,164,0.7957909107208252,3.974292516708374,4.823529243469238
Proliferation,1.25,train,68,164,0.8025882244110107,3.974900245666504,4.823529243469238
Proliferation,1.25,train,68,164,0.8147532343864441,3.976320505142212,4.823529243469238
Proliferation,1.25,train,68,164,0.8203723430633545,3.9735753536224365,4.823529243469238
Proliferation,1.25,train,74,180,0.7630468010902405,3.979844331741333,4.864864826202393
Proliferation,1.25,train,74,180,0.7671386003494263,3.97672176361084,4.864864826202393
Proliferation,1.25,train,74,180,0.7708178162574768,3.9774153232574463,4.864864826202393
Proliferation,1.25,train,92,225,0.6285924315452576,3.9793105125427246,4.8913044929504395
Proliferation,1.25,train,98,239,0.5955837368965149,3.96756911277771,4.877551078796387
Proliferation,1.25,train,108,265,0.548801600933075,3.959798574447632,4.907407283782959
Proliferation,1.25,train,108,265,0.5520502924919128,3.962249755859375,4.907407283782959
Proliferation,1.25,train,108,265,0.5554401278495789,3.974212169647217,4.907407283782959
Proliferation,1.5,val,6,9,0.8660253882408142,3.722419500350952,3.0
Proliferation,1.5,val,6,9,0.8889400362968445,3.733832359313965,3.0
Proliferation,1.5,val,6,9,0.9191493391990662,3.7437191009521484,3.0
Proliferation,1.5,val,6,9,0.930478572845459,3.7461776733398438,3.0
Proliferation,1.5,val,6,9,0.9531504511833191,3.750746488571167,3.0
Proliferation,1.5,val,6,9,0.9613949656486511,3.756608724594116,3.0
Proliferation,1.5,val,6,9,0.9615675806999207,3.760002851486206,3.0
Proliferation,1.5,val,6,9,0.9618623852729797,3.766893148422241,3.0
Proliferation,1.5,val,6,9,0.9621081352233887,3.7736518383026123,3.0
Proliferation,1.5,val,8,13,0.7161588668823242,3.898855447769165,3.25
Proliferation,1.5,val,8,13,0.7427736520767212,3.8299596309661865,3.25
Proliferation,1.5,val,9,15,0.6963541507720947,3.8629090785980225,3.3333332538604736
Proliferation,1.5,val,9,15,0.7190892696380615,3.8594186305999756,3.3333332538604736
Proliferation,1.5,val,9,15,0.7646118402481079,3.8602819442749023,3.3333332538604736
Proliferation,1.5,val,9,15,0.8098678588867188,3.863835334777832,3.3333332538604736
Proliferation,1.5,val,10,17,0.7474772930145264,3.893355131149292,3.4000000953674316
Proliferation,1.5,val,10,17,0.8014081716537476,3.8664634227752686,3.4000000953674316
Proliferation,1.5,val,12,21,0.71036297082901,3.874762773513794,3.5
Proliferation,1.5,val,12,21,0.7355827689170837,3.8427937030792236,3.5
Proliferation,1.5,val,12,21,0.7814409732818604,3.8328845500946045,3.5
Proliferation,1.5,val,12,21,0.8173477649688721,3.8300130367279053,3.5
Proliferation,1.5,val,12,21,0.8344054222106934,3.829655647277832,3.5
Proliferation,1.5,val,12,21,0.8684501647949219,3.8300464153289795,3.5
Proliferation,1.5,val,12,21,0.9024217128753662,3.8313148021698,3.5
Proliferation,1.5,val,12,21,0.9162551760673523,3.8314969539642334,3.5
Proliferation,1.5,val,12,21,0.9389452934265137,3.832110643386841,3.5
Proliferation,1.5,val,12,21,0.9579055905342102,3.8326809406280518,3.5
Proliferation,1.5,val,12,21,0.9586405158042908,3.8328440189361572,3.5
Proliferation,1.5,val,12,21,0.9590697288513184,3.8341033458709717,3.5
Proliferation,1.5,val,12,21,0.9594159126281738,3.836013078689575,3.5
Proliferation,1.5,val,12,21,0.9595675468444824,3.8371124267578125,3.5
Proliferation,1.5,val,15,27,0.7692285180091858,3.8714559078216553,3.5999999046325684
Proliferation,1.5,val,17,31,0.699752688407898,3.9057366847991943,3.6470587253570557
Proliferation,1.5,val,17,31,0.7195016145706177,3.8937129974365234,3.6470587253570557
Proliferation,1.5,val,17,31,0.7596396207809448,3.8925790786743164,3.6470587253570557
Proliferation,1.5,val,17,31,0.7995963096618652,3.8950140476226807,3.6470587253570557
Proliferation,1.5,val,17,32,0.8200916647911072,3.890822410583496,3.7647058963775635
Proliferation,1.5,val,19,37,0.7729728817939758,3.883150577545166,3.8947367668151855
Proliferation,1.5,val,19,37,0.8218575716018677,3.8848729133605957,3.8947367668151855
Proliferation,1.5,val,23,46,0.6970032453536987,3.9326171875,4.0
Proliferation,1.5,val,23,46,0.7433208227157593,3.892897129058838,4.0
Proliferation,1.5,val,23,46,0.7858441472053528,3.895730495452881,4.0
Proliferation,1.5,val,23,46,0.8032761216163635,3.8981897830963135,4.0
Proliferation,1.5,val,23,46,0.8379521369934082,3.905014753341675,4.0
Proliferation,1.5,val,23,46,0.8549612164497375,3.909881591796875,4.0
Proliferation,1.5,val,23,46,0.8879746794700623,3.921616554260254,4.0
Proliferation,1.5,val,23,46,0.9148943424224854,3.927415609359741,4.0
Proliferation,1.5,val,23,46,0.9266419410705566,3.929196834564209,4.0
Proliferation,1.5,val,23,46,0.9473168849945068,3.9303011894226074,4.0
Proliferation,1.5,val,23,46,0.9494607448577881,3.922065496444702,4.0
Proliferation,1.5,val,23,46,0.9499072432518005,3.9184536933898926,4.0
Proliferation,1.5,val,23,46,0.950702428817749,3.9122567176818848,4.0
Proliferation,1.5,val,29,61,0.7509592175483704,3.9945905208587646,4.206896781921387
Proliferation,1.5,val,29,61,0.7577658891677856,3.9331138134002686,4.206896781921387
Proliferation,1.5,val,33,69,0.6856576204299927,3.932891845703125,4.181818008422852
Proliferation,1.5,val,33,69,0.72402024269104,3.9222185611724854,4.181818008422852
Proliferation,1.5,val,33,69,0.7433097958564758,3.92413330078125,4.181818008422852
Proliferation,1.5,val,33,69,0.7813203930854797,3.9346354007720947,4.181818008422852
Proliferation,1.5,val,36,77,0.7510042786598206,3.952747344970703,4.277777671813965
Proliferation,1.5,val,36,77,0.772007942199707,3.9463589191436768,4.277777671813965
Proliferation,1.5,val,36,77,0.8152648210525513,3.9589641094207764,4.277777671813965
Proliferation,1.5,val,44,100,0.6995827555656433,3.965812921524048,4.545454502105713
Proliferation,1.5,val,44,100,0.718936026096344,3.9566543102264404,4.545454502105713
Proliferation,1.5,val,44,100,0.7490085363388062,3.9560067653656006,4.545454502105713
Proliferation,1.5,val,44,100,0.7725280523300171,3.9538888931274414,4.545454502105713
Proliferation,1.5,val,44,100,0.7843168377876282,3.9542527198791504,4.545454502105713
Proliferation,1.5,val,44,100,0.8076180815696716,3.9603841304779053,4.545454502105713
Proliferation,1.5,val,44,101,0.8341848850250244,3.959587335586548,4.590909004211426
Proliferation,1.5,val,44,101,0.8469957709312439,3.9631576538085938,4.590909004211426
Proliferation,1.5,val,44,101,0.8718438744544983,3.97054123878479,4.590909004211426
Proliferation,1.5,val,44,101,0.891777753829956,3.9719736576080322,4.590909004211426
Proliferation,1.5,val,44,101,0.8979038000106812,3.9703409671783447,4.590909004211426
Proliferation,1.5,val,44,101,0.9077575206756592,3.966214895248413,4.590909004211426
Proliferation,1.5,val,44,101,0.9155075550079346,3.9617204666137695,4.590909004211426
Proliferation,1.5,val,53,123,0.7622168064117432,3.9936656951904297,4.641509532928467
Proliferation,1.5,val,53,123,0.7658563256263733,3.9393460750579834,4.641509532928467
Proliferation,1.5,val,61,144,0.6784619092941284,3.9284565448760986,4.721311569213867
Proliferation,1.5,val,61,144,0.6907162070274353,3.9279024600982666,4.721311569213867
Proliferation,1.5,val,61,144,0.7148129940032959,3.933842420578003,4.721311569213867
Proliferation,1.5,val,61,144,0.7371379137039185,3.9448485374450684,4.721311569213867
Proliferation,1.5,val,66,158,0.692385733127594,3.9400126934051514,4.78787899017334
Proliferation,1.5,val,66,158,0.7151060104370117,3.9395053386688232,4.78787899017334
Proliferation,1.5,val,75,180,0.6503578424453735,3.9733943939208984,4.800000190734863
Proliferation,1.5,val,75,180,0.6598138213157654,3.9509658813476562,4.800000190734863
Proliferation,1.5,val,75,180,0.6803203225135803,3.9417366981506348,4.800000190734863
Proliferation,1.5,val,75,180,0.6953968405723572,3.9365158081054688,4.800000190734863
Proliferation,1.5,val,75,180,0.7019145488739014,3.935194969177246,4.800000190734863
Proliferation,1.5,val,75,180,0.7153161764144897,3.935203790664673,4.800000190734863
Proliferation,1.5,val,75,180,0.7222468852996826,3.9359424114227295,4.800000190734863
Proliferation,1.5,val,75,180,0.736589789390564,3.9324288368225098,4.800000190734863
Proliferation,1.5,val,75,180,0.7509718537330627,3.936408281326294,4.800000190734863
Proliferation,1.5,val,75,180,0.7578127980232239,3.936689853668213,4.800000190734863
Proliferation,1.5,val,75,180,0.7710514068603516,3.9351465702056885,4.800000190734863
Proliferation,1.5,val,75,180,0.7809396386146545,3.9427847862243652,4.800000190734863
Proliferation,1.5,val,75,180,0.7846554517745972,3.948732852935791,4.800000190734863
Proliferation,1.5,val,75,180,0.7904917597770691,3.9608895778656006,4.800000190734863
Proliferation,1.5,val,90,223,0.6619815230369568,3.974020004272461,4.955555438995361
Proliferation,1.5,val,90,223,0.6628708839416504,3.969611167907715,4.955555438995361
Proliferation,1.5,val,102,254,0.5861814022064209,3.9331305027008057,4.980391979217529
Proliferation,1.5,val,102,255,0.588114857673645,3.9302499294281006,5.0
Proliferation,1.5,val,6,9,0.8660253882408142,3.722419500350952,3.0
Proliferation,1.5,val,7,11,0.697460949420929,3.7889716625213623,3.142857074737549
Proliferation,1.5,val,7,11,0.7462256550788879,3.782822370529175,3.142857074737549
Proliferation,1.5,val,7,11,0.7706323266029358,3.7817656993865967,3.142857074737549
Proliferation,1.5,val,8,13,0.7190260291099548,3.800718307495117,3.25
Proliferation,1.5,val,8,13,0.7714239358901978,3.793227195739746,3.25
Proliferation,1.5,val,9,15,0.7066445350646973,3.8222601413726807,3.3333332538604736
Proliferation,1.5,val,9,15,0.7669764757156372,3.8049447536468506,3.3333332538604736
Proliferation,1.5,val,9,15,0.8210629224777222,3.80243182182312,3.3333332538604736
Proliferation,1.5,val,9,15,0.8435690999031067,3.8042194843292236,3.3333332538604736
Proliferation,1.5,val,9,15,0.8756341934204102,3.8083949089050293,3.3333332538604736
Proliferation,1.5,val,9,15,0.9058496952056885,3.813258647918701,3.3333332538604736
Proliferation,1.5,val,9,15,0.9208449125289917,3.8156728744506836,3.3333332538604736
Proliferation,1.5,val,9,15,0.9420535564422607,3.8177719116210938,3.3333332538604736
Proliferation,1.5,val,9,15,0.9572988152503967,3.820927619934082,3.3333332538604736
Proliferation,1.5,val,9,15,0.9599149227142334,3.8213512897491455,3.3333332538604736
Proliferation,1.5,val,9,15,0.9603820443153381,3.8223659992218018,3.3333332538604736
Proliferation,1.5,val,10,17,0.8619791865348816,3.861701488494873,3.4000000953674316
Proliferation,1.5,val,10,17,0.8685635328292847,3.844637632369995,3.4000000953674316
Proliferation,1.5,val,10,17,0.8823566436767578,3.836625576019287,3.4000000953674316
Proliferation,1.5,val,11,19,0.8115625977516174,3.8440210819244385,3.454545497894287
Proliferation,1.5,val,12,21,0.7496636509895325,3.852215051651001,3.5
Proliferation,1.5,val,14,26,0.670002818107605,3.8610870838165283,3.7142856121063232
Proliferation,1.5,val,14,26,0.718596339225769,3.8245086669921875,3.7142856121063232
Proliferation,1.5,val,14,26,0.7429959177970886,3.8189303874969482,3.7142856121063232
Proliferation,1.5,val,16,30,0.687870979309082,3.8808248043060303,3.75
Proliferation,1.5,val,16,30,0.7414252758026123,3.8553733825683594,3.75
Proliferation,1.5,val,16,30,0.7669313549995422,3.8529067039489746,3.75
Proliferation,1.5,val,18,34,0.730952262878418,3.8919787406921387,3.777777671813965
Proliferation,1.5,val,18,34,0.7611789703369141,3.8882250785827637,3.777777671813965
Proliferation,1.5,val,18,34,0.8157747983932495,3.8849117755889893,3.777777671813965
Proliferation,1.5,val,18,34,0.8551502823829651,3.8844850063323975,3.777777671813965
Proliferation,1.5,val,18,34,0.8701146245002747,3.8855879306793213,3.777777671813965
Proliferation,1.5,val,18,34,0.9001087546348572,3.8891661167144775,3.777777671813965
Proliferation,1.5,val,18,34,0.9280154705047607,3.8948466777801514,3.777777671813965
Proliferation,1.5,val,18,34,0.9355452656745911,3.8968701362609863,3.777777671813965
Proliferation,1.5,val,18,34,0.9503697156906128,3.9012739658355713,3.777777671813965
Proliferation,1.5,val,18,34,0.9551898241043091,3.900324821472168,3.777777671813965
Proliferation,1.5,val,18,34,0.9555413722991943,3.899695873260498,3.777777671813965
Proliferation,1.5,val,20,39,0.8576644062995911,3.9176478385925293,3.9000000953674316
Proliferation,1.5,val,20,39,0.8708306550979614,3.9055838584899902,3.9000000953674316
Proliferation,1.5,val,20,39,0.8778071403503418,3.9049839973449707,3.9000000953674316
Proliferation,1.5,val,22,43,0.8073174953460693,3.9155020713806152,3.909090995788574
Proliferation,1.5,val,24,49,0.7645995020866394,3.9018306732177734,4.083333492279053
Proliferation,1.5,val,27,58,0.6934065222740173,3.918290615081787,4.296296119689941
Proliferation,1.5,val,27,58,0.7355064153671265,3.9025959968566895,4.296296119689941
Proliferation,1.5,val,27,58,0.7778878211975098,3.9066150188446045,4.296296119689941
Proliferation,1.5,val,30,64,0.7158430218696594,3.9535017013549805,4.266666889190674
Proliferation,1.5,val,30,64,0.7622230648994446,3.9254212379455566,4.266666889190674
Proliferation,1.5,val,34,75,0.7090657353401184,3.9385244846343994,4.411764621734619
Proliferation,1.5,val,34,75,0.7309773564338684,3.9199411869049072,4.411764621734619
Proliferation,1.5,val,34,75,0.7765379548072815,3.926067590713501,4.411764621734619
Proliferation,1.5,val,34,75,0.8125709295272827,3.939596176147461,4.411764621734619
Proliferation,1.5,val,34,75,0.8278245329856873,3.9445056915283203,4.411764621734619
Proliferation,1.5,val,34,75,0.8552642464637756,3.938542127609253,4.411764621734619
Proliferation,1.5,val,34,75,0.8815656304359436,3.941953659057617,4.411764621734619
Proliferation,1.5,val,34,75,0.8934316039085388,3.944542407989502,4.411764621734619
Proliferation,1.5,val,34,76,0.9100340604782104,3.938966751098633,4.470588207244873
Proliferation,1.5,val,34,76,0.9249255061149597,3.938239574432373,4.470588207244873
Proliferation,1.5,val,34,76,0.930139422416687,3.9358794689178467,4.470588207244873
Proliferation,1.5,val,34,76,0.9367067813873291,3.9295995235443115,4.470588207244873
Proliferation,1.5,val,37,83,0.8647078275680542,3.9328675270080566,4.486486434936523
Proliferation,1.5,val,37,83,0.8676061034202576,3.930844783782959,4.486486434936523
Proliferation,1.5,val,37,83,0.8754681944847107,3.930230140686035,4.486486434936523
Proliferation,1.5,val,44,101,0.7439460754394531,3.9476377964019775,4.590909004211426
Proliferation,1.5,val,44,101,0.7536399960517883,3.9390993118286133,4.590909004211426
Proliferation,1.5,val,48,111,0.7099135518074036,3.9469783306121826,4.625
Proliferation,1.5,val,48,111,0.7324819564819336,3.9481751918792725,4.625
Proliferation,1.5,val,48,111,0.7446298599243164,3.949336290359497,4.625
Proliferation,1.5,val,54,127,0.6820576786994934,3.969304084777832,4.703703880310059
Proliferation,1.5,val,54,128,0.7139256000518799,3.956833839416504,4.740740776062012
Proliferation,1.5,val,61,146,0.6459220051765442,3.965944528579712,4.7868852615356445
Proliferation,1.5,val,61,146,0.6739585399627686,3.965449094772339,4.7868852615356445
Proliferation,1.5,val,61,146,0.6877580285072327,3.9678895473480225,4.7868852615356445
Proliferation,1.5,val,61,146,0.7132077813148499,3.958859443664551,4.7868852615356445
Proliferation,1.5,val,61,146,0.7381784319877625,3.9454846382141113,4.7868852615356445
Proliferation,1.5,val,61,146,0.7503557801246643,3.9358556270599365,4.7868852615356445
Proliferation,1.5,val,61,146,0.7732833027839661,3.9335851669311523,4.7868852615356445
Proliferation,1.5,val,61,146,0.7924279570579529,3.9361915588378906,4.7868852615356445
Proliferation,1.5,val,61,146,0.7996712327003479,3.933561086654663,4.7868852615356445
Proliferation,1.5,val,61,146,0.8133493661880493,3.932412624359131,4.7868852615356445
Proliferation,1.5,val,61,146,0.8269162178039551,3.925767183303833,4.7868852615356445
Proliferation,1.5,val,61,146,0.8334842324256897,3.925377607345581,4.7868852615356445
Proliferation,1.5,val,66,157,0.7816429734230042,3.922760486602783,4.757575988769531
Proliferation,1.5,val,66,157,0.7915035486221313,3.9211134910583496,4.757575988769531
Proliferation,1.5,val,66,157,0.7961806058883667,3.9152729511260986,4.757575988769531
Proliferation,1.5,val,76,185,0.6982389688491821,3.9170897006988525,4.8684210777282715
Proliferation,1.5,val,82,202,0.6561931371688843,3.910672187805176,4.9268293380737305
Proliferation,1.5,val,82,202,0.6615434288978577,3.907529830932617,4.9268293380737305
Proliferation,1.5,val,82,202,0.6729233264923096,3.906209707260132,4.9268293380737305
Proliferation,1.5,val,91,224,0.6162700653076172,3.9406051635742188,4.92307710647583
Proliferation,1.5,val,91,224,0.6231334805488586,3.929899215698242,4.92307710647583
Proliferation,1.5,val,91,224,0.6400719285011292,3.9352357387542725,4.92307710647583
Proliferation,1.5,val,100,250,0.5956018567085266,3.9547882080078125,5.0
Proliferation,1.5,val,100,250,0.598612368106842,3.9613192081451416,5.0
Proliferation,1.5,val,100,250,0.5996488332748413,3.965726613998413,5.0
Proliferation,1.5,val,100,250,0.6000000238418579,3.9689245223999023,5.0
Proliferation,1.5,val,6,9,0.8660253882408142,3.722419500350952,3.0
Proliferation,1.5,val,6,9,0.9593542218208313,3.7377843856811523,3.0
Proliferation,1.5,val,6,9,0.9607160687446594,3.7441565990448,3.0
Proliferation,1.5,val,6,9,0.9609212875366211,3.7472097873687744,3.0
Proliferation,1.5,val,6,9,0.9613005518913269,3.75372052192688,3.0
Proliferation,1.5,val,6,9,0.9616269469261169,3.760546922683716,3.0
Proliferation,1.5,val,6,9,0.9617710709571838,3.7639853954315186,3.0
Proliferation,1.5,val,6,9,0.9620258212089539,3.7707748413085938,3.0
Proliferation,1.5,val,6,9,0.9622423052787781,3.777324914932251,3.0
Proliferation,1.5,val,7,11,0.8208141922950745,3.835756301879883,3.142857074737549
Proliferation,1.5,val,7,11,0.8403242826461792,3.802074432373047,3.142857074737549
Proliferation,1.5,val,8,13,0.7499176263809204,3.8563501834869385,3.25
Proliferation,1.5,val,8,13,0.7666997909545898,3.8392386436462402,3.25
Proliferation,1.5,val,11,19,0.5813736319541931,3.9042563438415527,3.454545497894287
Proliferation,1.5,val,12,21,0.5850541591644287,3.844395875930786,3.5
Proliferation,1.5,val,12,21,0.6190884709358215,3.8321492671966553,3.5
Proliferation,1.5,val,12,21,0.6878258585929871,3.823590040206909,3.5
Proliferation,1.5,val,12,21,0.7220619320869446,3.821479558944702,3.5
Proliferation,1.5,val,12,21,0.787288248538971,3.818788766860962,3.5
Proliferation,1.5,val,12,21,0.8433411121368408,3.8183014392852783,3.5
Proliferation,1.5,val,12,21,0.8714389801025391,3.8190228939056396,3.5
Proliferation,1.5,val,12,21,0.9187504649162292,3.8192126750946045,3.5
Proliferation,1.5,val,12,21,0.9495266079902649,3.8198506832122803,3.5
Proliferation,1.5,val,12,21,0.955711841583252,3.8182506561279297,3.5
Proliferation,1.5,val,12,21,0.9573536515235901,3.8162593841552734,3.5
Proliferation,1.5,val,12,21,0.957963764667511,3.8158531188964844,3.5
Proliferation,1.5,val,12,21,0.9582397937774658,3.8160240650177,3.5
Proliferation,1.5,val,12,21,0.9587505459785461,3.8169186115264893,3.5
Proliferation,1.5,val,12,21,0.9592180848121643,3.8184053897857666,3.5
Proliferation,1.5,val,12,21,0.9594385027885437,3.8193347454071045,3.5
Proliferation,1.5,val,12,21,0.9598563313484192,3.8215103149414062,3.5
Proliferation,1.5,val,14,26,0.8282451629638672,3.8453898429870605,3.7142856121063232
Proliferation,1.5,val,14,26,0.8379503488540649,3.841562032699585,3.7142856121063232
Proliferation,1.5,val,16,30,0.7471397519111633,3.884382963180542,3.75
Proliferation,1.5,val,18,35,0.6937533617019653,3.901189088821411,3.8888888359069824
Proliferation,1.5,val,21,41,0.6076975464820862,3.9393303394317627,3.904761791229248
Proliferation,1.5,val,22,43,0.6312748193740845,3.9025306701660156,3.909090995788574
Proliferation,1.5,val,22,43,0.6919384598731995,3.9076926708221436,3.909090995788574
Proliferation,1.5,val,22,43,0.7223629355430603,3.9126741886138916,3.909090995788574
Proliferation,1.5,val,22,43,0.783474326133728,3.923413038253784,3.909090995788574
Proliferation,1.5,val,22,44,0.8366791009902954,3.9276602268218994,4.0
Proliferation,1.5,val,22,44,0.8616015911102295,3.9189321994781494,4.0
Proliferation,1.5,val,22,44,0.907002866268158,3.919344425201416,4.0
Proliferation,1.5,val,22,44,0.9399904012680054,3.9209954738616943,4.0
Proliferation,1.5,val,22,44,0.9480528235435486,3.9190940856933594,4.0
Proliferation,1.5,val,22,44,0.9526859521865845,3.9125020503997803,4.0
Proliferation,1.5,val,22,44,0.9533677697181702,3.9078378677368164,4.0
Proliferation,1.5,val,22,44,0.9536727666854858,3.905909776687622,4.0
Proliferation,1.5,val,22,44,0.9542328119277954,3.9027092456817627,4.0
Proliferation,1.5,val,22,44,0.9547319412231445,3.900268316268921,4.0
Proliferation,1.5,val,22,44,0.9549127221107483,3.898801565170288,4.0
Proliferation,1.5,val,22,44,0.9553382992744446,3.8967530727386475,4.0
Proliferation,1.5,val,25,52,0.8390547037124634,3.9072465896606445,4.159999847412109
Proliferation,1.5,val,25,52,0.8459428548812866,3.8930933475494385,4.159999847412109
Proliferation,1.5,val,25,52,0.8617581129074097,3.8885858058929443,4.159999847412109
Proliferation,1.5,val,29,62,0.7649022936820984,3.894906759262085,4.275862216949463
Proliferation,1.5,val,32,70,0.7066839933395386,3.9018523693084717,4.375
Proliferation,1.5,val,38,86,0.6342482566833496,3.8979599475860596,4.526315689086914
Proliferation,1.5,val,40,90,0.6535935401916504,3.8830833435058594,4.5
Proliferation,1.5,val,40,90,0.6814688444137573,3.883749008178711,4.5
Proliferation,1.5,val,40,91,0.7352638244628906,3.888002872467041,4.550000190734863
Proliferation,1.5,val,40,91,0.7600741386413574,3.898465633392334,4.550000190734863
Proliferation,1.5,val,40,91,0.8052054643630981,3.919088840484619,4.550000190734863
Proliferation,1.5,val,40,91,0.844132125377655,3.9363574981689453,4.550000190734863
Proliferation,1.5,val,40,92,0.8600349426269531,3.937746524810791,4.599999904632568
Proliferation,1.5,val,40,92,0.8878434896469116,3.927408218383789,4.599999904632568
Proliferation,1.5,val,40,92,0.9095427393913269,3.9280762672424316,4.599999904632568
Proliferation,1.5,val,40,92,0.915985107421875,3.927006959915161,4.599999904632568
Proliferation,1.5,val,40,92,0.9249023199081421,3.9236793518066406,4.599999904632568
Proliferation,1.5,val,40,92,0.9310820698738098,3.919184923171997,4.599999904632568
Proliferation,1.5,val,40,92,0.9335135221481323,3.9169623851776123,4.599999904632568
Proliferation,1.5,val,40,92,0.9373735189437866,3.9128005504608154,4.599999904632568
Proliferation,1.5,val,40,92,0.9403148889541626,3.9091739654541016,4.599999904632568
Proliferation,1.5,val,40,92,0.9415044784545898,3.907553195953369,4.599999904632568
Proliferation,1.5,val,43,99,0.8771683573722839,3.9281363487243652,4.604650974273682
Proliferation,1.5,val,43,99,0.8821008205413818,3.915616512298584,4.604650974273682
Proliferation,1.5,val,43,99,0.8837220072746277,3.9137978553771973,4.604650974273682
Proliferation,1.5,val,49,113,0.7848793268203735,3.9081685543060303,4.612245082855225
Proliferation,1.5,val,65,152,0.6049591898918152,3.9363620281219482,4.6769232749938965
Proliferation,1.5,val,65,152,0.6141020655632019,3.921922445297241,4.6769232749938965
Proliferation,1.5,val,68,161,0.6077508926391602,3.9257678985595703,4.735294342041016
Proliferation,1.5,val,68,161,0.6325453519821167,3.936391592025757,4.735294342041016
Proliferation,1.5,val,68,161,0.6437860131263733,3.9429917335510254,4.735294342041016
Proliferation,1.5,val,68,161,0.6693850159645081,3.959641456604004,4.735294342041016
Proliferation,1.5,val,68,161,0.6965845823287964,3.9681482315063477,4.735294342041016
Proliferation,1.5,val,68,161,0.7100794911384583,3.972282886505127,4.735294342041016
Proliferation,1.5,val,68,161,0.7330261468887329,3.979982614517212,4.735294342041016
Proliferation,1.5,val,68,161,0.7549471855163574,3.982703685760498,4.735294342041016
Proliferation,1.5,val,68,161,0.7654473781585693,3.9847183227539062,4.735294342041016
Proliferation,1.5,val,68,161,0.7829136848449707,3.9860992431640625,4.735294342041016
Proliferation,1.5,val,68,161,0.7976828217506409,3.9862921237945557,4.735294342041016
Proliferation,1.5,val,68,161,0.8044360876083374,3.9863078594207764,4.735294342041016
Proliferation,1.5,val,68,161,0.8164985179901123,3.9882619380950928,4.735294342041016
Proliferation,1.5,val,68,161,0.8272444605827332,3.9929561614990234,4.735294342041016
Proliferation,1.5,val,68,161,0.832036554813385,3.996105432510376,4.735294342041016
Proliferation,1.5,val,68,161,0.8408187627792358,3.9949259757995605,4.735294342041016
Proliferation,1.5,val,74,178,0.7791706919670105,3.982055187225342,4.8108110427856445
Proliferation,1.5,val,74,178,0.7820798754692078,3.972203016281128,4.8108110427856445
Proliferation,1.5,val,84,206,0.6930354237556458,3.9364452362060547,4.904761791229248
Proliferation,1.5,val,92,226,0.6421564817428589,3.941654920578003,4.91304349899292
Proliferation,1.5,val,108,269,0.5504125952720642,3.9578824043273926,4.981481552124023
Proliferation,1.5,val,112,279,0.5336083769798279,3.940174102783203,4.982142925262451
Proliferation,1.5,val,112,279,0.5357142686843872,3.945599317550659,4.982142925262451
Proliferation,1.75,val,6,9,0.8660253882408142,3.722419500350952,3.0
Proliferation,1.75,val,6,9,0.8868961930274963,3.733970880508423,3.0
Proliferation,1.75,val,6,9,0.914573609828949,3.7442166805267334,3.0
Proliferation,1.75,val,6,9,0.9340868592262268,3.7491304874420166,3.0
Proliferation,1.75,val,6,9,0.9535489082336426,3.7538814544677734,3.0
Proliferation,1.75,val,6,9,0.9615375399589539,3.7598607540130615,3.0
Proliferation,1.75,val,6,9,0.961844265460968,3.76672625541687,3.0
Proliferation,1.75,val,6,9,0.9619753360748291,3.770139455795288,3.0
Proliferation,1.75,val,6,9,0.9622049331665039,3.7767841815948486,3.0
Proliferation,1.75,val,7,11,0.8192846179008484,3.848856210708618,3.142857074737549
Proliferation,1.75,val,8,13,0.7339057922363281,3.832798719406128,3.25
Proliferation,1.75,val,9,15,0.6771314144134521,3.8918097019195557,3.3333332538604736
Proliferation,1.75,val,9,15,0.7158252000808716,3.881708860397339,3.3333332538604736
Proliferation,1.75,val,9,15,0.7548912167549133,3.8851518630981445,3.3333332538604736
Proliferation,1.75,val,9,15,0.7743833065032959,3.8879263401031494,3.3333332538604736
Proliferation,1.75,val,9,15,0.8132860660552979,3.8943252563476562,3.3333332538604736
Proliferation,1.75,val,10,17,0.7705278396606445,3.8990471363067627,3.4000000953674316
Proliferation,1.75,val,10,17,0.8169112205505371,3.8912651538848877,3.4000000953674316
Proliferation,1.75,val,12,21,0.7158738970756531,3.8891494274139404,3.5
Proliferation,1.75,val,12,21,0.7586479187011719,3.874044179916382,3.5
Proliferation,1.75,val,12,21,0.7951107025146484,3.873030424118042,3.5
Proliferation,1.75,val,12,21,0.8097946047782898,3.8726208209991455,3.5
Proliferation,1.75,val,12,21,0.8390851020812988,3.8727381229400635,3.5
Proliferation,1.75,val,12,21,0.8683003783226013,3.8736627101898193,3.5
Proliferation,1.75,val,12,21,0.8974553942680359,3.8751614093780518,3.5
Proliferation,1.75,val,12,21,0.9209273457527161,3.8761088848114014,3.5
Proliferation,1.75,val,12,21,0.940406858921051,3.8773536682128906,3.5
Proliferation,1.75,val,12,21,0.9568674564361572,3.878257989883423,3.5
Proliferation,1.75,val,12,21,0.9581937193870544,3.8787662982940674,3.5
Proliferation,1.75,val,12,21,0.9586288928985596,3.8806374073028564,3.5
Proliferation,1.75,val,12,21,0.9589932560920715,3.8830034732818604,3.5
Proliferation,1.75,val,12,21,0.9593093991279602,3.885667085647583,3.5
Proliferation,1.75,val,16,30,0.7180010080337524,3.906954526901245,3.75
Proliferation,1.75,val,18,33,0.6598179340362549,3.9430503845214844,3.6666667461395264
Proliferation,1.75,val,18,33,0.6920768618583679,3.910245180130005,3.6666667461395264
Proliferation,1.75,val,18,33,0.7114255428314209,3.9108152389526367,3.6666667461395264
Proliferation,1.75,val,18,33,0.7501227259635925,3.91424822807312,3.6666667461395264
Proliferation,1.75,val,18,33,0.7886014580726624,3.920114755630493,3.6666667461395264
Proliferation,1.75,val,20,37,0.7423218488693237,3.9518864154815674,3.700000047683716
Proliferation,1.75,val,20,37,0.7873666882514954,3.9404232501983643,3.700000047683716
Proliferation,1.75,val,22,42,0.7549707889556885,3.9542105197906494,3.8181817531585693
Proliferation,1.75,val,24,46,0.7320517897605896,3.931839942932129,3.8333332538604736
Proliferation,1.75,val,24,46,0.7515644431114197,3.925929069519043,3.8333332538604736
Proliferation,1.75,val,24,46,0.7875402569770813,3.921807050704956,3.8333332538604736
Proliferation,1.75,val,24,46,0.8164288401603699,3.9209654331207275,3.8333332538604736
Proliferation,1.75,val,24,46,0.8450536131858826,3.9223740100860596,3.8333332538604736
Proliferation,1.75,val,24,46,0.8734886050224304,3.925983428955078,3.8333332538604736
Proliferation,1.75,val,24,46,0.9010067582130432,3.93080997467041,3.8333332538604736
Proliferation,1.75,val,24,46,0.9205153584480286,3.931868553161621,3.8333332538604736
Proliferation,1.75,val,24,46,0.9301156997680664,3.932511329650879,3.8333332538604736
Proliferation,1.75,val,24,46,0.9469287991523743,3.932521104812622,3.8333332538604736
Proliferation,1.75,val,24,46,0.9492421746253967,3.926389694213867,3.8333332538604736
Proliferation,1.75,val,24,46,0.9499807953834534,3.920863389968872,3.8333332538604736
Proliferation,1.75,val,24,46,0.950615406036377,3.916158676147461,3.8333332538604736
Proliferation,1.75,val,27,54,0.8435178399085999,3.9343996047973633,4.0
Proliferation,1.75,val,31,66,0.7497875094413757,3.916783332824707,4.2580647468566895
Proliferation,1.75,val,35,73,0.6716201305389404,3.9502432346343994,4.171428680419922
Proliferation,1.75,val,35,73,0.7004014253616333,3.9036197662353516,4.171428680419922
Proliferation,1.75,val,35,73,0.7346957325935364,3.8988037109375,4.171428680419922
Proliferation,1.75,val,35,73,0.7686558365821838,3.9025259017944336,4.171428680419922
Proliferation,1.75,val,35,73,0.8025252819061279,3.9105799198150635,4.171428680419922
Proliferation,1.75,val,39,84,0.7514773011207581,3.9233429431915283,4.307692527770996
Proliferation,1.75,val,39,84,0.7851948142051697,3.934490203857422,4.307692527770996
Proliferation,1.75,val,42,92,0.7440062761306763,3.9472579956054688,4.38095235824585
Proliferation,1.75,val,46,104,0.7106720209121704,3.9404313564300537,4.5217390060424805
Proliferation,1.75,val,46,104,0.742633581161499,3.9327502250671387,4.5217390060424805
Proliferation,1.75,val,46,104,0.76444411277771,3.9290764331817627,4.5217390060424805
Proliferation,1.75,val,46,104,0.7838272452354431,3.930173397064209,4.5217390060424805
Proliferation,1.75,val,46,104,0.8036366105079651,3.9332473278045654,4.5217390060424805
Proliferation,1.75,val,46,104,0.8234445452690125,3.934190273284912,4.5217390060424805
Proliferation,1.75,val,46,104,0.8337730765342712,3.934760808944702,4.5217390060424805
Proliferation,1.75,val,46,104,0.8550262451171875,3.9242663383483887,4.5217390060424805
Proliferation,1.75,val,46,105,0.8781253695487976,3.9109833240509033,4.5652174949646
Proliferation,1.75,val,46,105,0.8966024518013,3.9092438220977783,4.5652174949646
Proliferation,1.75,val,46,105,0.9077863097190857,3.9074926376342773,4.5652174949646
Proliferation,1.75,val,46,105,0.9163530468940735,3.905736207962036,4.5652174949646
Proliferation,1.75,val,46,105,0.9230509400367737,3.9037508964538574,4.5652174949646
Proliferation,1.75,val,50,114,0.8518298268318176,3.912384271621704,4.559999942779541
Proliferation,1.75,val,54,125,0.7915629744529724,3.9172887802124023,4.629629611968994
Proliferation,1.75,val,62,144,0.6931188106536865,3.937009572982788,4.645161151885986
Proliferation,1.75,val,62,144,0.7106115221977234,3.9261281490325928,4.645161151885986
Proliferation,1.75,val,62,144,0.727776288986206,3.928774356842041,4.645161151885986
Proliferation,1.75,val,62,144,0.7462475299835205,3.9367947578430176,4.645161151885986
Proliferation,1.75,val,67,155,0.7088803648948669,3.954432249069214,4.626865863800049
Proliferation,1.75,val,67,155,0.7183206081390381,3.9538888931274414,4.626865863800049
Proliferation,1.75,val,67,155,0.7373642325401306,3.9607152938842773,4.626865863800049
Proliferation,1.75,val,77,181,0.6581404805183411,3.98764705657959,4.701298713684082
Proliferation,1.75,val,77,181,0.67325758934021,3.9724862575531006,4.701298713684082
Proliferation,1.75,val,77,182,0.6896268129348755,3.9757840633392334,4.7272725105285645
Proliferation,1.75,val,77,182,0.701154351234436,3.9736921787261963,4.7272725105285645
Proliferation,1.75,val,77,182,0.7125320434570312,3.9853672981262207,4.7272725105285645
Proliferation,1.75,val,77,182,0.7182812094688416,3.9930942058563232,4.7272725105285645
Proliferation,1.75,val,77,182,0.7300030589103699,4.001643180847168,4.7272725105285645
Proliferation,1.75,val,77,183,0.7427489757537842,3.9919686317443848,4.753246784210205
Proliferation,1.75,val,77,183,0.7551521062850952,3.997701644897461,4.753246784210205
Proliferation,1.75,val,77,183,0.7674940824508667,3.9986319541931152,4.753246784210205
Proliferation,1.75,val,77,185,0.776984453201294,3.972093343734741,4.805194854736328
Proliferation,1.75,val,77,185,0.7776426076889038,3.970648765563965,4.805194854736328
Proliferation,1.75,val,77,185,0.7779245376586914,3.9712588787078857,4.805194854736328
Proliferation,1.75,val,77,185,0.7787030339241028,3.9728829860687256,4.805194854736328
Proliferation,1.75,val,7,11,0.6720283627510071,3.8003621101379395,3.142857074737549
Proliferation,1.75,val,7,11,0.7122655510902405,3.7851192951202393,3.142857074737549
Proliferation,1.75,val,7,11,0.7541913986206055,3.782205104827881,3.142857074737549
Proliferation,1.75,val,8,13,0.6923092603683472,3.8240914344787598,3.25
Proliferation,1.75,val,8,13,0.7397089600563049,3.795586109161377,3.25
Proliferation,1.75,val,8,13,0.7615519165992737,3.79402232170105,3.25
Proliferation,1.75,val,9,15,0.7163832187652588,3.8171446323394775,3.3333332538604736
Proliferation,1.75,val,9,15,0.768115758895874,3.805341958999634,3.3333332538604736
Proliferation,1.75,val,9,15,0.8156841993331909,3.804403066635132,3.3333332538604736
Proliferation,1.75,val,9,15,0.8529000878334045,3.8072688579559326,3.3333332538604736
Proliferation,1.75,val,9,15,0.8788425922393799,3.8116772174835205,3.3333332538604736
Proliferation,1.75,val,9,15,0.9044795632362366,3.8147897720336914,3.3333332538604736
Proliferation,1.75,val,9,15,0.9173887968063354,3.816307544708252,3.3333332538604736
Proliferation,1.75,val,9,15,0.9385253190994263,3.8194050788879395,3.3333332538604736
Proliferation,1.75,val,9,15,0.9515999555587769,3.822687864303589,3.3333332538604736
Proliferation,1.75,val,9,15,0.9605529308319092,3.825113534927368,3.3333332538604736
Proliferation,1.75,val,9,15,0.9608423709869385,3.826948404312134,3.3333332538604736
Proliferation,1.75,val,10,17,0.8641225099563599,3.894695997238159,3.4000000953674316
Proliferation,1.75,val,10,17,0.8691730499267578,3.847201108932495,3.4000000953674316
Proliferation,1.75,val,10,17,0.8750823140144348,3.8432059288024902,3.4000000953674316
Proliferation,1.75,val,10,17,0.8868538737297058,3.840752124786377,3.4000000953674316
Proliferation,1.75,val,11,19,0.813842236995697,3.8395674228668213,3.454545497894287
Proliferation,1.75,val,12,21,0.7673923373222351,3.8425748348236084,3.5
Proliferation,1.75,val,14,25,0.6872662305831909,3.8661277294158936,3.5714285373687744
Proliferation,1.75,val,14,25,0.7290800213813782,3.8517346382141113,3.5714285373687744
Proliferation,1.75,val,14,25,0.7708396911621094,3.8453962802886963,3.5714285373687744
Proliferation,1.75,val,16,29,0.6875126361846924,3.9022297859191895,3.625
Proliferation,1.75,val,16,29,0.7343689203262329,3.87998628616333,3.625
Proliferation,1.75,val,18,33,0.6879156231880188,3.9514241218566895,3.6666667461395264
Proliferation,1.75,val,18,33,0.7352667450904846,3.913787841796875,3.6666667461395264
Proliferation,1.75,val,18,33,0.7859184741973877,3.912874937057495,3.6666667461395264
Proliferation,1.75,val,18,34,0.8282147645950317,3.898482084274292,3.777777671813965
Proliferation,1.75,val,18,34,0.8594155311584473,3.896223306655884,3.777777671813965
Proliferation,1.75,val,18,34,0.8724286556243896,3.8969929218292236,3.777777671813965
Proliferation,1.75,val,18,34,0.8983124494552612,3.899674654006958,3.777777671813965
Proliferation,1.75,val,18,34,0.9241123199462891,3.9030392169952393,3.777777671813965
Proliferation,1.75,val,18,34,0.9390230178833008,3.90496826171875,3.777777671813965
Proliferation,1.75,val,18,34,0.9521143436431885,3.9071269035339355,3.777777671813965
Proliferation,1.75,val,18,34,0.9556156992912292,3.9059622287750244,3.777777671813965
Proliferation,1.75,val,18,34,0.9558823704719543,3.905026435852051,3.777777671813965
Proliferation,1.75,val,19,36,0.9053036570549011,3.9183013439178467,3.78947377204895
Proliferation,1.75,val,19,36,0.9087507128715515,3.8938233852386475,3.78947377204895
Proliferation,1.75,val,19,36,0.9152107238769531,3.8908863067626953,3.78947377204895
Proliferation,1.75,val,19,36,0.9215922951698303,3.8900527954101562,3.78947377204895
Proliferation,1.75,val,23,46,0.7679990530014038,3.9020018577575684,4.0
Proliferation,1.75,val,26,55,0.7001807689666748,3.8990097045898438,4.230769157409668
Proliferation,1.75,val,26,55,0.7343839406967163,3.8807249069213867,4.230769157409668
Proliferation,1.75,val,26,55,0.751886248588562,3.878600597381592,4.230769157409668
Proliferation,1.75,val,26,55,0.7871087789535522,3.8784825801849365,4.230769157409668
Proliferation,1.75,val,29,61,0.737045168876648,3.894704818725586,4.206896781921387
Proliferation,1.75,val,29,61,0.7775972485542297,3.890169382095337,4.206896781921387
Proliferation,1.75,val,33,72,0.7164644002914429,3.8965060710906982,4.363636493682861
Proliferation,1.75,val,33,72,0.7618578672409058,3.888622760772705,4.363636493682861
Proliferation,1.75,val,33,72,0.7844390869140625,3.894193649291992,4.363636493682861
Proliferation,1.75,val,33,72,0.8181775212287903,3.9072930812835693,4.363636493682861
Proliferation,1.75,val,33,72,0.8445459604263306,3.9191486835479736,4.363636493682861
Proliferation,1.75,val,33,72,0.8674229979515076,3.93058443069458,4.363636493682861
Proliferation,1.75,val,33,72,0.8901190161705017,3.943068504333496,4.363636493682861
Proliferation,1.75,val,33,72,0.9091654419898987,3.9553370475769043,4.363636493682861
Proliferation,1.75,val,33,72,0.9218698740005493,3.966400146484375,4.363636493682861
Proliferation,1.75,val,33,72,0.9281341433525085,3.9710347652435303,4.363636493682861
Proliferation,1.75,val,33,72,0.9365100860595703,3.9711239337921143,4.363636493682861
Proliferation,1.75,val,33,72,0.9392818212509155,3.9641451835632324,4.363636493682861
Proliferation,1.75,val,35,77,0.8862354755401611,3.951871633529663,4.400000095367432
Proliferation,1.75,val,35,77,0.890917181968689,3.9475491046905518,4.400000095367432
Proliferation,1.75,val,35,77,0.8968169093132019,3.947192430496216,4.400000095367432
Proliferation,1.75,val,39,88,0.8082599639892578,3.943694591522217,4.512820720672607
Proliferation,1.75,val,42,95,0.7557426691055298,3.948331832885742,4.523809432983398
Proliferation,1.75,val,46,105,0.7061414122581482,3.952716112136841,4.5652174949646
Proliferation,1.75,val,46,105,0.7286747097969055,3.952646017074585,4.5652174949646
Proliferation,1.75,val,46,107,0.7553463578224182,3.9314398765563965,4.65217399597168
Proliferation,1.75,val,52,121,0.6869767904281616,3.9564127922058105,4.653846263885498
Proliferation,1.75,val,52,121,0.7177740335464478,3.9368860721588135,4.653846263885498
Proliferation,1.75,val,57,133,0.681338369846344,3.9324088096618652,4.666666507720947
Proliferation,1.75,val,57,133,0.694000244140625,3.9223649501800537,4.666666507720947
Proliferation,1.75,val,57,133,0.7190684676170349,3.9242091178894043,4.666666507720947
Proliferation,1.75,val,57,133,0.7439429759979248,3.9305500984191895,4.666666507720947
Proliferation,1.75,val,57,133,0.7662696242332458,3.935673475265503,4.666666507720947
Proliferation,1.75,val,57,133,0.7880415916442871,3.933645248413086,4.666666507720947
Proliferation,1.75,val,57,133,0.8095134496688843,3.934952735900879,4.666666507720947
Proliferation,1.75,val,57,133,0.8300893902778625,3.9391069412231445,4.666666507720947
Proliferation,1.75,val,57,133,0.8376907706260681,3.940452814102173,4.666666507720947
Proliferation,1.75,val,57,133,0.8491634130477905,3.9433107376098633,4.666666507720947
Proliferation,1.75,val,57,133,0.8601742386817932,3.9467389583587646,4.666666507720947
Proliferation,1.75,val,57,133,0.8708560466766357,3.947514533996582,4.666666507720947
Proliferation,1.75,val,61,142,0.822845458984375,3.957571029663086,4.65573787689209
Proliferation,1.75,val,61,142,0.8304287195205688,3.9396066665649414,4.65573787689209
Proliferation,1.75,val,61,142,0.8370199203491211,3.935645341873169,4.65573787689209
Proliferation,1.75,val,61,142,0.8402679562568665,3.934974193572998,4.65573787689209
Proliferation,1.75,val,66,157,0.7817162275314331,3.936847686767578,4.757575988769531
Proliferation,1.75,val,70,168,0.745377242565155,3.9225807189941406,4.800000190734863
Proliferation,1.75,val,76,185,0.694990873336792,3.922813892364502,4.8684210777282715
Proliferation,1.75,val,76,185,0.7048935294151306,3.9191436767578125,4.8684210777282715
Proliferation,1.75,val,76,185,0.7161096334457397,3.926459550857544,4.8684210777282715
Proliferation,1.75,val,87,215,0.6359454393386841,3.923419713973999,4.94252872467041
Proliferation,1.75,val,87,215,0.6441045999526978,3.922539710998535,4.94252872467041
Proliferation,1.75,val,96,239,0.5995354652404785,3.9263992309570312,4.979166507720947
Proliferation,1.75,val,96,239,0.6139470338821411,3.929175615310669,4.979166507720947
Proliferation,1.75,val,96,239,0.6225723624229431,3.949925184249878,4.979166507720947
Proliferation,1.75,val,96,239,0.6242989301681519,3.9560775756835938,4.979166507720947
Proliferation,1.75,val,6,9,0.8660253882408142,3.722419500350952,3.0
Proliferation,1.75,val,6,9,0.9578707218170166,3.737762451171875,3.0
Proliferation,1.75,val,6,9,0.9605045318603516,3.7411868572235107,3.0
Proliferation,1.75,val,6,9,0.9609209895133972,3.747213363647461,3.0
Proliferation,1.75,val,6,9,0.9613006711006165,3.753722906112671,3.0
Proliferation,1.75,val,6,9,0.9616270661354065,3.7605502605438232,3.0
Proliferation,1.75,val,6,9,0.9619038105010986,3.767406463623047,3.0
Proliferation,1.75,val,6,9,0.9621385931968689,3.774092435836792,3.0
Proliferation,1.75,val,6,9,0.9623384475708008,3.7804839611053467,3.0
Proliferation,1.75,val,6,9,0.9624276161193848,3.7835452556610107,3.0
Proliferation,1.75,val,7,11,0.8251803517341614,3.8198719024658203,3.142857074737549
Proliferation,1.75,val,7,11,0.8423221707344055,3.804922342300415,3.142857074737549
Proliferation,1.75,val,8,13,0.7482407093048096,3.85998272895813,3.25
Proliferation,1.75,val,9,15,0.6867218017578125,3.847585916519165,3.3333332538604736
Proliferation,1.75,val,11,19,0.5889613032341003,3.876495599746704,3.454545497894287
Proliferation,1.75,val,12,21,0.5866595506668091,3.835397720336914,3.5
Proliferation,1.75,val,12,21,0.6160734295845032,3.825937509536743,3.5
Proliferation,1.75,val,12,21,0.6749984622001648,3.8191277980804443,3.5
Proliferation,1.75,val,12,21,0.7336697578430176,3.816274404525757,3.5
Proliferation,1.75,val,12,21,0.7889496684074402,3.8146793842315674,3.5
Proliferation,1.75,val,12,21,0.8373479843139648,3.813364028930664,3.5
Proliferation,1.75,val,12,21,0.8852208256721497,3.813169240951538,3.5
Proliferation,1.75,val,12,21,0.9237637519836426,3.8136746883392334,3.5
Proliferation,1.75,val,12,21,0.9393278956413269,3.814103364944458,3.5
Proliferation,1.75,val,12,21,0.9555771946907043,3.8133020401000977,3.5
Proliferation,1.75,val,12,21,0.958595335483551,3.8131039142608643,3.5
Proliferation,1.75,val,12,21,0.9591420292854309,3.8143532276153564,3.5
Proliferation,1.75,val,12,21,0.959611713886261,3.8164584636688232,3.5
Proliferation,1.75,val,12,21,0.960029125213623,3.8191492557525635,3.5
Proliferation,1.75,val,12,21,0.9603791236877441,3.8222923278808594,3.5
Proliferation,1.75,val,12,21,0.9605348110198975,3.82399582862854,3.5
Proliferation,1.75,val,12,21,0.9608214497566223,3.8275678157806396,3.5
Proliferation,1.75,val,14,26,0.8195358514785767,3.8864364624023438,3.7142856121063232
Proliferation,1.75,val,14,26,0.8327212929725647,3.8501055240631104,3.7142856121063232
Proliferation,1.75,val,14,26,0.8495370149612427,3.8481287956237793,3.7142856121063232
Proliferation,1.75,val,16,30,0.7610350251197815,3.8782589435577393,3.75
Proliferation,1.75,val,20,39,0.6295410990715027,3.9233479499816895,3.9000000953674316
Proliferation,1.75,val,21,41,0.6167473793029785,3.909658193588257,3.904761791229248
Proliferation,1.75,val,23,45,0.6050209403038025,3.8879129886627197,3.91304349899292
Proliferation,1.75,val,23,45,0.6595956683158875,3.8904225826263428,3.91304349899292
Proliferation,1.75,val,23,45,0.7144675850868225,3.8974862098693848,3.91304349899292
Proliferation,1.75,val,23,45,0.7695475220680237,3.9048078060150146,3.91304349899292
Proliferation,1.75,val,23,45,0.8171222805976868,3.908787488937378,3.91304349899292
Proliferation,1.75,val,23,46,0.8631678223609924,3.898207902908325,4.0
Proliferation,1.75,val,23,46,0.8853318691253662,3.895616054534912,4.0
Proliferation,1.75,val,23,46,0.9208276271820068,3.8939049243927,4.0
Proliferation,1.75,val,23,46,0.9438616633415222,3.891082763671875,4.0
Proliferation,1.75,val,23,46,0.9525266885757446,3.8847029209136963,4.0
Proliferation,1.75,val,23,46,0.9532472491264343,3.879140853881836,4.0
Proliferation,1.75,val,23,46,0.9538552761077881,3.8749632835388184,4.0
Proliferation,1.75,val,23,46,0.9543951153755188,3.8718068599700928,4.0
Proliferation,1.75,val,23,46,0.9546443819999695,3.870535373687744,4.0
Proliferation,1.75,val,23,46,0.9551090002059937,3.868492364883423,4.0
Proliferation,1.75,val,23,46,0.9554649591445923,3.8665459156036377,4.0
Proliferation,1.75,val,23,46,0.9558406472206116,3.8650429248809814,4.0
Proliferation,1.75,val,26,54,0.8464374542236328,3.876422882080078,4.153846263885498
Proliferation,1.75,val,26,54,0.859634280204773,3.8672027587890625,4.153846263885498
Proliferation,1.75,val,30,61,0.7503883838653564,3.9138574600219727,4.066666603088379
Proliferation,1.75,val,30,61,0.7633314728736877,3.9027931690216064,4.066666603088379
Proliferation,1.75,val,38,83,0.6223808526992798,3.9432520866394043,4.3684210777282715
Proliferation,1.75,val,44,96,0.5691942572593689,3.942633628845215,4.363636493682861
Proliferation,1.75,val,44,96,0.6144775152206421,3.913132429122925,4.363636493682861
Proliferation,1.75,val,44,97,0.6640395522117615,3.919158697128296,4.409090995788574
Proliferation,1.75,val,44,97,0.7094789147377014,3.944969415664673,4.409090995788574
Proliferation,1.75,val,44,97,0.7539792656898499,3.975639581680298,4.409090995788574
Proliferation,1.75,val,44,97,0.7751323580741882,3.9892160892486572,4.409090995788574
Proliferation,1.75,val,44,97,0.8147668242454529,4.011768817901611,4.409090995788574
Proliferation,1.75,val,44,97,0.8450958728790283,4.023566722869873,4.409090995788574
Proliferation,1.75,val,44,97,0.8713912963867188,4.030868053436279,4.409090995788574
Proliferation,1.75,val,44,97,0.8934440016746521,4.030496597290039,4.409090995788574
Proliferation,1.75,val,44,97,0.9070160388946533,4.023402690887451,4.409090995788574
Proliferation,1.75,val,44,97,0.9156098961830139,4.015003204345703,4.409090995788574
Proliferation,1.75,val,44,97,0.9190271496772766,4.0106425285339355,4.409090995788574
Proliferation,1.75,val,44,97,0.9245012402534485,3.993401527404785,4.409090995788574
Proliferation,1.75,val,44,97,0.9285968542098999,3.9815452098846436,4.409090995788574
Proliferation,1.75,val,44,97,0.9315161108970642,3.9724786281585693,4.409090995788574
Proliferation,1.75,val,44,97,0.9336608648300171,3.9645349979400635,4.409090995788574
Proliferation,1.75,val,47,103,0.8749721646308899,3.9796745777130127,4.382978916168213
Proliferation,1.75,val,47,103,0.8789351582527161,3.957304000854492,4.382978916168213
Proliferation,1.75,val,47,103,0.8807449340820312,3.954115867614746,4.382978916168213
Proliferation,1.75,val,55,123,0.7534773349761963,3.9586989879608154,4.472727298736572
Proliferation,1.75,val,60,137,0.7078670263290405,3.957754373550415,4.566666603088379
Proliferation,1.75,val,70,164,0.6225897073745728,3.9392333030700684,4.685714244842529
Proliferation,1.75,val,78,188,0.5745380520820618,3.914216995239258,4.820512771606445
Proliferation,1.75,val,78,188,0.5950844883918762,3.908552885055542,4.820512771606445
Proliferation,1.75,val,78,188,0.6152669787406921,3.9160265922546387,4.820512771606445
Proliferation,1.75,val,78,188,0.6262071132659912,3.9228734970092773,4.820512771606445
Proliferation,1.75,val,78,188,0.648745596408844,3.9251294136047363,4.820512771606445
Proliferation,1.75,val,78,188,0.6713994145393372,3.9323768615722656,4.820512771606445
Proliferation,1.75,val,78,188,0.6929131746292114,3.9344170093536377,4.820512771606445
Proliferation,1.75,val,78,188,0.7100856304168701,3.9450817108154297,4.820512771606445
Proliferation,1.75,val,78,189,0.7281450629234314,3.9541265964508057,4.846153736114502
Proliferation,1.75,val,78,189,0.7427723407745361,3.9674220085144043,4.846153736114502
Proliferation,1.75,val,78,190,0.7490178346633911,3.9713032245635986,4.871794700622559
Proliferation,1.75,val,78,190,0.7577210664749146,3.984642267227173,4.871794700622559
Proliferation,1.75,val,78,190,0.7635523676872253,3.9906165599823,4.871794700622559
Proliferation,1.75,val,78,190,0.7669057846069336,3.992520570755005,4.871794700622559
Proliferation,1.75,val,78,190,0.7677488327026367,3.983954429626465,4.871794700622559
Proliferation,1.75,val,78,190,0.7682638168334961,3.983910083770752,4.871794700622559
Proliferation,1.75,val,78,190,0.769230842590332,3.985814094543457,4.871794700622559
Proliferation,2.0,test,6,9,0.8660253882408142,3.722419500350952,3.0
Proliferation,2.0,test,6,9,0.8978270888328552,3.740769386291504,3.0
Proliferation,2.0,test,6,9,0.9197492003440857,3.747281789779663,3.0
Proliferation,2.0,test,6,9,0.9368322491645813,3.7521610260009766,3.0
Proliferation,2.0,test,6,9,0.9538777470588684,3.75710129737854,3.0
Proliferation,2.0,test,6,9,0.9616689085960388,3.763124465942383,3.0
Proliferation,2.0,test,6,9,0.9619572758674622,3.7699668407440186,3.0
Proliferation,2.0,test,6,9,0.9621918797492981,3.7766287326812744,3.0
Proliferation,2.0,test,6,9,0.9624767899513245,3.7859694957733154,3.0
Proliferation,2.0,test,8,13,0.715660810470581,3.864706039428711,3.25
Proliferation,2.0,test,8,13,0.7402544021606445,3.8287220001220703,3.25
Proliferation,2.0,test,9,15,0.680159866809845,3.8891236782073975,3.3333332538604736
Proliferation,2.0,test,9,15,0.7143335938453674,3.88150691986084,3.3333332538604736
Proliferation,2.0,test,9,15,0.7485530376434326,3.884916067123413,3.3333332538604736
Proliferation,2.0,test,9,15,0.7826529741287231,3.8904004096984863,3.3333332538604736
Proliferation,2.0,test,10,17,0.7484177350997925,3.915670871734619,3.4000000953674316
Proliferation,2.0,test,10,17,0.7887832522392273,3.8941261768341064,3.4000000953674316
Proliferation,2.0,test,10,17,0.8294258117675781,3.8920013904571533,3.4000000953674316
Proliferation,2.0,test,12,21,0.7228431105613708,3.8801109790802,3.5
Proliferation,2.0,test,12,21,0.7596116662025452,3.872917413711548,3.5
Proliferation,2.0,test,12,21,0.7923223376274109,3.8729031085968018,3.5
Proliferation,2.0,test,12,21,0.8180012702941895,3.8730552196502686,3.5
Proliferation,2.0,test,12,21,0.8435971140861511,3.873931646347046,3.5
Proliferation,2.0,test,12,21,0.8818886876106262,3.8760626316070557,3.5
Proliferation,2.0,test,12,21,0.9073620438575745,3.8778884410858154,3.5
Proliferation,2.0,test,12,21,0.9252837300300598,3.8788249492645264,3.5
Proliferation,2.0,test,12,21,0.942305862903595,3.8803412914276123,3.5
Proliferation,2.0,test,12,21,0.9568132758140564,3.881513833999634,3.5
Proliferation,2.0,test,12,21,0.9588181376457214,3.8832576274871826,3.5
Proliferation,2.0,test,12,21,0.9591682553291321,3.885714530944824,3.5
Proliferation,2.0,test,12,21,0.959606409072876,3.8898074626922607,3.5
Proliferation,2.0,test,14,25,0.8176121711730957,3.9766926765441895,3.5714285373687744
Proliferation,2.0,test,16,29,0.7236274480819702,3.9205448627471924,3.625
Proliferation,2.0,test,18,32,0.6593055129051208,3.9433135986328125,3.555555582046509
Proliferation,2.0,test,18,32,0.6921302080154419,3.9276037216186523,3.555555582046509
Proliferation,2.0,test,18,32,0.7260715961456299,3.9292259216308594,3.555555582046509
Proliferation,2.0,test,18,32,0.7597981095314026,3.9334194660186768,3.555555582046509
Proliferation,2.0,test,18,32,0.7935830950737,3.9397435188293457,3.555555582046509
Proliferation,2.0,test,20,37,0.7631509900093079,3.9324002265930176,3.700000047683716
Proliferation,2.0,test,20,37,0.8036594390869141,3.923938751220703,3.700000047683716
Proliferation,2.0,test,22,42,0.7645033001899719,3.9295313358306885,3.8181817531585693
Proliferation,2.0,test,24,46,0.7372462153434753,3.9138238430023193,3.8333332538604736
Proliferation,2.0,test,24,46,0.7707468867301941,3.906264066696167,3.8333332538604736
Proliferation,2.0,test,24,46,0.7988216876983643,3.9037411212921143,3.8333332538604736
Proliferation,2.0,test,24,46,0.823787271976471,3.903510093688965,3.8333332538604736
Proliferation,2.0,test,24,46,0.8614831566810608,3.9064385890960693,3.8333332538604736
Proliferation,2.0,test,24,46,0.8866122364997864,3.9093589782714844,3.8333332538604736
Proliferation,2.0,test,24,46,0.9089453816413879,3.9113337993621826,3.8333332538604736
Proliferation,2.0,test,24,46,0.9258922934532166,3.911633253097534,3.8333332538604736
Proliferation,2.0,test,24,46,0.942545473575592,3.912907838821411,3.8333332538604736
Proliferation,2.0,test,24,46,0.9510612487792969,3.9104177951812744,3.8333332538604736
Proliferation,2.0,test,24,46,0.9515690803527832,3.9060847759246826,3.8333332538604736
Proliferation,2.0,test,24,46,0.9519986510276794,3.902432441711426,3.8333332538604736
Proliferation,2.0,test,24,46,0.9525733590126038,3.8978612422943115,3.8333332538604736
Proliferation,2.0,test,31,66,0.7369781732559204,3.9601259231567383,4.2580647468566895
Proliferation,2.0,test,31,66,0.7578991651535034,3.9122490882873535,4.2580647468566895
Proliferation,2.0,test,35,72,0.6888659596443176,3.9113168716430664,4.114285945892334
Proliferation,2.0,test,35,72,0.7198451161384583,3.900709867477417,4.114285945892334
Proliferation,2.0,test,35,72,0.7509862184524536,3.8977041244506836,4.114285945892334
Proliferation,2.0,test,35,72,0.7816723585128784,3.898892641067505,4.114285945892334
Proliferation,2.0,test,39,83,0.740547239780426,3.8928375244140625,4.256410121917725
Proliferation,2.0,test,39,83,0.7726576924324036,3.896836519241333,4.256410121917725
Proliferation,2.0,test,39,83,0.80707186460495,3.9090936183929443,4.256410121917725
Proliferation,2.0,test,46,103,0.7083573341369629,3.9315459728240967,4.4782609939575195
Proliferation,2.0,test,46,103,0.7383025884628296,3.9150781631469727,4.4782609939575195
Proliferation,2.0,test,46,103,0.7625039219856262,3.9142448902130127,4.4782609939575195
Proliferation,2.0,test,46,103,0.7792176008224487,3.9161548614501953,4.4782609939575195
Proliferation,2.0,test,46,103,0.7956597805023193,3.9198288917541504,4.4782609939575195
Proliferation,2.0,test,46,103,0.8222278952598572,3.928982973098755,4.4782609939575195
Proliferation,2.0,test,46,103,0.8410233855247498,3.936321496963501,4.4782609939575195
Proliferation,2.0,test,46,103,0.8602458834648132,3.9404375553131104,4.4782609939575195
Proliferation,2.0,test,46,103,0.8790239095687866,3.9429268836975098,4.4782609939575195
Proliferation,2.0,test,46,103,0.896889328956604,3.9442403316497803,4.4782609939575195
Proliferation,2.0,test,46,103,0.909145176410675,3.9313573837280273,4.4782609939575195
Proliferation,2.0,test,46,103,0.916953444480896,3.9283134937286377,4.4782609939575195
Proliferation,2.0,test,46,103,0.9255104660987854,3.924917221069336,4.4782609939575195
Proliferation,2.0,test,50,112,0.8549456596374512,3.918118953704834,4.480000019073486
Proliferation,2.0,test,55,125,0.7789353132247925,3.927556276321411,4.545454502105713
Proliferation,2.0,test,63,144,0.6802788376808167,3.948110580444336,4.5714287757873535
Proliferation,2.0,test,63,144,0.6947745084762573,3.9128775596618652,4.5714287757873535
Proliferation,2.0,test,63,144,0.7121831774711609,3.915604591369629,4.5714287757873535
Proliferation,2.0,test,63,144,0.7308332324028015,3.9253475666046143,4.5714287757873535
Proliferation,2.0,test,63,144,0.7493804097175598,3.9369211196899414,4.5714287757873535
Proliferation,2.0,test,68,156,0.7200112342834473,3.942423105239868,4.588235378265381
Proliferation,2.0,test,68,156,0.736856997013092,3.9530680179595947,4.588235378265381
Proliferation,2.0,test,72,166,0.7121699452400208,3.967825174331665,4.611111164093018
Proliferation,2.0,test,76,178,0.6895226240158081,3.9633054733276367,4.684210300445557
Proliferation,2.0,test,76,178,0.7065090537071228,3.9560205936431885,4.684210300445557
Proliferation,2.0,test,76,179,0.7209565043449402,3.9493324756622314,4.710526466369629
Proliferation,2.0,test,76,179,0.7313405871391296,3.951533317565918,4.710526466369629
Proliferation,2.0,test,76,180,0.7478398084640503,3.9474239349365234,4.736842155456543
Proliferation,2.0,test,76,180,0.7583423256874084,3.956636905670166,4.736842155456543
Proliferation,2.0,test,76,180,0.7687267065048218,3.965228319168091,4.736842155456543
Proliferation,2.0,test,76,182,0.7792105674743652,3.962712049484253,4.789473533630371
Proliferation,2.0,test,76,182,0.7861576676368713,3.958134651184082,4.789473533630371
Proliferation,2.0,test,76,182,0.7882821559906006,3.9543349742889404,4.789473533630371
Proliferation,2.0,test,76,182,0.7886269688606262,3.9539666175842285,4.789473533630371
Proliferation,2.0,test,76,182,0.7889237403869629,3.9559309482574463,4.789473533630371
Proliferation,2.0,test,6,9,0.8660253882408142,3.722419500350952,3.0
Proliferation,2.0,test,7,11,0.6868481636047363,3.7894253730773926,3.142857074737549
Proliferation,2.0,test,7,11,0.7235067486763,3.783505916595459,3.142857074737549
Proliferation,2.0,test,7,11,0.7602130174636841,3.78251576423645,3.142857074737549
Proliferation,2.0,test,8,13,0.6928497552871704,3.8235301971435547,3.25
Proliferation,2.0,test,8,13,0.7350471019744873,3.796874523162842,3.25
Proliferation,2.0,test,8,13,0.7733429074287415,3.795226573944092,3.25
Proliferation,2.0,test,9,15,0.7464522123336792,3.8101320266723633,3.3333332538604736
Proliferation,2.0,test,9,15,0.7915772199630737,3.80669903755188,3.3333332538604736
Proliferation,2.0,test,9,15,0.8285804986953735,3.808727741241455,3.3333332538604736
Proliferation,2.0,test,9,15,0.8584113717079163,3.812225341796875,3.3333332538604736
Proliferation,2.0,test,9,15,0.8809486031532288,3.8146040439605713,3.3333332538604736
Proliferation,2.0,test,9,15,0.9036157131195068,3.817453622817993,3.3333332538604736
Proliferation,2.0,test,9,15,0.9262354969978333,3.8204472064971924,3.3333332538604736
Proliferation,2.0,test,9,15,0.9416900277137756,3.823470115661621,3.3333332538604736
Proliferation,2.0,test,9,15,0.9588173627853394,3.8283283710479736,3.3333332538604736
Proliferation,2.0,test,9,15,0.9610576629638672,3.830594778060913,3.3333332538604736
Proliferation,2.0,test,9,15,0.9612189531326294,3.8329527378082275,3.3333332538604736
Proliferation,2.0,test,10,17,0.8610441088676453,3.877995014190674,3.4000000953674316
Proliferation,2.0,test,10,17,0.8696293830871582,3.8501968383789062,3.4000000953674316
Proliferation,2.0,test,10,17,0.8799453973770142,3.8456618785858154,3.4000000953674316
Proliferation,2.0,test,10,17,0.8902284502983093,3.844857692718506,3.4000000953674316
Proliferation,2.0,test,12,21,0.755408763885498,3.8470375537872314,3.5
Proliferation,2.0,test,14,25,0.6648434400558472,3.8901400566101074,3.5714285373687744
Proliferation,2.0,test,14,25,0.700497567653656,3.8650436401367188,3.5714285373687744
Proliferation,2.0,test,14,25,0.7369822859764099,3.8571267127990723,3.5714285373687744
Proliferation,2.0,test,14,25,0.7734527587890625,3.8527510166168213,3.5714285373687744
Proliferation,2.0,test,16,29,0.7072478532791138,3.8919901847839355,3.625
Proliferation,2.0,test,16,29,0.7482876181602478,3.8852782249450684,3.625
Proliferation,2.0,test,18,33,0.695504903793335,3.9281365871429443,3.6666667461395264
Proliferation,2.0,test,18,33,0.7619938254356384,3.9071383476257324,3.6666667461395264
Proliferation,2.0,test,18,33,0.8039020895957947,3.907111167907715,3.6666667461395264
Proliferation,2.0,test,18,33,0.8378418684005737,3.908670663833618,3.6666667461395264
Proliferation,2.0,test,18,33,0.8616523742675781,3.912592887878418,3.6666667461395264
Proliferation,2.0,test,18,33,0.8840579390525818,3.9167442321777344,3.6666667461395264
Proliferation,2.0,test,18,33,0.9066349864006042,3.9203195571899414,3.6666667461395264
Proliferation,2.0,test,18,33,0.9278428554534912,3.922826051712036,3.6666667461395264
Proliferation,2.0,test,18,34,0.9461302161216736,3.92031192779541,3.777777671813965
Proliferation,2.0,test,18,34,0.9555485844612122,3.902344226837158,3.777777671813965
Proliferation,2.0,test,18,34,0.9563747048377991,3.899747610092163,3.777777671813965
Proliferation,2.0,test,18,34,0.9566672444343567,3.89974308013916,3.777777671813965
Proliferation,2.0,test,20,40,0.861618161201477,3.911588191986084,4.0
Proliferation,2.0,test,20,40,0.8717330694198608,3.9017395973205566,4.0
Proliferation,2.0,test,20,40,0.8819720149040222,3.900456190109253,4.0
Proliferation,2.0,test,20,40,0.892163872718811,3.9000205993652344,4.0
Proliferation,2.0,test,24,48,0.7636389136314392,3.914513349533081,4.0
Proliferation,2.0,test,25,50,0.7571971416473389,3.912593364715576,4.0
Proliferation,2.0,test,25,50,0.785661518573761,3.9130237102508545,4.0
Proliferation,2.0,test,25,50,0.8140345811843872,3.9152047634124756,4.0
Proliferation,2.0,test,29,60,0.7225721478462219,3.950096845626831,4.137930870056152
Proliferation,2.0,test,29,60,0.7592906355857849,3.907959461212158,4.137930870056152
Proliferation,2.0,test,29,60,0.7908921837806702,3.902505397796631,4.137930870056152
Proliferation,2.0,test,33,69,0.7427752017974854,3.9235475063323975,4.181818008422852
Proliferation,2.0,test,33,69,0.7803800106048584,3.926816463470459,4.181818008422852
Proliferation,2.0,test,33,70,0.8117405772209167,3.91451096534729,4.242424011230469
Proliferation,2.0,test,33,70,0.8374285697937012,3.916196346282959,4.242424011230469
Proliferation,2.0,test,33,70,0.8614106178283691,3.9197044372558594,4.242424011230469
Proliferation,2.0,test,33,70,0.8853935599327087,3.92374849319458,4.242424011230469
Proliferation,2.0,test,33,70,0.9086231589317322,3.928194522857666,4.242424011230469
Proliferation,2.0,test,33,71,0.9317533373832703,3.9190289974212646,4.303030490875244
Proliferation,2.0,test,33,71,0.9428496956825256,3.921353340148926,4.303030490875244
Proliferation,2.0,test,33,71,0.9495933651924133,3.906611680984497,4.303030490875244
Proliferation,2.0,test,33,71,0.9513888955116272,3.90232253074646,4.303030490875244
Proliferation,2.0,test,36,79,0.8714825510978699,3.903480052947998,4.388888835906982
Proliferation,2.0,test,36,79,0.8758010864257812,3.8863377571105957,4.388888835906982
Proliferation,2.0,test,36,79,0.8833745121955872,3.886080026626587,4.388888835906982
Proliferation,2.0,test,36,79,0.890863835811615,3.8880107402801514,4.388888835906982
Proliferation,2.0,test,44,100,0.7390007376670837,3.889968156814575,4.545454502105713
Proliferation,2.0,test,46,106,0.7273923754692078,3.893589735031128,4.6086955070495605
Proliferation,2.0,test,46,106,0.7506638169288635,3.8811228275299072,4.6086955070495605
Proliferation,2.0,test,46,106,0.7733440399169922,3.8869919776916504,4.6086955070495605
Proliferation,2.0,test,46,106,0.7933574914932251,3.895944118499756,4.6086955070495605
Proliferation,2.0,test,52,120,0.7190125584602356,3.9222347736358643,4.615384578704834
Proliferation,2.0,test,52,120,0.7454595565795898,3.9180567264556885,4.615384578704834
Proliferation,2.0,test,59,138,0.6887733936309814,3.926525831222534,4.677966117858887
Proliferation,2.0,test,59,138,0.7108597755432129,3.9177913665771484,4.677966117858887
Proliferation,2.0,test,59,138,0.7322904467582703,3.9187839031219482,4.677966117858887
Proliferation,2.0,test,59,138,0.7512888312339783,3.920978546142578,4.677966117858887
Proliferation,2.0,test,59,138,0.7691128849983215,3.924024820327759,4.677966117858887
Proliferation,2.0,test,59,139,0.7869893908500671,3.922414541244507,4.711864471435547
Proliferation,2.0,test,59,139,0.8046720623970032,3.918051242828369,4.711864471435547
Proliferation,2.0,test,59,139,0.8219207525253296,3.9223875999450684,4.711864471435547
Proliferation,2.0,test,59,139,0.8386795520782471,3.9273769855499268,4.711864471435547
Proliferation,2.0,test,59,139,0.8494728207588196,3.927053213119507,4.711864471435547
Proliferation,2.0,test,59,140,0.861223578453064,3.9186058044433594,4.745762825012207
Proliferation,2.0,test,59,140,0.8715380430221558,3.9168484210968018,4.745762825012207
Proliferation,2.0,test,63,150,0.8246663808822632,3.9149997234344482,4.761904716491699
Proliferation,2.0,test,63,150,0.8318713903427124,3.908623456954956,4.761904716491699
Proliferation,2.0,test,63,150,0.8385235071182251,3.906811475753784,4.761904716491699
Proliferation,2.0,test,74,180,0.7214184403419495,3.9241485595703125,4.864864826202393
Proliferation,2.0,test,74,180,0.7274312973022461,3.8935112953186035,4.864864826202393
Proliferation,2.0,test,77,188,0.7068396210670471,3.9009757041931152,4.883116722106934
Proliferation,2.0,test,77,188,0.7158714532852173,3.9024555683135986,4.883116722106934
Proliferation,2.0,test,77,188,0.7260956168174744,3.909419059753418,4.883116722106934
Proliferation,2.0,test,87,213,0.6506618857383728,3.938347578048706,4.896551609039307
Proliferation,2.0,test,87,213,0.661977231502533,3.9197940826416016,4.896551609039307
Proliferation,2.0,test,87,214,0.6749634742736816,3.9282479286193848,4.9195404052734375
Proliferation,2.0,test,98,242,0.6107343435287476,3.9522225856781006,4.938775539398193
Proliferation,2.0,test,6,9,0.8660253882408142,3.722419500350952,3.0
Proliferation,2.0,test,6,9,0.9567587375640869,3.737751007080078,3.0
Proliferation,2.0,test,6,9,0.9607143402099609,3.7441720962524414,3.0
Proliferation,2.0,test,6,9,0.9611170291900635,3.7504100799560547,3.0
Proliferation,2.0,test,6,9,0.9614705443382263,3.7571189403533936,3.0
Proliferation,2.0,test,6,9,0.9617712497711182,3.7639920711517334,3.0
Proliferation,2.0,test,6,9,0.9621385931968689,3.7740964889526367,3.0
Proliferation,2.0,test,6,9,0.9623386859893799,3.780488967895508,3.0
Proliferation,2.0,test,6,9,0.9625102877616882,3.786513328552246,3.0
Proliferation,2.0,test,6,9,0.9626584053039551,3.7921297550201416,3.0
Proliferation,2.0,test,7,11,0.8288518190383911,3.8156332969665527,3.142857074737549
Proliferation,2.0,test,7,11,0.8438419699668884,3.808336019515991,3.142857074737549
Proliferation,2.0,test,8,13,0.7470250129699707,3.863985538482666,3.25
Proliferation,2.0,test,9,15,0.6849009394645691,3.868622303009033,3.3333332538604736
Proliferation,2.0,test,11,19,0.5960463881492615,3.862534284591675,3.454545497894287
Proliferation,2.0,test,12,21,0.588077962398529,3.8287174701690674,3.5
Proliferation,2.0,test,12,21,0.6396940350532532,3.8184216022491455,3.5
Proliferation,2.0,test,12,21,0.6911330819129944,3.8153107166290283,3.5
Proliferation,2.0,test,12,21,0.7422924041748047,3.814239501953125,3.5
Proliferation,2.0,test,12,21,0.7900134921073914,3.812809705734253,3.5
Proliferation,2.0,test,12,21,0.8323898315429688,3.812673568725586,3.5
Proliferation,2.0,test,12,21,0.8935835957527161,3.8127081394195557,3.5
Proliferation,2.0,test,12,21,0.9274694919586182,3.8128786087036133,3.5
Proliferation,2.0,test,12,21,0.9503771662712097,3.8135623931884766,3.5
Proliferation,2.0,test,12,21,0.9590021967887878,3.813764810562134,3.5
Proliferation,2.0,test,12,21,0.9595348834991455,3.8157129287719727,3.5
Proliferation,2.0,test,12,21,0.9599496722221375,3.818470001220703,3.5
Proliferation,2.0,test,12,21,0.9603071808815002,3.8216912746429443,3.5
Proliferation,2.0,test,12,21,0.9606215357780457,3.82519793510437,3.5
Proliferation,2.0,test,12,21,0.9610303044319153,3.8307507038116455,3.5
Proliferation,2.0,test,12,21,0.9612690806388855,3.8345401287078857,3.5
Proliferation,2.0,test,12,21,0.9614853858947754,3.8383378982543945,3.5
Proliferation,2.0,test,14,26,0.8216181993484497,3.8750102519989014,3.7142856121063232
Proliferation,2.0,test,14,26,0.8356749415397644,3.856755495071411,3.7142856121063232
Proliferation,2.0,test,14,26,0.8503880500793457,3.8559622764587402,3.7142856121063232
Proliferation,2.0,test,16,30,0.7584876418113708,3.8814663887023926,3.75
Proliferation,2.0,test,21,40,0.6050834059715271,3.945922374725342,3.809523820877075
Proliferation,2.0,test,23,44,0.5848842859268188,3.9177956581115723,3.82608699798584
Proliferation,2.0,test,23,44,0.6304001808166504,3.90682315826416,3.82608699798584
Proliferation,2.0,test,23,44,0.6783057451248169,3.91156005859375,3.82608699798584
Proliferation,2.0,test,23,44,0.7262925505638123,3.917354106903076,3.82608699798584
Proliferation,2.0,test,23,44,0.7743781805038452,3.9233736991882324,3.82608699798584
Proliferation,2.0,test,23,44,0.8153368830680847,3.9269237518310547,3.82608699798584
Proliferation,2.0,test,23,45,0.8554967641830444,3.9176456928253174,3.91304349899292
Proliferation,2.0,test,23,45,0.9082160592079163,3.9157450199127197,3.91304349899292
Proliferation,2.0,test,23,45,0.9352253079414368,3.916099786758423,3.91304349899292
Proliferation,2.0,test,23,45,0.9485598206520081,3.912513494491577,3.91304349899292
Proliferation,2.0,test,23,45,0.9528607726097107,3.9082024097442627,3.91304349899292
Proliferation,2.0,test,23,45,0.9533858895301819,3.904613971710205,3.91304349899292
Proliferation,2.0,test,23,45,0.9538503885269165,3.9018614292144775,3.91304349899292
Proliferation,2.0,test,23,45,0.9542722105979919,3.8997318744659424,3.91304349899292
Proliferation,2.0,test,23,45,0.9548444151878357,3.8974111080169678,3.91304349899292
Proliferation,2.0,test,23,45,0.9551932215690613,3.8963119983673096,3.91304349899292
Proliferation,2.0,test,23,45,0.9555200338363647,3.8954951763153076,3.91304349899292
Proliferation,2.0,test,23,45,0.9558277726173401,3.8949129581451416,3.91304349899292
Proliferation,2.0,test,26,53,0.8491227030754089,3.8994855880737305,4.07692289352417
Proliferation,2.0,test,26,53,0.860855758190155,3.8940858840942383,4.07692289352417
Proliferation,2.0,test,30,60,0.7499114871025085,3.920327663421631,4.0
Proliferation,2.0,test,34,72,0.6811367869377136,3.95086932182312,4.235294342041016
Proliferation,2.0,test,40,87,0.6165869832038879,3.9088549613952637,4.349999904632568
Proliferation,2.0,test,43,93,0.6092015504837036,3.8992700576782227,4.3255815505981445
Proliferation,2.0,test,43,94,0.6546856164932251,3.8884546756744385,4.372093200683594
Proliferation,2.0,test,43,94,0.6979852914810181,3.8960607051849365,4.372093200683594
Proliferation,2.0,test,43,94,0.739588737487793,3.907712697982788,4.372093200683594
Proliferation,2.0,test,43,94,0.778010904788971,3.9135777950286865,4.372093200683594
Proliferation,2.0,test,43,94,0.8126293420791626,3.9210081100463867,4.372093200683594
Proliferation,2.0,test,43,94,0.8589726686477661,3.93967604637146,4.372093200683594
Proliferation,2.0,test,43,94,0.8821606040000916,3.9496097564697266,4.372093200683594
Proliferation,2.0,test,43,95,0.9024900197982788,3.947505235671997,4.418604850769043
Proliferation,2.0,test,43,95,0.9169042706489563,3.9440457820892334,4.418604850769043
Proliferation,2.0,test,43,95,0.9234933257102966,3.937624216079712,4.418604850769043
Proliferation,2.0,test,43,95,0.928314208984375,3.931231737136841,4.418604850769043
Proliferation,2.0,test,43,95,0.9320508241653442,3.925236225128174,4.418604850769043
Proliferation,2.0,test,43,95,0.9349038004875183,3.91965389251709,4.418604850769043
Proliferation,2.0,test,43,95,0.9379178285598755,3.9120657444000244,4.418604850769043
Proliferation,2.0,test,43,95,0.9394024610519409,3.9075636863708496,4.418604850769043
Proliferation,2.0,test,43,95,0.9405608177185059,3.903384208679199,4.418604850769043
Proliferation,2.0,test,46,101,0.8793376684188843,3.9165146350860596,4.3913044929504395
Proliferation,2.0,test,46,101,0.8819906711578369,3.9057743549346924,4.3913044929504395
Proliferation,2.0,test,46,101,0.8849875330924988,3.905505657196045,4.3913044929504395
Proliferation,2.0,test,54,121,0.761234700679779,3.907975435256958,4.481481552124023
Proliferation,2.0,test,67,153,0.6353268623352051,3.935267210006714,4.567163944244385
Proliferation,2.0,test,73,171,0.5984709858894348,3.9103331565856934,4.68493127822876
Proliferation,2.0,test,73,171,0.6206232309341431,3.896333932876587,4.68493127822876
Proliferation,2.0,test,73,171,0.6447118520736694,3.901555299758911,4.68493127822876
Proliferation,2.0,test,73,171,0.6651675701141357,3.9114153385162354,4.68493127822876
Proliferation,2.0,test,73,171,0.6845546960830688,3.926936388015747,4.68493127822876
Proliferation,2.0,test,73,171,0.704815149307251,3.9417808055877686,4.68493127822876
Proliferation,2.0,test,73,171,0.7246847748756409,3.9545609951019287,4.68493127822876
Proliferation,2.0,test,73,171,0.7526009678840637,3.9774813652038574,4.68493127822876
Proliferation,2.0,test,73,171,0.7671544551849365,3.994328022003174,4.68493127822876
Proliferation,2.0,test,73,172,0.781579852104187,4.00233268737793,4.712328910827637
Proliferation,2.0,test,73,172,0.7944645285606384,4.002643585205078,4.712328910827637
Proliferation,2.0,test,73,173,0.8040339350700378,3.998304843902588,4.7397260665893555
Proliferation,2.0,test,73,173,0.81071537733078,4.006759166717529,4.7397260665893555
Proliferation,2.0,test,73,173,0.8150441646575928,4.016641616821289,4.7397260665893555
Proliferation,2.0,test,73,173,0.818396270275116,4.019531726837158,4.7397260665893555
Proliferation,2.0,test,73,173,0.8201470375061035,4.024655818939209,4.7397260665893555
Proliferation,2.0,test,73,173,0.8208882808685303,4.019430637359619,4.7397260665893555
Proliferation,2.0,test,73,173,0.8218097686767578,4.007877826690674,4.7397260665893555
Proliferation,2.0,test,79,190,0.7593948841094971,3.971675157546997,4.810126781463623
Proliferation,2.0,test,79,190,0.7593957185745239,3.9600632190704346,4.810126781463623
Proliferation,2.0,test,89,217,0.6739869117736816,3.948131799697876,4.876404285430908
Proliferation,2.0,test,97,240,0.6185482740402222,3.9329068660736084,4.948453426361084
