suite,param_value,split,n_nodes,n_edges,mean_area,mean_shape_index,mean_neighbors
Control,0.1,train,6,9,0.8660253882408142,3.722419500350952,3.0
Control,0.1,train,6,9,0.9152013659477234,3.7342779636383057,3.0
Control,0.1,train,7,11,0.7877289652824402,3.8782360553741455,3.142857074737549
Control,0.1,train,8,13,0.7015250325202942,3.877592086791992,3.25
Control,0.1,train,9,15,0.6432124972343445,3.874022960662842,3.3333332538604736
Control,0.1,train,9,15,0.6794865131378174,3.860816478729248,3.3333332538604736
Control,0.1,train,9,15,0.7181522250175476,3.861482858657837,3.3333332538604736
Control,0.1,train,9,15,0.7544243931770325,3.863936185836792,3.3333332538604736
Control,0.1,train,10,17,0.7080038785934448,3.896090269088745,3.4000000953674316
Control,0.1,train,10,17,0.7421720623970032,3.8727848529815674,3.4000000953674316
Control,0.1,train,10,17,0.8237186670303345,3.870673656463623,3.4000000953674316
Control,0.1,train,10,17,0.8634978532791138,3.8720035552978516,3.4000000953674316
Control,0.1,train,11,19,0.8106465935707092,3.9254560470581055,3.454545497894287
Control,0.1,train,11,19,0.8337734341621399,3.8875539302825928,3.454545497894287
Control,0.1,train,11,19,0.8528177738189697,3.8745882511138916,3.454545497894287
Control,0.1,train,11,19,0.8717630505561829,3.8674850463867188,3.454545497894287
Control,0.1,train,11,19,0.8906741738319397,3.8624541759490967,3.454545497894287
Control,0.1,train,11,19,0.9093446731567383,3.8584442138671875,3.454545497894287
Control,0.1,train,11,19,0.9199491739273071,3.8530054092407227,3.454545497894287
Control,0.1,train,11,19,0.9296239614486694,3.84846568107605,3.454545497894287
Control,0.1,train,12,21,0.8770015835762024,3.846620559692383,3.5
Control,0.1,train,12,21,0.8919968605041504,3.8384876251220703,3.5
Control,0.1,train,12,21,0.9007675051689148,3.8332855701446533,3.5
Control,0.1,train,12,21,0.9095006585121155,3.8300998210906982,3.5
Control,0.1,train,14,27,0.7843593955039978,3.891265392303467,3.857142925262451
Control,0.1,train,16,32,0.6982922554016113,3.8558850288391113,4.0
Control,0.1,train,18,37,0.6433748602867126,3.8588528633117676,4.111111164093018
Control,0.1,train,18,37,0.681108295917511,3.83504581451416,4.111111164093018
Control,0.1,train,18,37,0.7202193737030029,3.8277883529663086,4.111111164093018
Control,0.1,train,18,37,0.756531834602356,3.825165271759033,4.111111164093018
Control,0.1,train,20,41,0.7415193319320679,3.8716652393341064,4.099999904632568
Control,0.1,train,20,41,0.781716525554657,3.860305070877075,4.099999904632568
Control,0.1,train,20,41,0.8213796615600586,3.858947277069092,4.099999904632568
Control,0.1,train,20,41,0.8564460873603821,3.8649299144744873,4.099999904632568
Control,0.1,train,22,45,0.8025579452514648,3.9261696338653564,4.090909004211426
Control,0.1,train,22,45,0.8271865844726562,3.911144495010376,4.090909004211426
Control,0.1,train,22,45,0.846885621547699,3.9097349643707275,4.090909004211426
Control,0.1,train,22,45,0.8646326661109924,3.912968635559082,4.090909004211426
Control,0.1,train,22,45,0.8826892971992493,3.918124198913574,4.090909004211426
Control,0.1,train,22,46,0.9026243090629578,3.912191867828369,4.181818008422852
Control,0.1,train,22,46,0.9248018860816956,3.894869089126587,4.181818008422852
Control,0.1,train,24,51,0.856724202632904,3.9012815952301025,4.25
Control,0.1,train,24,51,0.8727717995643616,3.8872509002685547,4.25
Control,0.1,train,24,51,0.8875114321708679,3.8812475204467773,4.25
Control,0.1,train,24,51,0.8961279988288879,3.876763343811035,4.25
Control,0.1,train,24,51,0.9046218395233154,3.873934030532837,4.25
Control,0.1,train,27,59,0.8103490471839905,3.913879871368408,4.370370388031006
Control,0.1,train,30,65,0.7361902594566345,3.9482834339141846,4.333333492279053
Control,0.1,train,33,72,0.6818042397499084,3.941782236099243,4.363636493682861
Control,0.1,train,33,72,0.705156147480011,3.9411964416503906,4.363636493682861
Control,0.1,train,33,72,0.7473502159118652,3.9630377292633057,4.363636493682861
Control,0.1,train,37,83,0.6809605956077576,3.987847089767456,4.486486434936523
Control,0.1,train,37,83,0.6978275179862976,3.9609811305999756,4.486486434936523
Control,0.1,train,37,83,0.7167069315910339,3.96022891998291,4.486486434936523
Control,0.1,train,37,83,0.7367986440658569,3.966122627258301,4.486486434936523
Control,0.1,train,37,83,0.7570884227752686,3.9737470149993896,4.486486434936523
Control,0.1,train,40,90,0.7175589799880981,3.9882044792175293,4.5
Control,0.1,train,40,91,0.7420024275779724,3.9774577617645264,4.550000190734863
Control,0.1,train,40,91,0.7664101719856262,3.972848892211914,4.550000190734863
Control,0.1,train,40,91,0.7896548509597778,3.9760146141052246,4.550000190734863
Control,0.1,train,40,91,0.8319471478462219,3.9861979484558105,4.550000190734863
Control,0.1,train,40,91,0.8504948616027832,3.988276243209839,4.550000190734863
Control,0.1,train,40,91,0.8665435910224915,3.9883675575256348,4.550000190734863
Control,0.1,train,43,100,0.8196321725845337,3.967562198638916,4.651162624359131
Control,0.1,train,43,100,0.8364642858505249,3.9631404876708984,4.651162624359131
Control,0.1,train,43,100,0.8520709276199341,3.9615697860717773,4.651162624359131
Control,0.1,train,43,100,0.8629884719848633,3.959442138671875,4.651162624359131
Control,0.1,train,43,100,0.8730087280273438,3.9576685428619385,4.651162624359131
Control,0.1,train,47,109,0.8069962859153748,3.9661624431610107,4.638298034667969
Control,0.1,train,53,125,0.7225652933120728,3.9506466388702393,4.716980934143066
Control,0.1,train,58,138,0.6738253235816956,3.948033571243286,4.758620738983154
Control,0.1,train,58,138,0.6820663809776306,3.950815200805664,4.758620738983154
Control,0.1,train,58,138,0.6900595426559448,3.955366373062134,4.758620738983154
Control,0.1,train,65,158,0.6221977472305298,3.9909870624542236,4.861538410186768
Control,0.1,train,65,158,0.6280146837234497,3.9554786682128906,4.861538410186768
Control,0.1,train,65,159,0.6352488398551941,3.9466781616210938,4.892307758331299
Control,0.1,train,65,159,0.644198477268219,3.929934501647949,4.892307758331299
Control,0.1,train,65,159,0.654638409614563,3.9258718490600586,4.892307758331299
Control,0.1,train,71,175,0.607710599899292,3.950767755508423,4.929577350616455
Control,0.1,train,71,175,0.6202746033668518,3.926095485687256,4.929577350616455
Control,0.1,train,71,175,0.6497512459754944,3.9200258255004883,4.929577350616455
Control,0.1,train,71,175,0.6650030612945557,3.918680191040039,4.929577350616455
Control,0.1,train,71,175,0.6808957457542419,3.9226176738739014,4.929577350616455
Control,0.1,train,71,175,0.6972072720527649,3.9262619018554688,4.929577350616455
Control,0.1,train,71,175,0.7132509350776672,3.9296865463256836,4.929577350616455
Control,0.1,train,74,183,0.6981076598167419,3.9303510189056396,4.945945739746094
Control,0.1,train,74,183,0.712219774723053,3.929694890975952,4.945945739746094
Control,0.1,train,74,183,0.7263233065605164,3.9264519214630127,4.945945739746094
Control,0.1,train,74,183,0.7375702857971191,3.9253592491149902,4.945945739746094
Control,0.1,train,74,183,0.7479333877563477,3.926757335662842,4.945945739746094
Control,0.1,train,88,218,0.6452143788337708,3.9619252681732178,4.954545497894287
Control,0.1,train,95,235,0.6047347784042358,3.938920736312866,4.947368621826172
Control,0.1,train,95,235,0.611030101776123,3.9322807788848877,4.947368621826172
Control,0.1,train,95,235,0.6169682145118713,3.9278552532196045,4.947368621826172
Control,0.1,train,95,235,0.6216152906417847,3.9286813735961914,4.947368621826172
Control,0.1,train,103,257,0.5765970945358276,3.9491395950317383,4.990291118621826
Control,0.1,train,103,257,0.5789569020271301,3.937189817428589,4.990291118621826
Control,0.1,train,103,257,0.5800976753234863,3.941042423248291,4.990291118621826
Control,0.1,train,103,257,0.5812017321586609,3.9493308067321777,4.990291118621826
Control,0.1,train,112,278,0.5356264710426331,3.9750823974609375,4.964285850524902
Adhesion,0.0,train,6,9,0.8660253882408142,3.722419500350952,3.0
Adhesion,0.0,train,6,9,0.9228784441947937,3.755976438522339,3.0
Adhesion,0.0,train,7,11,0.7956768870353699,3.884148120880127,3.142857074737549
Adhesion,0.0,train,8,13,0.7098111510276794,3.912310838699341,3.25
Adhesion,0.0,train,9,15,0.6543923616409302,3.933851957321167,3.3333332538604736
Adhesion,0.0,train,9,15,0.6914333701133728,3.9228787422180176,3.3333332538604736
Adhesion,0.0,train,9,15,0.7301256656646729,3.9198591709136963,3.3333332538604736
Adhesion,0.0,train,10,18,0.7195419073104858,3.9773201942443848,3.5999999046325684
Adhesion,0.0,train,10,18,0.7566550970077515,3.9359257221221924,3.5999999046325684
Adhesion,0.0,train,10,18,0.7969727516174316,3.923156261444092,3.5999999046325684
Adhesion,0.0,train,10,18,0.8376649022102356,3.915764570236206,3.5999999046325684
Adhesion,0.0,train,10,18,0.8770425915718079,3.911182403564453,3.5999999046325684
Adhesion,0.0,train,11,20,0.8238580226898193,3.941800117492676,3.6363637447357178
Adhesion,0.0,train,11,20,0.8470309972763062,3.9129388332366943,3.6363637447357178
Adhesion,0.0,train,11,20,0.8844857811927795,3.8848257064819336,3.6363637447357178
Adhesion,0.0,train,11,20,0.9031664133071899,3.8756601810455322,3.6363637447357178
Adhesion,0.0,train,11,20,0.9216251969337463,3.8686113357543945,3.6363637447357178
Adhesion,0.0,train,11,20,0.9321774840354919,3.862257480621338,3.6363637447357178
Adhesion,0.0,train,11,20,0.941440999507904,3.856894016265869,3.6363637447357178
Adhesion,0.0,train,12,22,0.8724161982536316,3.888033628463745,3.6666667461395264
Adhesion,0.0,train,12,22,0.90391606092453,3.858957290649414,3.6666667461395264
Adhesion,0.0,train,12,22,0.9127146601676941,3.8526217937469482,3.6666667461395264
Adhesion,0.0,train,12,22,0.921314537525177,3.8486461639404297,3.6666667461395264
Adhesion,0.0,train,14,28,0.7957262396812439,3.8788704872131348,4.0
Adhesion,0.0,train,16,33,0.71010822057724,3.921680212020874,4.125
Adhesion,0.0,train,17,35,0.6936200857162476,3.9064810276031494,4.117647171020508
Adhesion,0.0,train,17,35,0.728091835975647,3.887260913848877,4.117647171020508
Adhesion,0.0,train,17,35,0.7955958247184753,3.8810577392578125,4.117647171020508
Adhesion,0.0,train,18,37,0.7785196900367737,3.89548921585083,4.111111164093018
Adhesion,0.0,train,18,37,0.8094706535339355,3.880960702896118,4.111111164093018
Adhesion,0.0,train,18,37,0.8428976535797119,3.876950979232788,4.111111164093018
Adhesion,0.0,train,18,37,0.876480221748352,3.8765437602996826,4.111111164093018
Adhesion,0.0,train,18,37,0.9084511995315552,3.878645896911621,4.111111164093018
Adhesion,0.0,train,20,41,0.8547581434249878,3.897930145263672,4.099999904632568
Adhesion,0.0,train,20,41,0.8704296946525574,3.890901565551758,4.099999904632568
Adhesion,0.0,train,20,41,0.8857917785644531,3.8874099254608154,4.099999904632568
Adhesion,0.0,train,20,41,0.9009485244750977,3.885584592819214,4.099999904632568
Adhesion,0.0,train,20,41,0.915243923664093,3.8871052265167236,4.099999904632568
Adhesion,0.0,train,20,41,0.9261738061904907,3.886578321456909,4.099999904632568
Adhesion,0.0,train,20,41,0.9364150166511536,3.8864684104919434,4.099999904632568
Adhesion,0.0,train,22,46,0.8802388906478882,3.8792357444763184,4.181818008422852
Adhesion,0.0,train,22,46,0.8965920805931091,3.874077081680298,4.181818008422852
Adhesion,0.0,train,22,46,0.9062381982803345,3.8696157932281494,4.181818008422852
Adhesion,0.0,train,22,46,0.9154252409934998,3.867069959640503,4.181818008422852
Adhesion,0.0,train,24,51,0.8467060923576355,3.9029340744018555,4.25
Adhesion,0.0,train,28,60,0.7345326542854309,3.961881160736084,4.285714149475098
Adhesion,0.0,train,30,66,0.7035843133926392,3.9512526988983154,4.400000095367432
Adhesion,0.0,train,30,67,0.7601248621940613,3.941791296005249,4.4666666984558105
Adhesion,0.0,train,30,67,0.7821528315544128,3.951460599899292,4.4666666984558105
Adhesion,0.0,train,32,73,0.7486670017242432,3.980781078338623,4.5625
Adhesion,0.0,train,32,73,0.7641354203224182,3.9754700660705566,4.5625
Adhesion,0.0,train,32,73,0.7835290431976318,3.983081817626953,4.5625
Adhesion,0.0,train,32,73,0.8030173778533936,3.9941818714141846,4.5625
Adhesion,0.0,train,36,84,0.7495514750480652,4.015905380249023,4.666666507720947
Adhesion,0.0,train,36,84,0.7722808122634888,3.994929313659668,4.666666507720947
Adhesion,0.0,train,36,84,0.7943758368492126,3.989929676055908,4.666666507720947
Adhesion,0.0,train,36,84,0.8153631687164307,3.990748405456543,4.666666507720947
Adhesion,0.0,train,36,84,0.8351060748100281,3.9931318759918213,4.666666507720947
Adhesion,0.0,train,36,84,0.8534393906593323,3.9955945014953613,4.666666507720947
Adhesion,0.0,train,36,84,0.8708729147911072,3.996800422668457,4.666666507720947
Adhesion,0.0,train,39,93,0.8326002359390259,3.9979259967803955,4.769230842590332
Adhesion,0.0,train,39,93,0.8507545590400696,3.984837532043457,4.769230842590332
Adhesion,0.0,train,39,93,0.8678029179573059,3.9785728454589844,4.769230842590332
Adhesion,0.0,train,39,93,0.8782485723495483,3.972388744354248,4.769230842590332
Adhesion,0.0,train,39,93,0.8880177140235901,3.9678478240966797,4.769230842590332
Adhesion,0.0,train,43,103,0.8140309453010559,3.9489405155181885,4.7906975746154785
Adhesion,0.0,train,53,130,0.6754091382026672,3.9540209770202637,4.905660152435303
Adhesion,0.0,train,53,130,0.6834105253219604,3.9406611919403076,4.905660152435303
Adhesion,0.0,train,53,130,0.6929646730422974,3.937429189682007,4.905660152435303
Adhesion,0.0,train,53,130,0.7024275660514832,3.937614679336548,4.905660152435303
Adhesion,0.0,train,56,138,0.6731118559837341,3.9597761631011963,4.9285712242126465
Adhesion,0.0,train,56,138,0.6815540194511414,3.943592071533203,4.9285712242126465
Adhesion,0.0,train,56,138,0.6911488771438599,3.940812826156616,4.9285712242126465
Adhesion,0.0,train,56,138,0.7140992879867554,3.950852632522583,4.9285712242126465
Adhesion,0.0,train,62,151,0.6556464433670044,3.9771835803985596,4.870967864990234
Adhesion,0.0,train,62,151,0.6695889830589294,3.9607322216033936,4.870967864990234
Adhesion,0.0,train,62,151,0.6851786971092224,3.956874132156372,4.870967864990234
Adhesion,0.0,train,62,151,0.7005703449249268,3.958134651184082,4.870967864990234
Adhesion,0.0,train,62,151,0.7164371609687805,3.962681770324707,4.870967864990234
Adhesion,0.0,train,62,151,0.7327052354812622,3.9666736125946045,4.870967864990234
Adhesion,0.0,train,62,151,0.7648189663887024,3.972299575805664,4.870967864990234
Adhesion,0.0,train,65,159,0.7434649467468262,3.963860034942627,4.892307758331299
Adhesion,0.0,train,65,159,0.758630633354187,3.9534122943878174,4.892307758331299
Adhesion,0.0,train,65,159,0.773472785949707,3.9519309997558594,4.892307758331299
Adhesion,0.0,train,65,159,0.7850616574287415,3.95175838470459,4.892307758331299
Adhesion,0.0,train,65,159,0.7956328392028809,3.952799081802368,4.892307758331299
Adhesion,0.0,train,80,198,0.6625425219535828,3.9484829902648926,4.949999809265137
Adhesion,0.0,train,84,207,0.638155460357666,3.953136920928955,4.9285712242126465
Adhesion,0.0,train,84,207,0.6447823643684387,3.9469263553619385,4.9285712242126465
Adhesion,0.0,train,84,207,0.6513687968254089,3.941232681274414,4.9285712242126465
Adhesion,0.0,train,84,207,0.6577081680297852,3.940579414367676,4.9285712242126465
Adhesion,0.0,train,89,220,0.6260393261909485,3.9694199562072754,4.943819999694824
Adhesion,0.0,train,89,220,0.631226122379303,3.9623405933380127,4.943819999694824
Adhesion,0.0,train,89,220,0.6416839361190796,3.9569296836853027,4.943819999694824
Adhesion,0.0,train,89,220,0.6474146246910095,3.9506750106811523,4.943819999694824
Adhesion,0.0,train,99,244,0.5865243673324585,3.9793903827667236,4.929293155670166
Adhesion,0.0,train,99,244,0.5932940244674683,3.9632556438446045,4.929293155670166
Adhesion,0.0,train,99,244,0.5996299386024475,3.9601974487304688,4.929293155670166
Adhesion,0.0,train,99,244,0.6035852432250977,3.9623348712921143,4.929293155670166
Adhesion,0.0,train,99,244,0.6060606241226196,3.962442398071289,4.929293155670166
Adhesion,0.02,train,6,9,0.8660253882408142,3.722419500350952,3.0
Adhesion,0.02,train,6,9,0.9215967655181885,3.751441717147827,3.0
Adhesion,0.02,train,7,11,0.7943757772445679,3.8795292377471924,3.142857074737549
Adhesion,0.02,train,8,13,0.7083324193954468,3.9048047065734863,3.25
Adhesion,0.02,train,9,15,0.6523687839508057,3.9236865043640137,3.3333332538604736
Adhesion,0.02,train,9,15,0.6896014213562012,3.911104440689087,3.3333332538604736
Adhesion,0.02,train,9,15,0.7280302047729492,3.90852952003479,3.3333332538604736
Adhesion,0.02,train,9,15,0.7640559673309326,3.9089317321777344,3.3333332538604736
Adhesion,0.02,train,10,18,0.7548969984054565,3.9283862113952637,3.5999999046325684
Adhesion,0.02,train,10,18,0.7952766418457031,3.914097309112549,3.5999999046325684
Adhesion,0.02,train,10,18,0.8359779119491577,3.906485080718994,3.5999999046325684
Adhesion,0.02,train,10,18,0.8754475712776184,3.9014363288879395,3.5999999046325684
Adhesion,0.02,train,11,20,0.8222550749778748,3.931387186050415,3.6363637447357178
Adhesion,0.02,train,11,20,0.8453937768936157,3.9020798206329346,3.6363637447357178
Adhesion,0.02,train,11,20,0.8642572164535522,3.8853349685668945,3.6363637447357178
Adhesion,0.02,train,11,20,0.9016101360321045,3.8652923107147217,3.6363637447357178
Adhesion,0.02,train,11,20,0.9200931191444397,3.8584916591644287,3.6363637447357178
Adhesion,0.02,train,11,20,0.9305116534233093,3.852055311203003,3.6363637447357178
Adhesion,0.02,train,11,20,0.9399310946464539,3.8473448753356934,3.6363637447357178
Adhesion,0.02,train,12,22,0.8707453608512878,3.876974105834961,3.6666667461395264
Adhesion,0.02,train,12,22,0.887261688709259,3.85904598236084,3.6666667461395264
Adhesion,0.02,train,12,22,0.9023019671440125,3.849095106124878,3.6666667461395264
Adhesion,0.02,train,12,22,0.9197478294372559,3.8396518230438232,3.6666667461395264
Adhesion,0.02,train,14,28,0.7944306135177612,3.8741543292999268,4.0
Adhesion,0.02,train,16,33,0.7086324095726013,3.9156994819641113,4.125
Adhesion,0.02,train,17,35,0.6918050050735474,3.900247573852539,4.117647171020508
Adhesion,0.02,train,17,35,0.7262734174728394,3.880807876586914,4.117647171020508
Adhesion,0.02,train,17,35,0.7618613243103027,3.875446081161499,4.117647171020508
Adhesion,0.02,train,17,35,0.7939493656158447,3.874493360519409,4.117647171020508
Adhesion,0.02,train,18,37,0.8078221678733826,3.8744192123413086,4.111111164093018
Adhesion,0.02,train,18,37,0.8412766456604004,3.870284080505371,4.111111164093018
Adhesion,0.02,train,18,37,0.8748971223831177,3.8698413372039795,4.111111164093018
Adhesion,0.02,train,18,37,0.9067879915237427,3.8720643520355225,4.111111164093018
Adhesion,0.02,train,20,41,0.8348029851913452,3.905879259109497,4.099999904632568
Adhesion,0.02,train,20,41,0.8530040979385376,3.8888015747070312,4.099999904632568
Adhesion,0.02,train,20,41,0.8687044978141785,3.8824920654296875,4.099999904632568
Adhesion,0.02,train,20,41,0.8990685343742371,3.878150463104248,4.099999904632568
Adhesion,0.02,train,20,41,0.9134625196456909,3.8799235820770264,4.099999904632568
Adhesion,0.02,train,20,41,0.9244610071182251,3.8795788288116455,4.099999904632568
Adhesion,0.02,train,20,41,0.9347279667854309,3.8795876502990723,4.099999904632568
Adhesion,0.02,train,22,46,0.8599157929420471,3.883120059967041,4.181818008422852
Adhesion,0.02,train,22,46,0.8777980208396912,3.8724663257598877,4.181818008422852
Adhesion,0.02,train,22,46,0.8941236734390259,3.867490291595459,4.181818008422852
Adhesion,0.02,train,22,46,0.9132279753684998,3.8600356578826904,4.181818008422852
Adhesion,0.02,train,24,51,0.8446218371391296,3.8961431980133057,4.25
Adhesion,0.02,train,28,60,0.7324995398521423,3.9540939331054688,4.285714149475098
Adhesion,0.02,train,30,66,0.7009498476982117,3.9714677333831787,4.400000095367432
Adhesion,0.02,train,30,67,0.7278064489364624,3.966826915740967,4.4666666984558105
Adhesion,0.02,train,30,67,0.7573625445365906,3.968158006668091,4.4666666984558105
Adhesion,0.02,train,30,67,0.7808418869972229,3.9779601097106934,4.4666666984558105
Adhesion,0.02,train,32,72,0.7632575035095215,4.004947662353516,4.5
Adhesion,0.02,train,32,72,0.7835814952850342,4.005983829498291,4.5
Adhesion,0.02,train,32,72,0.8035656213760376,4.010221481323242,4.5
Adhesion,0.02,train,32,72,0.8232767581939697,4.016350746154785,4.5
Adhesion,0.02,train,36,83,0.7493859529495239,4.030450820922852,4.611111164093018
Adhesion,0.02,train,36,83,0.773760199546814,4.013342380523682,4.611111164093018
Adhesion,0.02,train,36,83,0.7964410185813904,4.007701396942139,4.611111164093018
Adhesion,0.02,train,36,83,0.8354041576385498,4.0040717124938965,4.611111164093018
Adhesion,0.02,train,36,83,0.8537667393684387,4.004606246948242,4.611111164093018
Adhesion,0.02,train,36,83,0.8710424900054932,4.0041327476501465,4.611111164093018
Adhesion,0.02,train,36,83,0.8870285153388977,4.00325345993042,4.611111164093018
Adhesion,0.02,train,39,92,0.83311527967453,3.997532844543457,4.717948913574219
Adhesion,0.02,train,39,92,0.8518495559692383,3.992542028427124,4.717948913574219
Adhesion,0.02,train,39,92,0.8694535493850708,3.989394426345825,4.717948913574219
Adhesion,0.02,train,39,92,0.8909462094306946,3.9823811054229736,4.717948913574219
Adhesion,0.02,train,43,102,0.8164418935775757,3.9604361057281494,4.744185924530029
Adhesion,0.02,train,49,118,0.7246216535568237,3.950324296951294,4.81632661819458
Adhesion,0.02,train,52,125,0.6898905038833618,3.942239999771118,4.807692527770996
Adhesion,0.02,train,52,125,0.6977380514144897,3.925342559814453,4.807692527770996
Adhesion,0.02,train,52,125,0.7074010372161865,3.9200544357299805,4.807692527770996
Adhesion,0.02,train,52,125,0.7167653441429138,3.9205868244171143,4.807692527770996
Adhesion,0.02,train,55,133,0.6932620406150818,3.919610023498535,4.836363792419434
Adhesion,0.02,train,55,133,0.702134907245636,3.9223484992980957,4.836363792419434
Adhesion,0.02,train,55,133,0.7126485705375671,3.928905725479126,4.836363792419434
Adhesion,0.02,train,55,133,0.7244793176651001,3.9316246509552,4.836363792419434
Adhesion,0.02,train,60,145,0.6745803952217102,3.962892770767212,4.833333492279053
Adhesion,0.02,train,60,145,0.6887362003326416,3.9493978023529053,4.833333492279053
Adhesion,0.02,train,60,145,0.7039327025413513,3.9370217323303223,4.833333492279053
Adhesion,0.02,train,60,145,0.7348111271858215,3.9238107204437256,4.833333492279053
Adhesion,0.02,train,60,145,0.7504395246505737,3.9252023696899414,4.833333492279053
Adhesion,0.02,train,60,145,0.765629231929779,3.9286723136901855,4.833333492279053
Adhesion,0.02,train,60,145,0.7806427478790283,3.932919979095459,4.833333492279053
Adhesion,0.02,train,64,155,0.7434971332550049,3.9514694213867188,4.84375
Adhesion,0.02,train,64,155,0.7569727301597595,3.954561233520508,4.84375
Adhesion,0.02,train,64,155,0.7712317705154419,3.9610326290130615,4.84375
Adhesion,0.02,train,64,155,0.7943694591522217,3.971975088119507,4.84375
Adhesion,0.02,train,69,167,0.7466768026351929,3.9747567176818848,4.840579509735107
Adhesion,0.02,train,78,190,0.669029176235199,3.992542028427124,4.871794700622559
Adhesion,0.02,train,84,206,0.6288377642631531,3.9864931106567383,4.904761791229248
Adhesion,0.02,train,84,206,0.6359366178512573,3.9682796001434326,4.904761791229248
Adhesion,0.02,train,84,206,0.643255352973938,3.956221342086792,4.904761791229248
Adhesion,0.02,train,84,206,0.6501927375793457,3.951327323913574,4.904761791229248
Adhesion,0.02,train,88,214,0.6320551037788391,3.9657645225524902,4.863636493682861
Adhesion,0.02,train,88,214,0.6378155946731567,3.965128183364868,4.863636493682861
Adhesion,0.02,train,88,214,0.6439248919487,3.9724481105804443,4.863636493682861
Adhesion,0.02,train,88,214,0.6505041122436523,3.9770758152008057,4.863636493682861
Adhesion,0.02,train,97,237,0.5957050323486328,4.0013017654418945,4.886598110198975
Adhesion,0.02,train,97,237,0.6021819710731506,3.9856832027435303,4.886598110198975
Adhesion,0.02,train,97,237,0.6089563369750977,3.985759973526001,4.886598110198975
Adhesion,0.02,train,97,237,0.6178926825523376,4.004220008850098,4.886598110198975
Adhesion,0.04,train,6,9,0.8660253882408142,3.722419500350952,3.0
Adhesion,0.04,train,6,9,0.920315682888031,3.747269630432129,3.0
Adhesion,0.04,train,7,11,0.7930823564529419,3.8759067058563232,3.142857074737549
Adhesion,0.04,train,8,13,0.7067676782608032,3.897561550140381,3.25
Adhesion,0.04,train,9,15,0.6504219174385071,3.9137725830078125,3.3333332538604736
Adhesion,0.04,train,9,15,0.6878106594085693,3.899596691131592,3.3333332538604736
Adhesion,0.04,train,9,15,0.7260596752166748,3.8976597785949707,3.3333332538604736
Adhesion,0.04,train,10,18,0.7160504460334778,3.964916229248047,3.5999999046325684
Adhesion,0.04,train,10,18,0.752372682094574,3.9242591857910156,3.5999999046325684
Adhesion,0.04,train,10,18,0.7926532626152039,3.9137771129608154,3.5999999046325684
Adhesion,0.04,train,10,18,0.8331031799316406,3.910228729248047,3.5999999046325684
Adhesion,0.04,train,10,18,0.8730036020278931,3.9078433513641357,3.5999999046325684
Adhesion,0.04,train,11,20,0.8196478486061096,3.932788848876953,3.6363637447357178
Adhesion,0.04,train,11,20,0.8429104089736938,3.9105641841888428,3.6363637447357178
Adhesion,0.04,train,11,20,0.8803152441978455,3.8930885791778564,3.6363637447357178
Adhesion,0.04,train,11,20,0.8988919854164124,3.887997627258301,3.6363637447357178
Adhesion,0.04,train,11,20,0.917387068271637,3.8848023414611816,3.6363637447357178
Adhesion,0.04,train,11,20,0.9276666045188904,3.8789191246032715,3.6363637447357178
Adhesion,0.04,train,11,20,0.9371585249900818,3.8746016025543213,3.6363637447357178
Adhesion,0.04,train,12,23,0.8701345920562744,3.8862192630767822,3.8333332538604736
Adhesion,0.04,train,12,23,0.9017884135246277,3.862018585205078,3.8333332538604736
Adhesion,0.04,train,12,23,0.9104205965995789,3.855694055557251,3.8333332538604736
Adhesion,0.04,train,12,23,0.9189362525939941,3.851290702819824,3.8333332538604736
Adhesion,0.04,train,14,28,0.7933831810951233,3.902061939239502,4.0
Adhesion,0.04,train,16,33,0.7071832418441772,3.9291725158691406,4.125
Adhesion,0.04,train,17,35,0.6909340023994446,3.887251853942871,4.117647171020508
Adhesion,0.04,train,17,35,0.7254337072372437,3.8745555877685547,4.117647171020508
Adhesion,0.04,train,17,35,0.7925918698310852,3.8720388412475586,4.117647171020508
Adhesion,0.04,train,18,38,0.7757808566093445,3.934359550476074,4.222222328186035
Adhesion,0.04,train,18,38,0.8062929511070251,3.912815570831299,4.222222328186035
Adhesion,0.04,train,18,38,0.8393591642379761,3.909900665283203,4.222222328186035
Adhesion,0.04,train,18,38,0.871870756149292,3.913606882095337,4.222222328186035
Adhesion,0.04,train,18,38,0.903252363204956,3.9207544326782227,4.222222328186035
Adhesion,0.04,train,20,42,0.8503574132919312,3.9515442848205566,4.199999809265137
Adhesion,0.04,train,20,42,0.8660327792167664,3.9475414752960205,4.199999809265137
Adhesion,0.04,train,20,42,0.8812665939331055,3.9258835315704346,4.199999809265137
Adhesion,0.04,train,20,42,0.8968883752822876,3.9127554893493652,4.199999809265137
Adhesion,0.04,train,20,42,0.9122904539108276,3.907050371170044,4.199999809265137
Adhesion,0.04,train,20,42,0.923611044883728,3.902554988861084,4.199999809265137
Adhesion,0.04,train,20,42,0.9339731931686401,3.899837017059326,4.199999809265137
Adhesion,0.04,train,21,44,0.9139936566352844,3.900099277496338,4.190476417541504
Adhesion,0.04,train,21,44,0.9261297583580017,3.89906644821167,4.190476417541504
Adhesion,0.04,train,21,44,0.931423544883728,3.8974006175994873,4.190476417541504
Adhesion,0.04,train,21,44,0.9364337921142578,3.8964269161224365,4.190476417541504
Adhesion,0.04,train,25,55,0.7889671325683594,3.9303526878356934,4.400000095367432
Adhesion,0.04,train,28,61,0.7140704989433289,3.938582181930542,4.357142925262451
Adhesion,0.04,train,30,67,0.6876962184906006,3.927297353744507,4.4666666984558105
Adhesion,0.04,train,30,67,0.7468627691268921,3.9163365364074707,4.4666666984558105
Adhesion,0.04,train,30,67,0.7748154401779175,3.9218084812164307,4.4666666984558105
Adhesion,0.04,train,32,74,0.751224160194397,3.938154697418213,4.625
Adhesion,0.04,train,32,74,0.7713373303413391,3.9266419410705566,4.625
Adhesion,0.04,train,32,74,0.7901840806007385,3.9305694103240967,4.625
Adhesion,0.04,train,32,74,0.8085736036300659,3.9362523555755615,4.625
Adhesion,0.04,train,36,85,0.7541128396987915,3.982793092727661,4.722222328186035
Adhesion,0.04,train,36,85,0.7763779163360596,3.94907283782959,4.722222328186035
Adhesion,0.04,train,36,85,0.7970853447914124,3.937382698059082,4.722222328186035
Adhesion,0.04,train,36,85,0.81721031665802,3.933336019515991,4.722222328186035
Adhesion,0.04,train,36,85,0.8368293046951294,3.9330930709838867,4.722222328186035
Adhesion,0.04,train,36,85,0.8559943437576294,3.9345943927764893,4.722222328186035
Adhesion,0.04,train,36,85,0.8732741475105286,3.9335572719573975,4.722222328186035
Adhesion,0.04,train,38,90,0.8553062081336975,3.939931869506836,4.736842155456543
Adhesion,0.04,train,38,90,0.8701574206352234,3.9326512813568115,4.736842155456543
Adhesion,0.04,train,38,90,0.8847702145576477,3.9320356845855713,4.736842155456543
Adhesion,0.04,train,38,90,0.893725574016571,3.932039737701416,4.736842155456543
Adhesion,0.04,train,38,90,0.9018077850341797,3.9327147006988525,4.736842155456543
Adhesion,0.04,train,44,105,0.7853373885154724,3.9579849243164062,4.7727274894714355
Adhesion,0.04,train,53,127,0.6622976064682007,3.958674669265747,4.792452812194824
Adhesion,0.04,train,53,127,0.6685853004455566,3.952598810195923,4.792452812194824
Adhesion,0.04,train,53,127,0.6768747568130493,3.9477596282958984,4.792452812194824
Adhesion,0.04,train,53,127,0.6859602928161621,3.9418349266052246,4.792452812194824
Adhesion,0.04,train,54,129,0.6824260950088501,3.9472339153289795,4.777777671813965
Adhesion,0.04,train,54,129,0.6923089027404785,3.9391467571258545,4.777777671813965
Adhesion,0.04,train,54,129,0.7037829756736755,3.940777063369751,4.777777671813965
Adhesion,0.04,train,54,129,0.7306693196296692,3.9463682174682617,4.777777671813965
Adhesion,0.04,train,60,143,0.6681434512138367,3.979701280593872,4.766666889190674
Adhesion,0.04,train,60,143,0.6825366616249084,3.9625213146209717,4.766666889190674
Adhesion,0.04,train,60,143,0.698887288570404,3.954843282699585,4.766666889190674
Adhesion,0.04,train,60,143,0.7156749963760376,3.9536406993865967,4.766666889190674
Adhesion,0.04,train,60,143,0.7326368093490601,3.9502878189086914,4.766666889190674
Adhesion,0.04,train,60,143,0.7495748400688171,3.951241970062256,4.766666889190674
Adhesion,0.04,train,60,143,0.7825678586959839,3.9548380374908447,4.766666889190674
Adhesion,0.04,train,63,151,0.7592701315879822,3.9533793926239014,4.7936506271362305
Adhesion,0.04,train,63,151,0.7741396427154541,3.951808452606201,4.7936506271362305
Adhesion,0.04,train,63,151,0.7884103655815125,3.9532833099365234,4.7936506271362305
Adhesion,0.04,train,63,151,0.7991819977760315,3.9533896446228027,4.7936506271362305
Adhesion,0.04,train,63,151,0.8091145157814026,3.954362630844116,4.7936506271362305
Adhesion,0.04,train,82,203,0.6360860466957092,3.988478422164917,4.95121955871582
Adhesion,0.04,train,87,217,0.6056457757949829,3.974280595779419,4.988505840301514
Adhesion,0.04,train,87,217,0.611304521560669,3.9623777866363525,4.988505840301514
Adhesion,0.04,train,87,217,0.6172245740890503,3.9582386016845703,4.988505840301514
Adhesion,0.04,train,87,217,0.6232921481132507,3.955752372741699,4.988505840301514
Adhesion,0.04,train,89,223,0.6148576736450195,3.9610400199890137,5.011236190795898
Adhesion,0.04,train,89,223,0.6204082369804382,3.954233169555664,5.011236190795898
Adhesion,0.04,train,89,223,0.6322507262229919,3.95725417137146,5.011236190795898
Adhesion,0.04,train,89,223,0.6389563679695129,3.9504544734954834,5.011236190795898
Adhesion,0.04,train,98,245,0.5856737494468689,3.9574341773986816,5.0
Adhesion,0.04,train,98,245,0.5939679145812988,3.9420816898345947,5.0
Adhesion,0.04,train,98,245,0.6025632619857788,3.9390668869018555,5.0
Adhesion,0.04,train,98,245,0.6082454919815063,3.940239191055298,5.0
Adhesion,0.04,train,98,245,0.6122449040412903,3.9441494941711426,5.0
Adhesion,0.06,train,6,9,0.8660253882408142,3.722419500350952,3.0
Adhesion,0.06,train,6,9,0.9190354943275452,3.743464231491089,3.0
Adhesion,0.06,train,7,11,0.7917994856834412,3.87349009513855,3.142857074737549
Adhesion,0.06,train,8,13,0.7052496671676636,3.891416072845459,3.25
Adhesion,0.06,train,9,15,0.648516058921814,3.9044816493988037,3.3333332538604736
Adhesion,0.06,train,9,15,0.6856211423873901,3.889087200164795,3.3333332538604736
Adhesion,0.06,train,9,15,0.7603973746299744,3.887402057647705,3.3333332538604736
Adhesion,0.06,train,10,18,0.7142817378044128,3.95509672164917,3.5999999046325684
Adhesion,0.06,train,10,18,0.7505651116371155,3.9139621257781982,3.5999999046325684
Adhesion,0.06,train,10,18,0.7909142374992371,3.9038467407226562,3.5999999046325684
Adhesion,0.06,train,10,18,0.8314283490180969,3.9006550312042236,3.5999999046325684
Adhesion,0.06,train,11,20,0.817739725112915,3.924142599105835,3.6363637447357178
Adhesion,0.06,train,11,20,0.8410652279853821,3.900283098220825,3.6363637447357178
Adhesion,0.06,train,11,20,0.8599527478218079,3.8885276317596436,3.6363637447357178
Adhesion,0.06,train,11,20,0.8784814476966858,3.879755973815918,3.6363637447357178
Adhesion,0.06,train,11,20,0.8971924185752869,3.8738210201263428,3.6363637447357178
Adhesion,0.06,train,11,20,0.926221489906311,3.8634865283966064,3.6363637447357178
Adhesion,0.06,train,11,20,0.9355087876319885,3.8590142726898193,3.6363637447357178
Adhesion,0.06,train,12,23,0.8684433102607727,3.8713808059692383,3.8333332538604736
Adhesion,0.06,train,12,23,0.8853138089179993,3.8550071716308594,3.8333332538604736
Adhesion,0.06,train,12,23,0.9002571105957031,3.845442056655884,3.8333332538604736
Adhesion,0.06,train,12,23,0.9175696969032288,3.834120988845825,3.8333332538604736
Adhesion,0.06,train,14,28,0.7919071316719055,3.9007251262664795,4.0
Adhesion,0.06,train,16,32,0.7052044868469238,3.9238147735595703,4.0
Adhesion,0.06,train,18,37,0.6495039463043213,3.891350746154785,4.111111164093018
Adhesion,0.06,train,18,37,0.6865137815475464,3.8792715072631836,4.111111164093018
Adhesion,0.06,train,18,37,0.725377082824707,3.877882242202759,4.111111164093018
Adhesion,0.06,train,19,39,0.7524259686470032,3.9341793060302734,4.1052632331848145
Adhesion,0.06,train,19,39,0.7850731015205383,3.911600112915039,4.1052632331848145
Adhesion,0.06,train,19,39,0.8202424049377441,3.914260149002075,4.1052632331848145
Adhesion,0.06,train,19,39,0.8560255765914917,3.9234931468963623,4.1052632331848145
Adhesion,0.06,train,19,39,0.8912594318389893,3.93330454826355,4.1052632331848145
Adhesion,0.06,train,21,43,0.8492185473442078,3.96448016166687,4.095238208770752
Adhesion,0.06,train,21,43,0.8646368384361267,3.9578959941864014,4.095238208770752
Adhesion,0.06,train,21,43,0.8796561360359192,3.955594062805176,4.095238208770752
Adhesion,0.06,train,21,43,0.8941390514373779,3.9554526805877686,4.095238208770752
Adhesion,0.06,train,21,43,0.9083685874938965,3.9563846588134766,4.095238208770752
Adhesion,0.06,train,21,43,0.929296612739563,3.9539928436279297,4.095238208770752
Adhesion,0.06,train,22,45,0.8964797854423523,3.9557509422302246,4.090909004211426
Adhesion,0.06,train,22,45,0.9100627303123474,3.949960947036743,4.090909004211426
Adhesion,0.06,train,22,45,0.9219726920127869,3.9467267990112305,4.090909004211426
Adhesion,0.06,train,22,45,0.9272357821464539,3.9428517818450928,4.090909004211426
Adhesion,0.06,train,26,56,0.7909592986106873,3.9783108234405518,4.307692527770996
Adhesion,0.06,train,29,63,0.7177607417106628,4.017395973205566,4.344827651977539
Adhesion,0.06,train,32,72,0.6677678823471069,3.9919567108154297,4.5
Adhesion,0.06,train,32,72,0.6955401301383972,3.975537061691284,4.5
Adhesion,0.06,train,32,72,0.7233948707580566,3.976375102996826,4.5
Adhesion,0.06,train,34,79,0.7287381291389465,3.9639108180999756,4.647058963775635
Adhesion,0.06,train,34,79,0.7444429397583008,3.9283249378204346,4.647058963775635
Adhesion,0.06,train,34,79,0.7643406391143799,3.9241201877593994,4.647058963775635
Adhesion,0.06,train,34,79,0.7835037708282471,3.9224116802215576,4.647058963775635
Adhesion,0.06,train,34,79,0.8045619130134583,3.925009250640869,4.647058963775635
Adhesion,0.06,train,38,89,0.7376828789710999,3.958388566970825,4.684210300445557
Adhesion,0.06,train,38,89,0.7821612358093262,3.940631628036499,4.684210300445557
Adhesion,0.06,train,38,89,0.8027223348617554,3.929955005645752,4.684210300445557
Adhesion,0.06,train,38,89,0.8228917121887207,3.9274539947509766,4.684210300445557
Adhesion,0.06,train,38,89,0.8424949645996094,3.927403211593628,4.684210300445557
Adhesion,0.06,train,38,89,0.8605203032493591,3.927690267562866,4.684210300445557
Adhesion,0.06,train,40,94,0.846976637840271,3.934631824493408,4.699999809265137
Adhesion,0.06,train,40,94,0.8624117970466614,3.9312973022460938,4.699999809265137
Adhesion,0.06,train,40,94,0.8772140741348267,3.9302306175231934,4.699999809265137
Adhesion,0.06,train,40,94,0.887037456035614,3.9279510974884033,4.699999809265137
Adhesion,0.06,train,40,94,0.8955496549606323,3.926591396331787,4.699999809265137
Adhesion,0.06,train,49,115,0.7435230612754822,3.970125198364258,4.693877696990967
Adhesion,0.06,train,53,125,0.6932827234268188,3.9638655185699463,4.716980934143066
Adhesion,0.06,train,53,125,0.6991414427757263,3.953150987625122,4.716980934143066
Adhesion,0.06,train,53,125,0.7063366174697876,3.9530086517333984,4.716980934143066
Adhesion,0.06,train,53,125,0.7142355442047119,3.957353353500366,4.716980934143066
Adhesion,0.06,train,56,133,0.6908053159713745,3.9801242351531982,4.75
Adhesion,0.06,train,56,133,0.6994086503982544,3.9859395027160645,4.75
Adhesion,0.06,train,56,133,0.7096750140190125,3.987575054168701,4.75
Adhesion,0.06,train,56,133,0.7215133309364319,3.9890265464782715,4.75
Adhesion,0.06,train,62,147,0.661709189414978,4.012488842010498,4.7419352531433105
Adhesion,0.06,train,62,147,0.6921501755714417,4.004246234893799,4.7419352531433105
Adhesion,0.06,train,62,147,0.7093697786331177,4.011181354522705,4.7419352531433105
Adhesion,0.06,train,62,147,0.7254881262779236,4.017395496368408,4.7419352531433105
Adhesion,0.06,train,62,147,0.7417309880256653,4.018775939941406,4.7419352531433105
Adhesion,0.06,train,62,147,0.7579486966133118,4.021688461303711,4.7419352531433105
Adhesion,0.06,train,62,147,0.7736030220985413,4.025937557220459,4.7419352531433105
Adhesion,0.06,train,65,154,0.7652227878570557,4.019442081451416,4.738461494445801
Adhesion,0.06,train,65,154,0.7790144681930542,4.013712406158447,4.738461494445801
Adhesion,0.06,train,65,154,0.789466142654419,4.012845993041992,4.738461494445801
Adhesion,0.06,train,65,154,0.7990381121635437,4.0145134925842285,4.738461494445801
Adhesion,0.06,train,74,180,0.7098623514175415,4.01054573059082,4.864864826202393
Adhesion,0.06,train,87,214,0.6165100336074829,3.9839344024658203,4.9195404052734375
Adhesion,0.06,train,87,214,0.6222121119499207,3.9751341342926025,4.9195404052734375
Adhesion,0.06,train,87,214,0.6278204917907715,3.9733760356903076,4.9195404052734375
Adhesion,0.06,train,87,214,0.6334156394004822,3.968113422393799,4.9195404052734375
Adhesion,0.06,train,90,222,0.6172741055488586,3.9832568168640137,4.933333396911621
Adhesion,0.06,train,90,222,0.6269888281822205,3.974748134613037,4.933333396911621
Adhesion,0.06,train,90,222,0.6322071552276611,3.975214719772339,4.933333396911621
Adhesion,0.06,train,90,222,0.6379505395889282,3.9784417152404785,4.933333396911621
Adhesion,0.06,train,100,250,0.5785362720489502,3.995136022567749,5.0
Adhesion,0.06,train,100,250,0.5856388807296753,3.9773812294006348,5.0
Adhesion,0.06,train,100,250,0.5969641804695129,3.9720373153686523,5.0
Adhesion,0.06,train,100,250,0.5990664958953857,3.9639694690704346,5.0
Adhesion,0.06,train,100,250,0.599762499332428,3.959301710128784,5.0
Adhesion,0.06,train,100,250,0.5998781323432922,3.9582605361938477,5.0
Adhesion,0.06,train,100,250,0.5999338626861572,3.9584648609161377,5.0
Adhesion,0.06,train,105,264,0.5714285969734192,3.96504807472229,5.028571605682373
Adhesion,0.09,train,6,9,0.8660253882408142,3.722419500350952,3.0
Adhesion,0.09,train,6,9,0.9171171188354492,3.7384493350982666,3.0
Adhesion,0.09,train,7,11,0.7899049520492554,3.872663974761963,3.142857074737549
Adhesion,0.09,train,8,13,0.7030320763587952,3.884181499481201,3.25
Adhesion,0.09,train,9,15,0.6457192897796631,3.8916523456573486,3.3333332538604736
Adhesion,0.09,train,9,15,0.6823503375053406,3.875361442565918,3.3333332538604736
Adhesion,0.09,train,9,15,0.7213132977485657,3.87328839302063,3.3333332538604736
Adhesion,0.09,train,9,15,0.7577579021453857,3.873041868209839,3.3333332538604736
Adhesion,0.09,train,10,18,0.7479261159896851,3.904181957244873,3.5999999046325684
Adhesion,0.09,train,10,18,0.7883354425430298,3.8915772438049316,3.5999999046325684
Adhesion,0.09,train,10,18,0.8289387822151184,3.888148784637451,3.5999999046325684
Adhesion,0.09,train,10,18,0.8684381246566772,3.886970043182373,3.5999999046325684
Adhesion,0.09,train,11,20,0.8152874112129211,3.9120900630950928,3.6363637447357178
Adhesion,0.09,train,11,20,0.8385767340660095,3.8879318237304688,3.6363637447357178
Adhesion,0.09,train,11,20,0.8574926257133484,3.8764359951019287,3.6363637447357178
Adhesion,0.09,train,11,20,0.8760141134262085,3.8679590225219727,3.6363637447357178
Adhesion,0.09,train,11,20,0.9131187796592712,3.8582510948181152,3.6363637447357178
Adhesion,0.09,train,11,20,0.9238476157188416,3.8530335426330566,3.6363637447357178
Adhesion,0.09,train,11,20,0.9331989288330078,3.8490052223205566,3.6363637447357178
Adhesion,0.09,train,12,23,0.8660688400268555,3.865485429763794,3.8333332538604736
Adhesion,0.09,train,12,23,0.8829347491264343,3.847388505935669,3.8333332538604736
Adhesion,0.09,train,12,23,0.8979120254516602,3.8372650146484375,3.8333332538604736
Adhesion,0.09,train,12,23,0.9066882729530334,3.8304271697998047,3.8333332538604736
Adhesion,0.09,train,14,28,0.7897241711616516,3.8765883445739746,4.0
Adhesion,0.09,train,16,32,0.7027574181556702,3.908512592315674,4.0
Adhesion,0.09,train,18,37,0.6467685103416443,3.8782119750976562,4.111111164093018
Adhesion,0.09,train,18,37,0.6837819814682007,3.8667030334472656,4.111111164093018
Adhesion,0.09,train,18,37,0.7227557897567749,3.8655853271484375,4.111111164093018
Adhesion,0.09,train,18,37,0.7589550018310547,3.8674726486206055,4.111111164093018
Adhesion,0.09,train,19,39,0.7501669526100159,3.9235527515411377,4.1052632331848145
Adhesion,0.09,train,19,39,0.7821242809295654,3.9005074501037598,4.1052632331848145
Adhesion,0.09,train,19,39,0.8532635569572449,3.9124596118927,4.1052632331848145
Adhesion,0.09,train,19,39,0.8885272145271301,3.922060966491699,4.1052632331848145
Adhesion,0.09,train,21,43,0.8259469270706177,3.964360475540161,4.095238208770752
Adhesion,0.09,train,21,43,0.8460313677787781,3.9504311084747314,4.095238208770752
Adhesion,0.09,train,21,43,0.8614893555641174,3.94525408744812,4.095238208770752
Adhesion,0.09,train,21,43,0.8766231536865234,3.9435174465179443,4.095238208770752
Adhesion,0.09,train,21,43,0.8910565376281738,3.943666696548462,4.095238208770752
Adhesion,0.09,train,21,43,0.9052521586418152,3.944807529449463,4.095238208770752
Adhesion,0.09,train,21,43,0.9265623688697815,3.943636178970337,4.095238208770752
Adhesion,0.09,train,22,45,0.8936434388160706,3.9425222873687744,4.090909004211426
Adhesion,0.09,train,22,45,0.9072946310043335,3.9367620944976807,4.090909004211426
Adhesion,0.09,train,22,45,0.919325053691864,3.93369197845459,4.090909004211426
Adhesion,0.09,train,22,45,0.9246675968170166,3.9299211502075195,4.090909004211426
Adhesion,0.09,train,22,45,0.9296389222145081,3.927112579345703,4.090909004211426
Adhesion,0.09,train,26,56,0.7887354493141174,3.9585301876068115,4.307692527770996
Adhesion,0.09,train,32,72,0.6673262119293213,3.930410861968994,4.5
Adhesion,0.09,train,32,72,0.6950011849403381,3.9043760299682617,4.5
Adhesion,0.09,train,32,72,0.723436713218689,3.899801254272461,4.5
Adhesion,0.09,train,32,73,0.750403106212616,3.889251708984375,4.5625
Adhesion,0.09,train,34,79,0.7258793711662292,3.900480031967163,4.647058963775635
Adhesion,0.09,train,34,79,0.7449907660484314,3.8883957862854004,4.647058963775635
Adhesion,0.09,train,34,79,0.7639809846878052,3.890446901321411,4.647058963775635
Adhesion,0.09,train,34,79,0.7823306918144226,3.893129587173462,4.647058963775635
Adhesion,0.09,train,38,89,0.7358767986297607,3.9411540031433105,4.684210300445557
Adhesion,0.09,train,38,89,0.7590025663375854,3.927105665206909,4.684210300445557
Adhesion,0.09,train,38,89,0.7800342440605164,3.9250383377075195,4.684210300445557
Adhesion,0.09,train,38,89,0.8000779151916504,3.9268910884857178,4.684210300445557
Adhesion,0.09,train,38,89,0.8201138973236084,3.9305572509765625,4.684210300445557
Adhesion,0.09,train,38,89,0.8392097353935242,3.930840015411377,4.684210300445557
Adhesion,0.09,train,38,89,0.8571783304214478,3.9264719486236572,4.684210300445557
Adhesion,0.09,train,40,95,0.8448154330253601,3.9351906776428223,4.75
Adhesion,0.09,train,40,95,0.8619331121444702,3.9307422637939453,4.75
Adhesion,0.09,train,40,95,0.8779700994491577,3.9294209480285645,4.75
Adhesion,0.09,train,40,95,0.88763827085495,3.9265358448028564,4.75
Adhesion,0.09,train,40,95,0.8960569500923157,3.924839735031128,4.75
Adhesion,0.09,train,46,110,0.7858026027679443,3.9543938636779785,4.782608509063721
Adhesion,0.09,train,51,123,0.7144585251808167,3.9623637199401855,4.823529243469238
Adhesion,0.09,train,56,136,0.6559162139892578,3.946931838989258,4.857142925262451
Adhesion,0.09,train,56,136,0.6693063974380493,3.924583673477173,4.857142925262451
Adhesion,0.09,train,56,136,0.6776421666145325,3.9214930534362793,4.857142925262451
Adhesion,0.09,train,58,141,0.6625548005104065,3.923001527786255,4.862069129943848
Adhesion,0.09,train,58,141,0.6711795330047607,3.9124348163604736,4.862069129943848
Adhesion,0.09,train,58,141,0.6811514496803284,3.9087939262390137,4.862069129943848
Adhesion,0.09,train,58,141,0.6922006011009216,3.908229351043701,4.862069129943848
Adhesion,0.09,train,58,141,0.7045240998268127,3.9121899604797363,4.862069129943848
Adhesion,0.09,train,64,154,0.6478362083435059,3.93697452545166,4.8125
Adhesion,0.09,train,64,154,0.6780408024787903,3.926710367202759,4.8125
Adhesion,0.09,train,64,154,0.6941850185394287,3.9268007278442383,4.8125
Adhesion,0.09,train,64,154,0.7107694149017334,3.931286334991455,4.8125
Adhesion,0.09,train,64,154,0.7274645566940308,3.937934160232544,4.8125
Adhesion,0.09,train,64,154,0.7432535886764526,3.9437460899353027,4.8125
Adhesion,0.09,train,64,154,0.7589190006256104,3.950265884399414,4.8125
Adhesion,0.09,train,66,160,0.7498391270637512,3.9583356380462646,4.848484992980957
Adhesion,0.09,train,66,160,0.7782101631164551,3.9618873596191406,4.848484992980957
Adhesion,0.09,train,66,160,0.7883724570274353,3.96372652053833,4.848484992980957
Adhesion,0.09,train,66,160,0.7978385090827942,3.9584832191467285,4.848484992980957
Adhesion,0.09,train,76,186,0.7005914449691772,3.9946277141571045,4.8947367668151855
Adhesion,0.09,train,83,204,0.6482074856758118,3.9816765785217285,4.91566276550293
Adhesion,0.09,train,89,218,0.6103125214576721,3.967756986618042,4.898876190185547
Adhesion,0.09,train,89,218,0.6154975891113281,3.9550797939300537,4.898876190185547
Adhesion,0.09,train,89,218,0.6207530498504639,3.9504051208496094,4.898876190185547
Adhesion,0.09,train,92,226,0.6108437180519104,3.959968328475952,4.91304349899292
Adhesion,0.09,train,92,226,0.6160472631454468,3.944319009780884,4.91304349899292
Adhesion,0.09,train,92,226,0.6214272975921631,3.9399373531341553,4.91304349899292
Adhesion,0.09,train,92,226,0.6271199584007263,3.942625045776367,4.91304349899292
Adhesion,0.09,train,92,226,0.6331232786178589,3.94942045211792,4.91304349899292
Adhesion,0.09,train,103,255,0.569484531879425,3.9745631217956543,4.951456546783447
Adhesion,0.09,train,103,255,0.5748821496963501,3.963249444961548,4.951456546783447
Adhesion,0.09,train,103,255,0.5813958048820496,3.9745638370513916,4.951456546783447
Adhesion,0.18,train,6,9,0.8660253882408142,3.722419500350952,3.0
Adhesion,0.18,train,6,9,0.9113793969154358,3.7285120487213135,3.0
Adhesion,0.18,train,7,11,0.7834540605545044,3.833864688873291,3.142857074737549
Adhesion,0.18,train,8,12,0.6951788663864136,3.870908260345459,3.0
Adhesion,0.18,train,9,14,0.6369619369506836,3.8415918350219727,3.1111111640930176
Adhesion,0.18,train,9,14,0.6749037504196167,3.820256471633911,3.1111111640930176
Adhesion,0.18,train,9,14,0.752305269241333,3.8148770332336426,3.1111111640930176
Adhesion,0.18,train,10,16,0.7064369320869446,3.852519989013672,3.200000047683716
Adhesion,0.18,train,10,17,0.7422316670417786,3.809173107147217,3.4000000953674316
Adhesion,0.18,train,10,17,0.7836126089096069,3.79645037651062,3.4000000953674316
Adhesion,0.18,train,10,17,0.8248745203018188,3.7928385734558105,3.4000000953674316
Adhesion,0.18,train,11,19,0.81142657995224,3.8445260524749756,3.454545497894287
Adhesion,0.18,train,11,19,0.8344215154647827,3.81063175201416,3.454545497894287
Adhesion,0.18,train,11,19,0.8535663485527039,3.8016107082366943,3.454545497894287
Adhesion,0.18,train,11,19,0.8725557923316956,3.798142910003662,3.454545497894287
Adhesion,0.18,train,11,19,0.8914403319358826,3.7968130111694336,3.454545497894287
Adhesion,0.18,train,11,19,0.9204559922218323,3.7969141006469727,3.454545497894287
Adhesion,0.18,train,11,19,0.9300283193588257,3.797908067703247,3.454545497894287
Adhesion,0.18,train,12,21,0.8598797917366028,3.8220841884613037,3.5
Adhesion,0.18,train,12,21,0.876673698425293,3.8166816234588623,3.5
Adhesion,0.18,train,12,21,0.8915802836418152,3.81592059135437,3.5
Adhesion,0.18,train,12,21,0.9089140892028809,3.8188278675079346,3.5
Adhesion,0.18,train,14,26,0.7826175093650818,3.8855433464050293,3.7142856121063232
Adhesion,0.18,train,15,28,0.74424809217453,3.8867874145507812,3.7333333492279053
Adhesion,0.18,train,17,33,0.6750156879425049,3.8981642723083496,3.882352828979492
Adhesion,0.18,train,17,33,0.7071644067764282,3.8820018768310547,3.882352828979492
Adhesion,0.18,train,17,33,0.7414370179176331,3.8829519748687744,3.882352828979492
Adhesion,0.18,train,18,35,0.75740647315979,3.923346519470215,3.8888888359069824
Adhesion,0.18,train,18,35,0.7867376208305359,3.9034461975097656,3.8888888359069824
Adhesion,0.18,train,18,35,0.820014476776123,3.9027154445648193,3.8888888359069824
Adhesion,0.18,train,18,35,0.8533447980880737,3.905818462371826,3.8888888359069824
Adhesion,0.18,train,18,35,0.8841152191162109,3.9110794067382812,3.8888888359069824
Adhesion,0.18,train,20,40,0.8346740007400513,3.910954236984253,4.0
Adhesion,0.18,train,20,40,0.8510557413101196,3.8987784385681152,4.0
Adhesion,0.18,train,20,40,0.8670433163642883,3.8932487964630127,4.0
Adhesion,0.18,train,20,40,0.8828744888305664,3.8905417919158936,4.0
Adhesion,0.18,train,20,40,0.8984706997871399,3.889003038406372,4.0
Adhesion,0.18,train,20,40,0.9206746220588684,3.8845458030700684,4.0
Adhesion,0.18,train,22,44,0.8432475924491882,3.9015085697174072,4.0
Adhesion,0.18,train,22,44,0.8606006503105164,3.8965086936950684,4.0
Adhesion,0.18,train,22,45,0.8783503174781799,3.8872885704040527,4.090909004211426
Adhesion,0.18,train,22,45,0.8883195519447327,3.878554582595825,4.090909004211426
Adhesion,0.18,train,25,53,0.7953064441680908,3.9178338050842285,4.239999771118164
Adhesion,0.18,train,27,58,0.7482888698577881,3.90769362449646,4.296296119689941
Adhesion,0.18,train,30,67,0.6914964318275452,3.8591294288635254,4.4666666984558105
Adhesion,0.18,train,30,67,0.7197198271751404,3.8500559329986572,4.4666666984558105
Adhesion,0.18,train,30,67,0.7493239641189575,3.8590846061706543,4.4666666984558105
Adhesion,0.18,train,32,72,0.7424821853637695,3.8890151977539062,4.5
Adhesion,0.18,train,32,72,0.7606332302093506,3.8802082538604736,4.5
Adhesion,0.18,train,32,72,0.7802292108535767,3.89056134223938,4.5
Adhesion,0.18,train,32,72,0.8002275824546814,3.9031028747558594,4.5
Adhesion,0.18,train,32,73,0.8217282891273499,3.9066569805145264,4.5625
Adhesion,0.18,train,35,79,0.7668967247009277,3.943721294403076,4.514285564422607
Adhesion,0.18,train,35,79,0.8110600113868713,3.944222927093506,4.514285564422607
Adhesion,0.18,train,35,79,0.8310295939445496,3.9349348545074463,4.514285564422607
Adhesion,0.18,train,35,79,0.8496705293655396,3.934701919555664,4.514285564422607
Adhesion,0.18,train,35,79,0.8663955330848694,3.936115264892578,4.514285564422607
Adhesion,0.18,train,35,79,0.8809447884559631,3.935986280441284,4.514285564422607
Adhesion,0.18,train,39,91,0.8128923773765564,3.9217796325683594,4.666666507720947
Adhesion,0.18,train,39,91,0.8311927914619446,3.9125382900238037,4.666666507720947
Adhesion,0.18,train,39,91,0.8478997349739075,3.906571626663208,4.666666507720947
Adhesion,0.18,train,39,91,0.8584052920341492,3.9004108905792236,4.666666507720947
Adhesion,0.18,train,39,91,0.8688589334487915,3.8962371349334717,4.666666507720947
Adhesion,0.18,train,46,107,0.752916157245636,3.917423725128174,4.65217399597168
Adhesion,0.18,train,50,117,0.7020561099052429,3.9184491634368896,4.679999828338623
Adhesion,0.18,train,50,117,0.7111579775810242,3.914797306060791,4.679999828338623
Adhesion,0.18,train,50,117,0.7211306095123291,3.9155056476593018,4.679999828338623
Adhesion,0.18,train,50,117,0.7304652333259583,3.918808698654175,4.679999828338623
Adhesion,0.18,train,53,125,0.703397274017334,3.929260492324829,4.716980934143066
Adhesion,0.18,train,53,125,0.7113129496574402,3.9342398643493652,4.716980934143066
Adhesion,0.18,train,53,125,0.7207560539245605,3.942721366882324,4.716980934143066
Adhesion,0.18,train,53,125,0.7311648726463318,3.952606201171875,4.716980934143066
Adhesion,0.18,train,59,141,0.6646981239318848,3.9827587604522705,4.779661178588867
Adhesion,0.18,train,59,141,0.6910576820373535,3.9713099002838135,4.779661178588867
Adhesion,0.18,train,59,141,0.7064326405525208,3.9719109535217285,4.779661178588867
Adhesion,0.18,train,59,141,0.7225087285041809,3.9767940044403076,4.779661178588867
Adhesion,0.18,train,59,141,0.7389248609542847,3.9832816123962402,4.779661178588867
Adhesion,0.18,train,59,141,0.7557244896888733,3.9884696006774902,4.779661178588867
Adhesion,0.18,train,59,141,0.7717664837837219,3.979430675506592,4.779661178588867
Adhesion,0.18,train,64,154,0.7379024624824524,3.964972972869873,4.8125
Adhesion,0.18,train,64,154,0.7520056366920471,3.96464467048645,4.8125
Adhesion,0.18,train,64,154,0.7629106044769287,3.967728853225708,4.8125
Adhesion,0.18,train,64,154,0.7734266519546509,3.9725022315979004,4.8125
Adhesion,0.18,train,70,170,0.7165321111679077,3.9867959022521973,4.857142925262451
Adhesion,0.18,train,81,199,0.6351206302642822,3.952393054962158,4.913580417633057
Adhesion,0.18,train,81,199,0.6426388621330261,3.9409775733947754,4.913580417633057
Adhesion,0.18,train,81,199,0.6499949097633362,3.9373884201049805,4.913580417633057
Adhesion,0.18,train,81,199,0.6571738719940186,3.938131332397461,4.913580417633057
Adhesion,0.18,train,85,210,0.63213711977005,3.9485745429992676,4.941176414489746
Adhesion,0.18,train,85,210,0.642594575881958,3.953549385070801,4.941176414489746
Adhesion,0.18,train,85,210,0.6478427052497864,3.956270933151245,4.941176414489746
Adhesion,0.18,train,85,210,0.6534752249717712,3.963217258453369,4.941176414489746
Adhesion,0.18,train,94,231,0.5944092273712158,3.983379602432251,4.914893627166748
Adhesion,0.18,train,94,231,0.6012579798698425,3.972200393676758,4.914893627166748
Adhesion,0.18,train,94,231,0.6193448305130005,3.9700324535369873,4.914893627166748
Adhesion,0.18,train,94,231,0.6273424029350281,3.9800522327423096,4.914893627166748
Adhesion,0.18,train,94,231,0.6332928538322449,3.9934210777282715,4.914893627166748
Adhesion,0.18,train,94,231,0.636731743812561,4.005853176116943,4.914893627166748
Adhesion,0.18,train,94,231,0.6376724243164062,4.013496398925781,4.914893627166748
Adhesion,0.18,train,102,253,0.5882353186607361,4.011795997619629,4.960784435272217
Adhesion,0.25,train,6,9,0.8660253882408142,3.722419500350952,3.0
Adhesion,0.25,train,6,9,0.9067862629890442,3.726254463195801,3.0
Adhesion,0.25,train,7,11,0.7783365249633789,3.8046441078186035,3.142857074737549
Adhesion,0.25,train,8,13,0.691413164138794,3.867549419403076,3.25
Adhesion,0.25,train,9,15,0.6343011856079102,3.804642915725708,3.3333332538604736
Adhesion,0.25,train,9,15,0.6729915738105774,3.7790162563323975,3.3333332538604736
Adhesion,0.25,train,9,15,0.7133547067642212,3.773817300796509,3.3333332538604736
Adhesion,0.25,train,9,15,0.750238299369812,3.772718667984009,3.3333332538604736
Adhesion,0.25,train,10,17,0.7038196325302124,3.814363479614258,3.4000000953674316
Adhesion,0.25,train,10,17,0.7781766057014465,3.782670497894287,3.4000000953674316
Adhesion,0.25,train,10,17,0.819507896900177,3.782472610473633,3.4000000953674316
Adhesion,0.25,train,10,17,0.8594511151313782,3.7829785346984863,3.4000000953674316
Adhesion,0.25,train,11,18,0.8035215735435486,3.838249444961548,3.2727272510528564
Adhesion,0.25,train,11,18,0.826084315776825,3.8088784217834473,3.2727272510528564
Adhesion,0.25,train,11,18,0.8457157015800476,3.801888942718506,3.2727272510528564
Adhesion,0.25,train,11,18,0.865104615688324,3.799611806869507,3.2727272510528564
Adhesion,0.25,train,11,18,0.8843076229095459,3.7989702224731445,3.2727272510528564
Adhesion,0.25,train,11,18,0.903080403804779,3.7985708713531494,3.2727272510528564
Adhesion,0.25,train,11,18,0.9229801297187805,3.7963225841522217,3.2727272510528564
Adhesion,0.25,train,12,20,0.8534991145133972,3.814215898513794,3.3333332538604736
Adhesion,0.25,train,12,20,0.8700554966926575,3.799459457397461,3.3333332538604736
Adhesion,0.25,train,12,20,0.8848671913146973,3.7958977222442627,3.3333332538604736
Adhesion,0.25,train,12,20,0.8937768340110779,3.7940986156463623,3.3333332538604736
Adhesion,0.25,train,12,20,0.9026080965995789,3.793503522872925,3.3333332538604736
Adhesion,0.25,train,14,25,0.7758249044418335,3.8756020069122314,3.5714285373687744
Adhesion,0.25,train,15,27,0.7357819080352783,3.871678113937378,3.5999999046325684
Adhesion,0.25,train,17,32,0.6668983697891235,3.869889259338379,3.7647058963775635
Adhesion,0.25,train,17,32,0.7342944145202637,3.8481287956237793,3.7647058963775635
Adhesion,0.25,train,17,32,0.7664390206336975,3.851238489151001,3.7647058963775635
Adhesion,0.25,train,19,36,0.7099756598472595,3.9126651287078857,3.78947377204895
Adhesion,0.25,train,19,36,0.7362213730812073,3.8792884349823,3.78947377204895
Adhesion,0.25,train,19,36,0.7727536559104919,3.8791005611419678,3.78947377204895
Adhesion,0.25,train,19,36,0.8095113039016724,3.883074998855591,3.78947377204895
Adhesion,0.25,train,19,36,0.8440475463867188,3.888240098953247,3.78947377204895
Adhesion,0.25,train,21,39,0.7817749977111816,3.942831516265869,3.7142856121063232
Adhesion,0.25,train,21,39,0.8059638142585754,3.9236385822296143,3.7142856121063232
Adhesion,0.25,train,21,39,0.8461328148841858,3.9214303493499756,3.7142856121063232
Adhesion,0.25,train,21,39,0.8659349083900452,3.9237005710601807,3.7142856121063232
Adhesion,0.25,train,21,39,0.8850501775741577,3.925882577896118,3.7142856121063232
Adhesion,0.25,train,21,39,0.8971118927001953,3.923323154449463,3.7142856121063232
Adhesion,0.25,train,21,39,0.9076607823371887,3.9204037189483643,3.7142856121063232
Adhesion,0.25,train,23,44,0.8366868495941162,3.927885055541992,3.82608699798584
Adhesion,0.25,train,23,44,0.8536790013313293,3.908662796020508,3.82608699798584
Adhesion,0.25,train,23,44,0.8694892525672913,3.9007551670074463,3.82608699798584
Adhesion,0.25,train,23,44,0.8789961338043213,3.8950247764587402,3.82608699798584
Adhesion,0.25,train,26,52,0.7917702794075012,3.8754611015319824,4.0
Adhesion,0.25,train,28,56,0.7443974614143372,3.8880603313446045,4.0
Adhesion,0.25,train,30,62,0.7099236845970154,3.8926138877868652,4.133333206176758
Adhesion,0.25,train,30,62,0.7311624884605408,3.8807790279388428,4.133333206176758
Adhesion,0.25,train,30,62,0.7532534003257751,3.8818767070770264,4.133333206176758
Adhesion,0.25,train,30,63,0.7738587856292725,3.88492488861084,4.199999809265137
Adhesion,0.25,train,34,75,0.6976438164710999,3.938295602798462,4.411764621734619
Adhesion,0.25,train,34,75,0.7110952734947205,3.8918044567108154,4.411764621734619
Adhesion,0.25,train,34,75,0.7289518713951111,3.893594264984131,4.411764621734619
Adhesion,0.25,train,34,75,0.7698557376861572,3.912782669067383,4.411764621734619
Adhesion,0.25,train,38,84,0.7037808299064636,3.9556167125701904,4.4210524559021
Adhesion,0.25,train,38,84,0.7296335101127625,3.9386022090911865,4.4210524559021
Adhesion,0.25,train,38,84,0.754706621170044,3.940542459487915,4.4210524559021
Adhesion,0.25,train,38,84,0.7783138155937195,3.9469025135040283,4.4210524559021
Adhesion,0.25,train,38,85,0.8009347915649414,3.952916145324707,4.473684310913086
Adhesion,0.25,train,38,85,0.8226416707038879,3.956784725189209,4.473684310913086
Adhesion,0.25,train,38,85,0.8410167694091797,3.9592278003692627,4.473684310913086
Adhesion,0.25,train,38,85,0.8572279214859009,3.960162878036499,4.473684310913086
Adhesion,0.25,train,41,92,0.8221704363822937,3.939323663711548,4.487804889678955
Adhesion,0.25,train,41,92,0.8374658823013306,3.9355435371398926,4.487804889678955
Adhesion,0.25,train,41,92,0.846842348575592,3.9346704483032227,4.487804889678955
Adhesion,0.25,train,41,92,0.8557093739509583,3.9351320266723633,4.487804889678955
Adhesion,0.25,train,46,105,0.7698783874511719,3.9644081592559814,4.5652174949646
Adhesion,0.25,train,50,115,0.7142746448516846,3.934201955795288,4.599999904632568
Adhesion,0.25,train,54,126,0.6681014895439148,3.9291813373565674,4.666666507720947
Adhesion,0.25,train,54,126,0.6742962598800659,3.9190704822540283,4.666666507720947
Adhesion,0.25,train,54,126,0.6819524168968201,3.9209444522857666,4.666666507720947
Adhesion,0.25,train,59,138,0.6378982663154602,3.9648020267486572,4.677966117858887
Adhesion,0.25,train,59,138,0.6438172459602356,3.9338934421539307,4.677966117858887
Adhesion,0.25,train,59,138,0.6512620449066162,3.934494733810425,4.677966117858887
Adhesion,0.25,train,59,138,0.6602413654327393,3.9411346912384033,4.677966117858887
Adhesion,0.25,train,59,138,0.6708155274391174,3.949531078338623,4.677966117858887
Adhesion,0.25,train,65,154,0.6165024638175964,3.9741272926330566,4.738461494445801
Adhesion,0.25,train,65,154,0.6309593319892883,3.964664936065674,4.738461494445801
Adhesion,0.25,train,65,154,0.646971583366394,3.955641031265259,4.738461494445801
Adhesion,0.25,train,65,154,0.6629413366317749,3.955838203430176,4.738461494445801
Adhesion,0.25,train,65,154,0.6957035064697266,3.970398426055908,4.738461494445801
Adhesion,0.25,train,65,154,0.7121841907501221,3.9774227142333984,4.738461494445801
Adhesion,0.25,train,65,154,0.7284342646598816,3.9843270778656006,4.738461494445801
Adhesion,0.25,train,71,168,0.6793690919876099,3.9837405681610107,4.732394218444824
Adhesion,0.25,train,71,168,0.6940363645553589,3.9805805683135986,4.732394218444824
Adhesion,0.25,train,71,167,0.7095999717712402,3.979567289352417,4.704225540161133
Adhesion,0.25,train,71,167,0.7213608026504517,3.9778759479522705,4.704225540161133
Adhesion,0.25,train,71,167,0.7327039241790771,3.980433940887451,4.704225540161133
Adhesion,0.25,train,79,189,0.6684275269508362,3.984287738800049,4.7848100662231445
Adhesion,0.25,train,90,220,0.6042125225067139,3.951967477798462,4.888888835906982
Adhesion,0.25,train,90,220,0.6126667261123657,3.938415288925171,4.888888835906982
Adhesion,0.25,train,90,220,0.6209341287612915,3.935655355453491,4.888888835906982
Adhesion,0.25,train,90,220,0.6279183030128479,3.922966957092285,4.888888835906982
Adhesion,0.25,train,98,242,0.5815987586975098,3.9543938636779785,4.938775539398193
Adhesion,0.25,train,98,243,0.5857017636299133,3.9326071739196777,4.959183692932129
Adhesion,0.25,train,98,242,0.5894087553024292,3.9295921325683594,4.938775539398193
Adhesion,0.25,train,98,242,0.5936076641082764,3.9311697483062744,4.938775539398193
Adhesion,0.25,train,98,242,0.5983064770698547,3.937730550765991,4.938775539398193
Adhesion,0.25,train,107,264,0.558519721031189,3.941727876663208,4.934579372406006
Adhesion,0.5,val,6,9,0.8660253882408142,3.722419500350952,3.0
Adhesion,0.5,val,6,9,0.8899779319763184,3.7572500705718994,3.0
Adhesion,0.5,val,7,10,0.759276807308197,3.8399064540863037,2.857142925262451
Adhesion,0.5,val,8,11,0.6689455509185791,3.9274959564208984,2.75
Adhesion,0.5,val,9,13,0.6101602911949158,3.9186201095581055,2.8888888359069824
Adhesion,0.5,val,9,13,0.6524168848991394,3.9197285175323486,2.8888888359069824
Adhesion,0.5,val,9,13,0.695184051990509,3.92879056930542,2.8888888359069824
Adhesion,0.5,val,9,13,0.733816921710968,3.9387195110321045,2.8888888359069824
Adhesion,0.5,val,10,15,0.6886693239212036,3.9630210399627686,3.0
Adhesion,0.5,val,10,14,0.7206599712371826,3.9394936561584473,2.799999952316284
Adhesion,0.5,val,10,14,0.7622644901275635,3.9410953521728516,2.799999952316284
Adhesion,0.5,val,10,14,0.8035074472427368,3.9443390369415283,2.799999952316284
Adhesion,0.5,val,10,13,0.8440465927124023,3.9458179473876953,2.5999999046325684
Adhesion,0.5,val,11,14,0.7868086099624634,3.9735772609710693,2.545454502105713
Adhesion,0.5,val,11,14,0.8100216388702393,3.9692041873931885,2.545454502105713
Adhesion,0.5,val,11,14,0.8303859233856201,3.9758987426757812,2.545454502105713
Adhesion,0.5,val,11,14,0.8496983051300049,3.9805235862731934,2.545454502105713
Adhesion,0.5,val,11,14,0.8688663244247437,3.982308864593506,2.545454502105713
Adhesion,0.5,val,11,14,0.8876275420188904,3.9840598106384277,2.545454502105713
Adhesion,0.5,val,11,14,0.8978185653686523,3.9864141941070557,2.545454502105713
Adhesion,0.5,val,11,14,0.9071498513221741,3.9872243404388428,2.545454502105713
Adhesion,0.5,val,12,15,0.83329176902771,3.9845826625823975,2.5
Adhesion,0.5,val,12,15,0.8511237502098083,3.979907751083374,2.5
Adhesion,0.5,val,12,15,0.8661559224128723,3.9808387756347656,2.5
Adhesion,0.5,val,12,15,0.8752829432487488,3.9833881855010986,2.5
Adhesion,0.5,val,12,15,0.8842398524284363,3.9850575923919678,2.5
Adhesion,0.5,val,14,18,0.7527372241020203,4.026317596435547,2.5714285373687744
Adhesion,0.5,val,16,21,0.660486102104187,4.04161262512207,2.625
Adhesion,0.5,val,18,25,0.6023779511451721,3.9968881607055664,2.777777671813965
Adhesion,0.5,val,18,24,0.6387417316436768,3.9831576347351074,2.6666667461395264
Adhesion,0.5,val,18,24,0.6776158809661865,3.990506887435913,2.6666667461395264
Adhesion,0.5,val,18,23,0.7138601541519165,4.002326965332031,2.555555582046509
Adhesion,0.5,val,20,27,0.6703727841377258,4.101851463317871,2.700000047683716
Adhesion,0.5,val,20,27,0.7018901705741882,4.038359642028809,2.700000047683716
Adhesion,0.5,val,20,26,0.7451019883155823,4.034196376800537,2.5999999046325684
Adhesion,0.5,val,20,25,0.7872734069824219,4.033538818359375,2.5
Adhesion,0.5,val,20,25,0.828405499458313,4.038387298583984,2.5
Adhesion,0.5,val,22,26,0.7728515863418579,4.03895902633667,2.3636362552642822
Adhesion,0.5,val,22,26,0.7969278693199158,4.028127193450928,2.3636362552642822
Adhesion,0.5,val,22,26,0.8178436160087585,4.029202461242676,2.3636362552642822
Adhesion,0.5,val,22,26,0.8382889032363892,4.032429218292236,2.3636362552642822
Adhesion,0.5,val,22,26,0.8583767414093018,4.036389350891113,2.3636362552642822
Adhesion,0.5,val,22,26,0.8778575658798218,4.040284633636475,2.3636362552642822
Adhesion,0.5,val,22,26,0.8885917663574219,4.044674873352051,2.3636362552642822
Adhesion,0.5,val,22,26,0.8986837267875671,4.048259258270264,2.3636362552642822
Adhesion,0.5,val,24,28,0.8236865997314453,4.076376438140869,2.3333332538604736
Adhesion,0.5,val,24,27,0.8403856158256531,4.07533073425293,2.25
Adhesion,0.5,val,24,27,0.8550431132316589,4.0813422203063965,2.25
Adhesion,0.5,val,24,27,0.8640336394309998,4.0891947746276855,2.25
Adhesion,0.5,val,24,27,0.8729247450828552,4.096476078033447,2.25
Adhesion,0.5,val,28,31,0.7394148707389832,4.104830741882324,2.2142856121063232
Adhesion,0.5,val,32,37,0.6505159139633179,4.104291915893555,2.3125
Adhesion,0.5,val,36,43,0.5928593277931213,4.070960998535156,2.3888888359069824
Adhesion,0.5,val,36,43,0.6318097710609436,4.064792633056641,2.3888888359069824
Adhesion,0.5,val,36,43,0.6718811988830566,4.071930885314941,2.3888888359069824
Adhesion,0.5,val,36,43,0.7092829942703247,4.080449104309082,2.3888888359069824
Adhesion,0.5,val,40,49,0.6654378175735474,4.1080427169799805,2.450000047683716
Adhesion,0.5,val,40,49,0.6956709623336792,4.086798667907715,2.450000047683716
Adhesion,0.5,val,40,49,0.7366200089454651,4.093871593475342,2.450000047683716
Adhesion,0.5,val,40,49,0.7783229351043701,4.103785991668701,2.450000047683716
Adhesion,0.5,val,40,47,0.8173074722290039,4.112963676452637,2.3499999046325684
Adhesion,0.5,val,44,50,0.7614362835884094,4.100670337677002,2.2727272510528564
Adhesion,0.5,val,44,50,0.7866243720054626,4.097655773162842,2.2727272510528564
Adhesion,0.5,val,44,51,0.8084185123443604,4.0898942947387695,2.3181817531585693
Adhesion,0.5,val,44,51,0.8283575177192688,4.088306903839111,2.3181817531585693
Adhesion,0.5,val,44,51,0.8476405739784241,4.089820861816406,2.3181817531585693
Adhesion,0.5,val,44,51,0.8666653037071228,4.09168815612793,2.3181817531585693
Adhesion,0.5,val,44,51,0.8775568604469299,4.093453884124756,2.3181817531585693
Adhesion,0.5,val,44,51,0.8875320553779602,4.094764709472656,2.3181817531585693
Adhesion,0.5,val,48,58,0.8163039088249207,4.07886266708374,2.4166667461395264
Adhesion,0.5,val,48,57,0.833376944065094,4.076400279998779,2.375
Adhesion,0.5,val,48,57,0.8482527732849121,4.07861852645874,2.375
Adhesion,0.5,val,48,57,0.8573759198188782,4.081860065460205,2.375
Adhesion,0.5,val,48,57,0.8665218353271484,4.085720539093018,2.375
Adhesion,0.5,val,56,67,0.7351080775260925,4.1139302253723145,2.392857074737549
Adhesion,0.5,val,64,84,0.6478463411331177,4.090308666229248,2.625
Adhesion,0.5,val,72,94,0.5860624313354492,4.077024459838867,2.6111111640930176
Adhesion,0.5,val,72,94,0.6213811635971069,4.07908296585083,2.6111111640930176
Adhesion,0.5,val,72,95,0.6596025228500366,4.091692924499512,2.6388888359069824
Adhesion,0.5,val,72,95,0.6944369673728943,4.104286193847656,2.6388888359069824
Adhesion,0.5,val,80,110,0.6507171392440796,4.1249566078186035,2.75
Adhesion,0.5,val,80,112,0.6839380264282227,4.090841293334961,2.799999952316284
Adhesion,0.5,val,80,112,0.7251540422439575,4.096055507659912,2.799999952316284
Adhesion,1.0,val,6,9,0.8660253882408142,3.722419500350952,3.0
Adhesion,1.0,val,6,8,0.8603344559669495,3.985734224319458,2.6666667461395264
Adhesion,1.0,val,7,4,0.7284507155418396,4.210116386413574,1.1428571939468384
Adhesion,1.0,val,8,3,0.6517103314399719,4.197145938873291,0.75
Adhesion,1.0,val,9,4,0.5912392735481262,4.21315860748291,0.8888888955116272
Adhesion,1.0,val,9,3,0.6421217322349548,4.279895782470703,0.6666666865348816
Adhesion,1.0,val,9,2,0.6905949115753174,4.3016228675842285,0.4444444477558136
Adhesion,1.0,val,9,2,0.7291371822357178,4.302974700927734,0.4444444477558136
Adhesion,1.0,val,10,3,0.6796504259109497,4.349012851715088,0.6000000238418579
Adhesion,1.0,val,10,3,0.7106087803840637,4.336237907409668,0.6000000238418579
Adhesion,1.0,val,10,2,0.7564055323600769,4.384778022766113,0.4000000059604645
Adhesion,1.0,val,10,2,0.8009477853775024,4.380986213684082,0.4000000059604645
Adhesion,1.0,val,10,2,0.8405537605285645,4.382830619812012,0.4000000059604645
Adhesion,1.0,val,11,3,0.7786343097686768,4.387204647064209,0.5454545617103577
Adhesion,1.0,val,11,3,0.8016248345375061,4.431631565093994,0.5454545617103577
Adhesion,1.0,val,11,2,0.8263137936592102,4.467907905578613,0.3636363744735718
Adhesion,1.0,val,11,2,0.8455037474632263,4.469946384429932,0.3636363744735718
Adhesion,1.0,val,11,2,0.8641170263290405,4.4727463722229,0.3636363744735718
Adhesion,1.0,val,11,2,0.882554292678833,4.474932670593262,0.3636363744735718
Adhesion,1.0,val,11,2,0.8921892642974854,4.476714134216309,0.3636363744735718
Adhesion,1.0,val,11,2,0.9016299843788147,4.478095531463623,0.3636363744735718
Adhesion,1.0,val,12,3,0.823972761631012,4.487202167510986,0.5
Adhesion,1.0,val,12,3,0.8427098393440247,4.477480411529541,0.5
Adhesion,1.0,val,12,3,0.8583106994628906,4.4774346351623535,0.5
Adhesion,1.0,val,12,3,0.8676364421844482,4.4783854484558105,0.5
Adhesion,1.0,val,12,3,0.876733124256134,4.479008197784424,0.5
Adhesion,1.0,val,14,5,0.7318195104598999,4.41754150390625,0.7142857313156128
Adhesion,1.0,val,16,7,0.63795405626297,4.4606709480285645,0.875
Adhesion,1.0,val,18,9,0.5761764645576477,4.408173084259033,1.0
Adhesion,1.0,val,18,9,0.618128776550293,4.3854522705078125,1.0
Adhesion,1.0,val,18,9,0.6591450572013855,4.376057147979736,1.0
Adhesion,1.0,val,18,9,0.6968497037887573,4.37619686126709,1.0
Adhesion,1.0,val,20,11,0.6490999460220337,4.424718856811523,1.100000023841858
Adhesion,1.0,val,20,11,0.6830201745033264,4.394126892089844,1.100000023841858
Adhesion,1.0,val,20,11,0.7274207472801208,4.393611907958984,1.100000023841858
Adhesion,1.0,val,20,11,0.7701524496078491,4.399228572845459,1.100000023841858
Adhesion,1.0,val,20,11,0.8115823864936829,4.4068803787231445,1.100000023841858
Adhesion,1.0,val,22,13,0.7516384720802307,4.442178249359131,1.1818181276321411
Adhesion,1.0,val,22,13,0.7758724689483643,4.437053203582764,1.1818181276321411
Adhesion,1.0,val,22,13,0.7975543737411499,4.450191974639893,1.1818181276321411
Adhesion,1.0,val,22,13,0.8185150623321533,4.465864658355713,1.1818181276321411
Adhesion,1.0,val,22,12,0.8399637341499329,4.4743123054504395,1.0909091234207153
Adhesion,1.0,val,22,12,0.8594356775283813,4.480852127075195,1.0909091234207153
Adhesion,1.0,val,22,12,0.8699413537979126,4.4897918701171875,1.0909091234207153
Adhesion,1.0,val,22,12,0.8800948858261108,4.49622106552124,1.0909091234207153
Adhesion,1.0,val,24,14,0.8024892807006836,4.462228775024414,1.1666666269302368
Adhesion,1.0,val,24,14,0.8225244879722595,4.465713977813721,1.1666666269302368
Adhesion,1.0,val,24,14,0.8388827443122864,4.472771167755127,1.1666666269302368
Adhesion,1.0,val,24,14,0.8489778637886047,4.480935573577881,1.1666666269302368
Adhesion,1.0,val,24,14,0.8586485981941223,4.48718786239624,1.1666666269302368
Adhesion,1.0,val,28,18,0.7168847918510437,4.455510139465332,1.2857142686843872
Adhesion,1.0,val,32,23,0.6252456903457642,4.424735069274902,1.4375
Adhesion,1.0,val,36,27,0.5635702610015869,4.365978717803955,1.5
Adhesion,1.0,val,36,27,0.6071465611457825,4.362965106964111,1.5
Adhesion,1.0,val,36,27,0.6495673656463623,4.366207599639893,1.5
Adhesion,1.0,val,36,27,0.6862437725067139,4.373381614685059,1.5
Adhesion,1.0,val,40,30,0.6403573155403137,4.363570690155029,1.5
Adhesion,1.0,val,40,30,0.6735739707946777,4.346357822418213,1.5
Adhesion,1.0,val,40,30,0.718153715133667,4.349372863769531,1.5
Adhesion,1.0,val,40,30,0.7616585493087769,4.352775573730469,1.5
Adhesion,1.0,val,40,30,0.8026846051216125,4.356135368347168,1.5
Adhesion,1.0,val,44,34,0.7413821816444397,4.333911418914795,1.545454502105713
Adhesion,1.0,val,44,34,0.7663695812225342,4.338859558105469,1.545454502105713
Adhesion,1.0,val,44,34,0.7884609699249268,4.3497233390808105,1.545454502105713
Adhesion,1.0,val,44,34,0.8094886541366577,4.358730792999268,1.545454502105713
Adhesion,1.0,val,44,34,0.8299413323402405,4.365540027618408,1.545454502105713
Adhesion,1.0,val,44,34,0.8494510650634766,4.371539115905762,1.545454502105713
Adhesion,1.0,val,44,34,0.8601885437965393,4.380791664123535,1.545454502105713
Adhesion,1.0,val,44,34,0.870650053024292,4.388205528259277,1.545454502105713
Adhesion,1.0,val,48,38,0.7934234738349915,4.353323459625244,1.5833333730697632
Adhesion,1.0,val,48,38,0.8118006587028503,4.354280948638916,1.5833333730697632
Adhesion,1.0,val,48,38,0.8274556994438171,4.3589067459106445,1.5833333730697632
Adhesion,1.0,val,48,38,0.8373637795448303,4.365912914276123,1.5833333730697632
Adhesion,1.0,val,48,38,0.8470911979675293,4.371682643890381,1.5833333730697632
Adhesion,1.0,val,56,47,0.7066838145256042,4.3337812423706055,1.6785714626312256
Adhesion,1.0,val,64,57,0.6086207032203674,4.312447547912598,1.78125
Adhesion,1.0,val,72,64,0.5423392057418823,4.264192581176758,1.7777777910232544
Adhesion,1.0,val,72,63,0.5842949748039246,4.26508903503418,1.75
Adhesion,1.0,val,72,62,0.6273555755615234,4.279967308044434,1.7222222089767456
Adhesion,1.0,val,72,61,0.6688646078109741,4.292515754699707,1.6944444179534912
Adhesion,1.0,val,80,69,0.6229490637779236,4.276334285736084,1.725000023841858
Adhesion,1.0,val,80,68,0.6565405130386353,4.266904354095459,1.7000000476837158
Adhesion,1.0,val,80,68,0.7004272937774658,4.270875453948975,1.7000000476837158
Adhesion,1.0,val,80,68,0.744221568107605,4.276346683502197,1.7000000476837158
Adhesion,2.0,test,6,9,0.8660253882408142,3.722419500350952,3.0
Adhesion,2.0,test,6,0,0.8904644846916199,4.283261775970459,0.0
Adhesion,2.0,test,7,1,0.7309331893920898,4.372466087341309,0.2857142984867096
Adhesion,2.0,test,8,2,0.6198142766952515,4.396949291229248,0.5
Adhesion,2.0,test,9,2,0.5627062916755676,4.635342121124268,0.4444444477558136
Adhesion,2.0,test,9,2,0.610490083694458,4.571039199829102,0.4444444477558136
Adhesion,2.0,test,9,2,0.6626293659210205,4.559564590454102,0.4444444477558136
Adhesion,2.0,test,9,2,0.7047932744026184,4.5667877197265625,0.4444444477558136
Adhesion,2.0,test,10,3,0.6496962904930115,4.51519775390625,0.6000000238418579
Adhesion,2.0,test,10,2,0.6970722079277039,4.594090461730957,0.4000000059604645
Adhesion,2.0,test,10,2,0.7396413087844849,4.586758613586426,0.4000000059604645
Adhesion,2.0,test,10,2,0.7819877862930298,4.582760810852051,0.4000000059604645
Adhesion,2.0,test,10,2,0.822098433971405,4.582934379577637,0.4000000059604645
Adhesion,2.0,test,11,3,0.7481071352958679,4.630858898162842,0.5454545617103577
Adhesion,2.0,test,11,2,0.7906854748725891,4.649004936218262,0.3636363744735718
Adhesion,2.0,test,11,2,0.8106192946434021,4.656957626342773,0.3636363744735718
Adhesion,2.0,test,11,2,0.8300052881240845,4.663739204406738,0.3636363744735718
Adhesion,2.0,test,11,2,0.8491716980934143,4.668868541717529,0.3636363744735718
Adhesion,2.0,test,11,2,0.8676976561546326,4.672783851623535,0.3636363744735718
Adhesion,2.0,test,11,2,0.8773996829986572,4.675820827484131,0.3636363744735718
Adhesion,2.0,test,11,2,0.8862767815589905,4.6777849197387695,0.3636363744735718
Adhesion,2.0,test,12,3,0.7938264012336731,4.765467166900635,0.5
Adhesion,2.0,test,12,3,0.8173926472663879,4.7345404624938965,0.5
Adhesion,2.0,test,12,3,0.8360311388969421,4.738310813903809,0.5
Adhesion,2.0,test,12,3,0.8467535972595215,4.743651390075684,0.5
Adhesion,2.0,test,12,3,0.8566386103630066,4.7462897300720215,0.5
Adhesion,2.0,test,14,5,0.6971743702888489,4.715496063232422,0.7142857313156128
Adhesion,2.0,test,16,6,0.5895746350288391,4.815390586853027,0.75
Adhesion,2.0,test,18,7,0.5312533378601074,4.839803695678711,0.7777777910232544
Adhesion,2.0,test,18,6,0.5979092717170715,4.81470251083374,0.6666666865348816
Adhesion,2.0,test,18,6,0.6450527310371399,4.817080974578857,0.6666666865348816
Adhesion,2.0,test,18,6,0.6854169368743896,4.817506790161133,0.6666666865348816
Adhesion,2.0,test,20,8,0.633418083190918,4.843728065490723,0.800000011920929
Adhesion,2.0,test,20,8,0.6561808586120605,4.884993553161621,0.800000011920929
Adhesion,2.0,test,20,8,0.7046651840209961,4.841979026794434,0.800000011920929
Adhesion,2.0,test,20,8,0.7501439452171326,4.829751014709473,0.800000011920929
Adhesion,2.0,test,20,8,0.7919985055923462,4.823500633239746,0.800000011920929
Adhesion,2.0,test,22,10,0.7177503705024719,4.891265392303467,0.9090909361839294
Adhesion,2.0,test,22,10,0.7423149347305298,4.881724834442139,0.9090909361839294
Adhesion,2.0,test,22,10,0.7680358290672302,4.87654447555542,0.9090909361839294
Adhesion,2.0,test,22,10,0.7906332612037659,4.884421348571777,0.9090909361839294
Adhesion,2.0,test,22,10,0.8117948174476624,4.890024185180664,0.9090909361839294
Adhesion,2.0,test,22,10,0.8316556811332703,4.8939409255981445,0.9090909361839294
Adhesion,2.0,test,22,10,0.8426092267036438,4.903707504272461,0.9090909361839294
Adhesion,2.0,test,22,10,0.8529609441757202,4.90952730178833,0.9090909361839294
Adhesion,2.0,test,24,11,0.7647886276245117,4.917028903961182,0.9166666865348816
Adhesion,2.0,test,24,11,0.7906154990196228,4.904394626617432,0.9166666865348816
Adhesion,2.0,test,24,11,0.809514582157135,4.914371490478516,0.9166666865348816
Adhesion,2.0,test,24,11,0.8203843235969543,4.926807880401611,0.9166666865348816
Adhesion,2.0,test,24,11,0.830451250076294,4.93433141708374,0.9166666865348816
Adhesion,2.0,test,28,15,0.6730781197547913,4.896073341369629,1.0714285373687744
Adhesion,2.0,test,32,19,0.5652691125869751,4.8277435302734375,1.1875
Adhesion,2.0,test,36,21,0.49760326743125916,4.874403953552246,1.1666666269302368
Adhesion,2.0,test,36,21,0.5538246631622314,4.820306777954102,1.1666666269302368
Adhesion,2.0,test,36,21,0.6023299098014832,4.808420181274414,1.1666666269302368
Adhesion,2.0,test,36,21,0.6441417932510376,4.808390140533447,1.1666666269302368
Adhesion,2.0,test,40,25,0.5931211709976196,4.765682220458984,1.25
Adhesion,2.0,test,40,23,0.624086856842041,4.809744834899902,1.149999976158142
Adhesion,2.0,test,40,23,0.6751023530960083,4.79837703704834,1.149999976158142
Adhesion,2.0,test,40,23,0.7210460901260376,4.798750877380371,1.149999976158142
Adhesion,2.0,test,40,23,0.7632303237915039,4.801278114318848,1.149999976158142
Adhesion,2.0,test,44,27,0.6928873062133789,4.79383659362793,1.2272727489471436
Adhesion,2.0,test,44,25,0.7215443253517151,4.8221306800842285,1.1363636255264282
Adhesion,2.0,test,44,25,0.7483085989952087,4.837143898010254,1.1363636255264282
Adhesion,2.0,test,44,25,0.7711424231529236,4.8551225662231445,1.1363636255264282
Adhesion,2.0,test,44,25,0.7928810119628906,4.869720935821533,1.1363636255264282
Adhesion,2.0,test,44,25,0.8133454918861389,4.883078098297119,1.1363636255264282
Adhesion,2.0,test,44,25,0.8247575163841248,4.9031572341918945,1.1363636255264282
Adhesion,2.0,test,44,23,0.8371343612670898,4.922856330871582,1.045454502105713
Adhesion,2.0,test,48,27,0.7516686320304871,4.913259029388428,1.125
Adhesion,2.0,test,48,27,0.7728567719459534,4.897030353546143,1.125
Adhesion,2.0,test,48,27,0.7909243702888489,4.901566028594971,1.125
Adhesion,2.0,test,48,27,0.8024521470069885,4.913956165313721,1.125
Adhesion,2.0,test,48,27,0.8133735656738281,4.924778461456299,1.125
Adhesion,2.0,test,56,35,0.6583696007728577,4.876152515411377,1.25
Adhesion,2.0,test,64,42,0.555016279220581,4.826407432556152,1.3125
Adhesion,2.0,test,72,50,0.48214542865753174,4.798109531402588,1.3888888359069824
Adhesion,2.0,test,72,48,0.5343282222747803,4.746917247772217,1.3333333730697632
Adhesion,2.0,test,72,48,0.5831120610237122,4.733911037445068,1.3333333730697632
Adhesion,2.0,test,72,48,0.6253344416618347,4.740427494049072,1.3333333730697632
Adhesion,2.0,test,80,55,0.5779828429222107,4.730189323425293,1.375
Adhesion,2.0,test,80,55,0.6081706285476685,4.738735198974609,1.375
Adhesion,2.0,test,80,54,0.6569144129753113,4.726936340332031,1.350000023841858
Adhesion,2.0,test,80,52,0.7057573199272156,4.732922554016113,1.2999999523162842
DeformationEnergy,1.0,train,6,9,0.8660253882408142,3.722419500350952,3.0
DeformationEnergy,1.0,train,9,14,0.31567221879959106,3.873073101043701,3.1111111640930176
DeformationEnergy,1.0,train,9,15,0.3506060540676117,3.8707096576690674,3.3333332538604736
DeformationEnergy,1.0,train,10,17,0.4113891124725342,3.886014461517334,3.4000000953674316
DeformationEnergy,1.0,train,11,19,0.39984598755836487,3.9052846431732178,3.454545497894287
DeformationEnergy,1.0,train,15,27,0.2552967071533203,3.957660436630249,3.5999999046325684
DeformationEnergy,1.0,train,15,27,0.2876969277858734,3.92718768119812,3.5999999046325684
DeformationEnergy,1.0,train,15,27,0.4049045741558075,3.9487946033477783,3.5999999046325684
DeformationEnergy,1.0,train,16,29,0.3975391983985901,3.912409543991089,3.625
DeformationEnergy,1.0,train,21,39,0.3005572259426117,4.172236919403076,3.7142856121063232
DeformationEnergy,1.0,train,22,43,0.2805209755897522,3.9870283603668213,3.909090995788574
DeformationEnergy,1.0,train,23,45,0.3443807065486908,3.9819655418395996,3.91304349899292
DeformationEnergy,1.0,train,24,47,0.3230392634868622,3.9479095935821533,3.9166667461395264
DeformationEnergy,1.0,train,26,53,0.34426382184028625,3.9377012252807617,4.07692289352417
DeformationEnergy,1.0,train,31,65,0.29744523763656616,3.951322317123413,4.193548202514648
DeformationEnergy,1.0,train,32,67,0.35107165575027466,3.924283027648926,4.1875
DeformationEnergy,1.0,train,40,88,0.29296693205833435,4.016124248504639,4.400000095367432
DeformationEnergy,1.0,train,39,85,0.35745635628700256,3.964914083480835,4.358974456787109
DeformationEnergy,1.0,train,46,104,0.3271385729312897,4.071702480316162,4.5217390060424805
DeformationEnergy,1.0,train,47,107,0.3430761694908142,3.93200945854187,4.553191661834717
DeformationEnergy,1.0,train,58,133,0.2820571959018707,4.019979953765869,4.586206912994385
DeformationEnergy,1.0,train,57,131,0.3161485195159912,3.9486114978790283,4.59649133682251
DeformationEnergy,1.0,train,63,149,0.30140918493270874,3.9894564151763916,4.730158805847168
DeformationEnergy,1.0,train,63,148,0.3254244327545166,3.9406235218048096,4.698412895202637
DeformationEnergy,1.0,train,67,156,0.3072963058948517,4.112031936645508,4.656716346740723
DeformationEnergy,1.0,train,68,159,0.3255794048309326,3.92981219291687,4.676470756530762
DeformationEnergy,1.0,train,72,173,0.31921160221099854,3.971355438232422,4.80555534362793
DeformationEnergy,1.0,train,77,188,0.31621265411376953,3.941555976867676,4.883116722106934
DeformationEnergy,1.0,train,84,204,0.2870813012123108,3.9879941940307617,4.857142925262451
DeformationEnergy,1.0,train,87,212,0.2967691123485565,3.9621002674102783,4.873563289642334
DeformationEnergy,1.0,train,82,200,0.32870227098464966,3.9558961391448975,4.878048896789551
DeformationEnergy,1.0,train,89,218,0.3141346275806427,3.9353463649749756,4.898876190185547
DeformationEnergy,1.0,train,93,228,0.2954304814338684,3.9590156078338623,4.903225898742676
DeformationEnergy,1.0,train,97,235,0.29762840270996094,3.963454484939575,4.84536075592041
DeformationEnergy,1.0,train,94,229,0.31678032875061035,3.9847185611724854,4.872340202331543
DeformationEnergy,1.0,train,92,223,0.33161965012550354,3.947990655899048,4.84782600402832
DeformationEnergy,1.0,train,95,232,0.31461796164512634,4.028494834899902,4.884210586547852
DeformationEnergy,1.0,train,95,234,0.3239569067955017,3.974783420562744,4.926315784454346
DeformationEnergy,1.0,train,94,233,0.3294217884540558,3.9567501544952393,4.957446575164795
DeformationEnergy,1.0,train,92,228,0.35080885887145996,3.9434523582458496,4.956521511077881
DeformationEnergy,1.0,train,98,247,0.3433816134929657,3.9352834224700928,5.040816307067871
DeformationEnergy,1.0,train,102,255,0.3342339098453522,3.922062635421753,5.0
DeformationEnergy,1.0,train,104,260,0.3352055251598358,3.93796968460083,5.0
DeformationEnergy,1.0,train,104,258,0.3431793749332428,3.912775993347168,4.961538314819336
DeformationEnergy,1.0,train,108,269,0.3450399935245514,3.9332592487335205,4.981481552124023
DeformationEnergy,1.0,train,114,285,0.3343244194984436,3.9231979846954346,5.0
DeformationEnergy,1.0,train,116,292,0.3319894075393677,3.9402287006378174,5.034482955932617
DeformationEnergy,1.0,train,118,298,0.33084309101104736,3.9243288040161133,5.05084753036499
DeformationEnergy,1.0,train,118,298,0.345578134059906,3.9296350479125977,5.05084753036499
DeformationEnergy,1.0,train,120,303,0.34807875752449036,3.9118597507476807,5.050000190734863
DeformationEnergy,1.0,train,125,313,0.3355746269226074,3.952132225036621,5.007999897003174
DeformationEnergy,1.0,train,127,319,0.32783254981040955,3.9770267009735107,5.023622035980225
DeformationEnergy,1.0,train,124,309,0.3420872092247009,3.9437625408172607,4.983870983123779
DeformationEnergy,1.0,train,116,287,0.3740789592266083,3.9441747665405273,4.948276042938232
DeformationEnergy,1.0,train,117,291,0.3788437843322754,3.917142391204834,4.974359035491943
DeformationEnergy,1.0,train,119,297,0.3761487305164337,3.9461188316345215,4.991596698760986
DeformationEnergy,1.0,train,122,305,0.3654177486896515,3.992269515991211,5.0
DeformationEnergy,1.0,train,121,301,0.3631422221660614,3.9347105026245117,4.97520637512207
DeformationEnergy,1.0,train,118,292,0.38266879320144653,3.9280292987823486,4.94915246963501
DeformationEnergy,1.0,train,117,290,0.3924151062965393,3.9231202602386475,4.9572649002075195
DeformationEnergy,1.0,train,119,296,0.3852407932281494,3.9290266036987305,4.974790096282959
DeformationEnergy,1.0,train,118,295,0.3851965665817261,3.9209516048431396,5.0
DeformationEnergy,1.0,train,117,292,0.39066827297210693,3.923583507537842,4.991453170776367
DeformationEnergy,1.0,train,121,301,0.3792732059955597,3.9613897800445557,4.97520637512207
DeformationEnergy,1.0,train,118,293,0.3937414884567261,3.95767879486084,4.96610164642334
DeformationEnergy,1.0,train,119,295,0.3859897255897522,3.964477062225342,4.957983016967773
DeformationEnergy,1.0,train,122,302,0.3768184185028076,3.9407944679260254,4.950819492340088
DeformationEnergy,1.0,train,125,311,0.37322625517845154,3.934089183807373,4.97599983215332
DeformationEnergy,1.0,train,124,308,0.38135331869125366,3.9449613094329834,4.967741966247559
DeformationEnergy,1.0,train,124,308,0.3830410838127136,3.93436598777771,4.967741966247559
DeformationEnergy,1.0,train,125,310,0.37964463233947754,3.942389726638794,4.960000038146973
DeformationEnergy,1.0,train,126,314,0.3742792010307312,3.936978816986084,4.984127044677734
DeformationEnergy,1.0,train,121,300,0.39117464423179626,3.940615177154541,4.958677768707275
DeformationEnergy,1.0,train,121,301,0.392635703086853,3.9415438175201416,4.97520637512207
DeformationEnergy,1.0,train,121,300,0.391666442155838,3.9573943614959717,4.958677768707275
DeformationEnergy,1.0,train,122,303,0.3846276104450226,3.9183075428009033,4.967213153839111
DeformationEnergy,1.0,train,122,301,0.38386842608451843,3.924889326095581,4.934426307678223
DeformationEnergy,1.0,train,117,289,0.40111324191093445,3.918837308883667,4.940170764923096
DeformationEnergy,1.0,train,119,295,0.3953120708465576,3.933093786239624,4.957983016967773
DeformationEnergy,1.0,train,123,302,0.3789399564266205,4.014091968536377,4.910569190979004
DeformationEnergy,1.0,train,118,289,0.3965476453304291,3.926903247833252,4.8983049392700195
DeformationEnergy,1.0,train,117,288,0.39864128828048706,3.949728012084961,4.92307710647583
DeformationEnergy,1.0,train,117,286,0.39605388045310974,3.959015369415283,4.888888835906982
DeformationEnergy,1.0,train,118,288,0.3919517397880554,3.9824492931365967,4.8813557624816895
DeformationEnergy,1.0,train,111,272,0.4162883460521698,3.924705743789673,4.900900840759277
DeformationEnergy,1.0,train,108,263,0.4294511377811432,3.914668560028076,4.870370388031006
DeformationEnergy,1.0,train,111,272,0.41947856545448303,3.922670602798462,4.900900840759277
DeformationEnergy,1.0,train,111,272,0.42011821269989014,3.924851894378662,4.900900840759277
DeformationEnergy,1.0,train,116,284,0.3984184265136719,3.9307875633239746,4.896551609039307
DeformationEnergy,1.0,train,116,284,0.39830899238586426,3.9328019618988037,4.896551609039307
DeformationEnergy,1.0,train,111,272,0.41583678126335144,3.9203741550445557,4.900900840759277
DeformationEnergy,1.0,train,114,279,0.4046173095703125,3.954132080078125,4.8947367668151855
DeformationEnergy,1.0,train,112,274,0.40971478819847107,3.9288814067840576,4.892857074737549
DeformationEnergy,1.0,train,109,267,0.4211277663707733,3.912051200866699,4.899082660675049
DeformationEnergy,1.0,train,111,271,0.41118794679641724,3.9285571575164795,4.882883071899414
DeformationEnergy,1.0,train,111,271,0.4139252007007599,3.904791831970215,4.882883071899414
DeformationEnergy,1.0,train,117,286,0.3920280933380127,3.958772897720337,4.888888835906982
DeformationEnergy,1.0,train,112,274,0.406445175409317,3.9370803833007812,4.892857074737549
DeformationEnergy,1.0,train,109,266,0.41253337264060974,3.947871208190918,4.880733966827393
DeformationEnergy,1.0,train,108,264,0.4124453365802765,3.929032325744629,4.888888835906982
DeformationEnergy,2.0,train,6,9,0.8660253882408142,3.722419500350952,3.0
DeformationEnergy,2.0,train,9,15,0.48625266551971436,3.8535702228546143,3.3333332538604736
DeformationEnergy,2.0,train,10,17,0.5986523032188416,3.850233554840088,3.4000000953674316
DeformationEnergy,2.0,train,11,19,0.6613301634788513,3.8542563915252686,3.454545497894287
DeformationEnergy,2.0,train,12,21,0.6888816952705383,3.852816343307495,3.5
DeformationEnergy,2.0,train,16,31,0.544821560382843,3.9149675369262695,3.875
DeformationEnergy,2.0,train,19,38,0.5396706461906433,3.8990273475646973,4.0
DeformationEnergy,2.0,train,21,42,0.6228673458099365,3.899440288543701,4.0
DeformationEnergy,2.0,train,21,42,0.7190125584602356,3.9055662155151367,4.0
DeformationEnergy,2.0,train,27,56,0.599183201789856,3.916731595993042,4.148148059844971
DeformationEnergy,2.0,train,33,70,0.5199400782585144,3.8960039615631104,4.242424011230469
DeformationEnergy,2.0,train,38,83,0.5534295439720154,3.9417290687561035,4.3684210777282715
DeformationEnergy,2.0,train,38,83,0.6222496032714844,3.9212646484375,4.3684210777282715
DeformationEnergy,2.0,train,42,94,0.6225647926330566,3.9118459224700928,4.476190567016602
DeformationEnergy,2.0,train,57,136,0.49104490876197815,3.8804166316986084,4.771929740905762
DeformationEnergy,2.0,train,60,146,0.5015910863876343,3.882852077484131,4.866666793823242
DeformationEnergy,2.0,train,66,159,0.4670669138431549,3.8949177265167236,4.818181991577148
DeformationEnergy,2.0,train,72,177,0.48317888379096985,3.898987293243408,4.916666507720947
DeformationEnergy,2.0,train,96,239,0.3916306495666504,3.8963441848754883,4.979166507720947
DeformationEnergy,2.0,train,100,250,0.39396849274635315,3.88301944732666,5.0
DeformationEnergy,2.0,train,112,282,0.3546735346317291,3.890815258026123,5.035714149475098
DeformationEnergy,2.0,train,112,282,0.3878394663333893,3.876072406768799,5.035714149475098
DeformationEnergy,2.0,train,135,348,0.3477126657962799,3.9074349403381348,5.155555725097656
DeformationEnergy,2.0,train,148,383,0.32465529441833496,3.894462823867798,5.175675868988037
DeformationEnergy,2.0,train,168,433,0.2902476489543915,3.9161014556884766,5.154761791229248
DeformationEnergy,2.0,train,164,422,0.30958840250968933,3.8815770149230957,5.146341323852539
DeformationEnergy,2.0,train,175,453,0.3138691186904907,3.9140548706054688,5.17714262008667
DeformationEnergy,2.0,train,193,496,0.29092347621917725,3.962247133255005,5.139896392822266
DeformationEnergy,2.0,train,193,498,0.293996661901474,3.983576774597168,5.160621643066406
DeformationEnergy,2.0,train,215,559,0.26779821515083313,3.914672374725342,5.199999809265137
DeformationEnergy,2.0,train,225,584,0.26495254039764404,3.9183480739593506,5.191111087799072
DeformationEnergy,2.0,train,226,585,0.26511332392692566,3.9482674598693848,5.176990985870361
DeformationEnergy,2.0,train,225,583,0.2663954198360443,3.9444427490234375,5.182222366333008
DeformationEnergy,2.0,train,255,668,0.23496975004673004,3.9847002029418945,5.239215850830078
DeformationEnergy,2.0,train,245,639,0.24479122459888458,3.9351797103881836,5.216326713562012
DeformationEnergy,2.0,train,246,644,0.24377568066120148,3.948239326477051,5.235772132873535
DeformationEnergy,2.0,train,241,628,0.24889753758907318,3.935488224029541,5.211618423461914
DeformationEnergy,2.0,train,270,701,0.22204451262950897,3.962224245071411,5.192592620849609
DeformationEnergy,2.0,train,260,672,0.23069752752780914,3.963470935821533,5.169230937957764
DeformationEnergy,2.0,train,252,650,0.23802442848682404,3.942497730255127,5.1587300300598145
DeformationEnergy,2.0,train,253,652,0.23704767227172852,3.9679481983184814,5.154150009155273
DeformationEnergy,2.0,train,255,659,0.2352524995803833,3.966825485229492,5.1686272621154785
DeformationEnergy,2.0,train,264,678,0.22720831632614136,3.9918341636657715,5.136363506317139
DeformationEnergy,2.0,train,251,646,0.23899993300437927,3.960984706878662,5.1474103927612305
DeformationEnergy,2.0,train,243,627,0.24687312543392181,3.9885668754577637,5.160493850708008
DeformationEnergy,2.0,train,238,614,0.25203046202659607,3.9464004039764404,5.159663677215576
DeformationEnergy,2.0,train,232,598,0.2584991157054901,3.9241743087768555,5.155172348022461
DeformationEnergy,2.0,train,233,600,0.2574448585510254,3.9301064014434814,5.150214672088623
DeformationEnergy,2.0,train,227,586,0.26425525546073914,3.9421756267547607,5.1629958152771
DeformationEnergy,2.0,train,222,573,0.2702065110206604,3.9294848442077637,5.1621623039245605
DeformationEnergy,2.0,train,226,580,0.2654356062412262,3.9272310733795166,5.1327433586120605
DeformationEnergy,2.0,train,226,578,0.2654595375061035,3.940713882446289,5.115044116973877
DeformationEnergy,2.0,train,226,578,0.26546141505241394,3.9483211040496826,5.115044116973877
DeformationEnergy,2.0,train,218,558,0.27520596981048584,3.9170846939086914,5.119266033172607
DeformationEnergy,2.0,train,227,580,0.2642069458961487,3.9592373371124268,5.110132217407227
DeformationEnergy,2.0,train,222,568,0.2702130973339081,3.939189910888672,5.117116928100586
DeformationEnergy,2.0,train,223,571,0.2689984440803528,3.935486078262329,5.1210761070251465
DeformationEnergy,2.0,train,215,552,0.27898895740509033,3.948211193084717,5.134883880615234
DeformationEnergy,2.0,train,213,547,0.2816042900085449,3.975475788116455,5.136150360107422
DeformationEnergy,2.0,train,214,549,0.28029710054397583,3.972599983215332,5.130841255187988
DeformationEnergy,2.0,train,214,544,0.2802925109863281,3.948861598968506,5.084112167358398
DeformationEnergy,2.0,train,209,533,0.2870161831378937,3.967658281326294,5.100478649139404
DeformationEnergy,2.0,train,208,530,0.2884034812450409,3.9236092567443848,5.096153736114502
DeformationEnergy,2.0,train,212,540,0.28296536207199097,3.9402401447296143,5.094339847564697
DeformationEnergy,2.0,train,211,536,0.2841596305370331,3.9234230518341064,5.080568790435791
DeformationEnergy,2.0,train,213,542,0.2816407382488251,3.9392855167388916,5.089201927185059
DeformationEnergy,2.0,train,211,537,0.2843102514743805,3.936154365539551,5.090047359466553
DeformationEnergy,2.0,train,213,543,0.28163570165634155,3.92893648147583,5.098591327667236
DeformationEnergy,2.0,train,207,528,0.28970661759376526,3.906705617904663,5.101449489593506
DeformationEnergy,2.0,train,201,515,0.2983814775943756,3.91497802734375,5.124378204345703
DeformationEnergy,2.0,train,200,514,0.29993101954460144,3.9225664138793945,5.139999866485596
DeformationEnergy,2.0,train,205,527,0.29261499643325806,3.901421308517456,5.141463279724121
DeformationEnergy,2.0,train,207,530,0.2897563576698303,3.932415008544922,5.120772838592529
DeformationEnergy,2.0,train,201,515,0.29842790961265564,3.9113988876342773,5.124378204345703
DeformationEnergy,2.0,train,199,510,0.3014596998691559,3.9057769775390625,5.1256279945373535
DeformationEnergy,2.0,train,200,512,0.2999584972858429,3.9106132984161377,5.119999885559082
DeformationEnergy,2.0,train,199,508,0.3014383614063263,3.910231351852417,5.105527400970459
DeformationEnergy,2.0,train,201,514,0.29842811822891235,3.91172194480896,5.1144280433654785
DeformationEnergy,2.0,train,202,515,0.2969506084918976,3.929539203643799,5.099009990692139
DeformationEnergy,2.0,train,208,529,0.28836286067962646,3.926218271255493,5.086538314819336
DeformationEnergy,2.0,train,208,529,0.2883630096912384,3.922079563140869,5.086538314819336
DeformationEnergy,2.0,train,203,518,0.2954975962638855,3.916541814804077,5.103448390960693
DeformationEnergy,2.0,train,201,514,0.2984755337238312,3.9128193855285645,5.1144280433654785
DeformationEnergy,2.0,train,205,525,0.29265567660331726,3.9330649375915527,5.121951103210449
DeformationEnergy,2.0,train,206,527,0.29119226336479187,3.9268784523010254,5.116504669189453
DeformationEnergy,2.0,train,205,524,0.2926088571548462,3.9484176635742188,5.112195014953613
DeformationEnergy,2.0,train,198,508,0.3029650151729584,3.9224019050598145,5.131313323974609
DeformationEnergy,2.0,train,199,510,0.30138275027275085,3.949897527694702,5.1256279945373535
DeformationEnergy,2.0,train,200,512,0.29993459582328796,3.9462790489196777,5.119999885559082
DeformationEnergy,2.0,train,194,499,0.3092198073863983,3.9202282428741455,5.144330024719238
DeformationEnergy,2.0,train,194,497,0.30922752618789673,3.9159228801727295,5.123711109161377
DeformationEnergy,2.0,train,197,505,0.3045338988304138,3.9270544052124023,5.126903533935547
DeformationEnergy,2.0,train,196,500,0.306093692779541,3.9323158264160156,5.102040767669678
DeformationEnergy,2.0,train,190,487,0.3157772421836853,3.9231860637664795,5.126315593719482
DeformationEnergy,2.0,train,190,489,0.31571072340011597,3.944615125656128,5.147368431091309
DeformationEnergy,2.0,train,189,485,0.3173774480819702,3.917276620864868,5.132275104522705
DeformationEnergy,2.0,train,190,486,0.31572917103767395,3.9267354011535645,5.115789413452148
DeformationEnergy,2.0,train,189,484,0.3174324929714203,3.9219188690185547,5.121693134307861
DeformationEnergy,2.0,train,189,483,0.3174603283405304,3.9200432300567627,5.111111164093018
DeformationEnergy,2.0,train,184,470,0.32608693838119507,3.910937786102295,5.1086955070495605
DeformationEnergy,4.0,train,6,9,0.8660253882408142,3.722419500350952,3.0
DeformationEnergy,4.0,train,6,9,0.856160581111908,3.73447585105896,3.0
DeformationEnergy,4.0,train,7,11,0.734260082244873,3.874563694000244,3.142857074737549
DeformationEnergy,4.0,train,9,15,0.5743311643600464,3.8641722202301025,3.3333332538604736
DeformationEnergy,4.0,train,9,15,0.5979310274124146,3.8402469158172607,3.3333332538604736
DeformationEnergy,4.0,train,9,15,0.6691945791244507,3.83675217628479,3.3333332538604736
DeformationEnergy,4.0,train,10,17,0.6322451829910278,3.9114558696746826,3.4000000953674316
DeformationEnergy,4.0,train,10,17,0.6950564980506897,3.8803348541259766,3.4000000953674316
DeformationEnergy,4.0,train,10,17,0.7361068725585938,3.8812897205352783,3.4000000953674316
DeformationEnergy,4.0,train,11,19,0.7335107326507568,3.927743434906006,3.454545497894287
DeformationEnergy,4.0,train,11,19,0.7557834386825562,3.888092041015625,3.454545497894287
DeformationEnergy,4.0,train,11,19,0.7763617038726807,3.8720877170562744,3.454545497894287
DeformationEnergy,4.0,train,11,19,0.8163827657699585,3.8552634716033936,3.454545497894287
DeformationEnergy,4.0,train,11,19,0.8359782695770264,3.849997043609619,3.454545497894287
DeformationEnergy,4.0,train,11,19,0.8605542778968811,3.842050790786743,3.454545497894287
DeformationEnergy,4.0,train,12,21,0.79205322265625,3.861534833908081,3.5
DeformationEnergy,4.0,train,12,21,0.8210169672966003,3.8384761810302734,3.5
DeformationEnergy,4.0,train,12,21,0.8307779431343079,3.833857774734497,3.5
DeformationEnergy,4.0,train,14,26,0.7229062914848328,3.890674591064453,3.7142856121063232
DeformationEnergy,4.0,train,16,30,0.6330008506774902,3.9069082736968994,3.75
DeformationEnergy,4.0,train,17,33,0.6049061417579651,3.8945658206939697,3.882352828979492
DeformationEnergy,4.0,train,17,33,0.6656866669654846,3.874668836593628,3.882352828979492
DeformationEnergy,4.0,train,17,33,0.6988160610198975,3.8768579959869385,3.882352828979492
DeformationEnergy,4.0,train,19,37,0.6702889204025269,3.9038970470428467,3.8947367668151855
DeformationEnergy,4.0,train,19,37,0.7028080821037292,3.897675037384033,3.8947367668151855
DeformationEnergy,4.0,train,19,37,0.7723393440246582,3.907613754272461,3.8947367668151855
DeformationEnergy,4.0,train,21,41,0.7190337181091309,3.9376463890075684,3.904761791229248
DeformationEnergy,4.0,train,21,41,0.7600393295288086,3.897085189819336,3.904761791229248
DeformationEnergy,4.0,train,21,41,0.7820240259170532,3.8930304050445557,3.904761791229248
DeformationEnergy,4.0,train,21,41,0.8030112981796265,3.8911612033843994,3.904761791229248
DeformationEnergy,4.0,train,21,41,0.838253915309906,3.8872182369232178,3.904761791229248
DeformationEnergy,4.0,train,21,41,0.8497246503829956,3.882563352584839,3.904761791229248
DeformationEnergy,4.0,train,23,45,0.7918627262115479,3.896806240081787,3.91304349899292
DeformationEnergy,4.0,train,23,45,0.8069046139717102,3.8920297622680664,3.91304349899292
DeformationEnergy,4.0,train,23,45,0.8264504075050354,3.88810658454895,3.91304349899292
DeformationEnergy,4.0,train,26,52,0.7354488968849182,3.9360227584838867,4.0
DeformationEnergy,4.0,train,31,64,0.627035915851593,3.9179446697235107,4.129032135009766
DeformationEnergy,4.0,train,31,65,0.6484662890434265,3.8970730304718018,4.193548202514648
DeformationEnergy,4.0,train,31,65,0.6729506254196167,3.8944389820098877,4.193548202514648
DeformationEnergy,4.0,train,35,77,0.63434237241745,3.937966823577881,4.400000095367432
DeformationEnergy,4.0,train,35,78,0.6491797566413879,3.907914400100708,4.4571428298950195
DeformationEnergy,4.0,train,35,78,0.6862189769744873,3.894348621368408,4.4571428298950195
DeformationEnergy,4.0,train,35,79,0.7041635513305664,3.896099805831909,4.514285564422607
DeformationEnergy,4.0,train,39,88,0.6568283438682556,3.90576171875,4.512820720672607
DeformationEnergy,4.0,train,39,88,0.6777378916740417,3.9036991596221924,4.512820720672607
DeformationEnergy,4.0,train,39,88,0.7216325402259827,3.9072277545928955,4.512820720672607
DeformationEnergy,4.0,train,39,88,0.74269700050354,3.909823179244995,4.512820720672607
DeformationEnergy,4.0,train,39,88,0.7615149021148682,3.9115748405456543,4.512820720672607
DeformationEnergy,4.0,train,43,100,0.716050386428833,3.9138498306274414,4.651162624359131
DeformationEnergy,4.0,train,43,100,0.7312301993370056,3.904242515563965,4.651162624359131
DeformationEnergy,4.0,train,43,100,0.7569888830184937,3.8934648036956787,4.651162624359131
DeformationEnergy,4.0,train,43,100,0.7656273245811462,3.8896188735961914,4.651162624359131
DeformationEnergy,4.0,train,56,135,0.5980371236801147,3.944242000579834,4.8214287757873535
DeformationEnergy,4.0,train,57,137,0.5928078293800354,3.907780647277832,4.8070173263549805
DeformationEnergy,4.0,train,57,137,0.6056127548217773,3.898993968963623,4.8070173263549805
DeformationEnergy,4.0,train,57,137,0.6112269759178162,3.899564504623413,4.8070173263549805
DeformationEnergy,4.0,train,61,148,0.5753138661384583,3.910491466522217,4.852458953857422
DeformationEnergy,4.0,train,61,148,0.5814530849456787,3.884563684463501,4.852458953857422
DeformationEnergy,4.0,train,61,148,0.5850332379341125,3.8822052478790283,4.852458953857422
DeformationEnergy,4.0,train,68,165,0.5289074182510376,3.9318034648895264,4.852941036224365
DeformationEnergy,4.0,train,68,165,0.534111499786377,3.910562038421631,4.852941036224365
DeformationEnergy,4.0,train,68,165,0.5563506484031677,3.905400037765503,4.852941036224365
DeformationEnergy,4.0,train,68,165,0.5679921507835388,3.9072763919830322,4.852941036224365
DeformationEnergy,4.0,train,68,165,0.5923442840576172,3.9148528575897217,4.852941036224365
DeformationEnergy,4.0,train,68,165,0.6043540835380554,3.9177358150482178,4.852941036224365
DeformationEnergy,4.0,train,72,175,0.5820115208625793,3.91827392578125,4.861111164093018
DeformationEnergy,4.0,train,72,175,0.6045197248458862,3.9200379848480225,4.861111164093018
DeformationEnergy,4.0,train,72,176,0.6122053265571594,3.920060157775879,4.888888835906982
DeformationEnergy,4.0,train,79,193,0.5689848065376282,3.9381227493286133,4.886075973510742
DeformationEnergy,4.0,train,90,223,0.5036291480064392,3.943711280822754,4.955555438995361
DeformationEnergy,4.0,train,92,229,0.500785768032074,3.9013466835021973,4.9782609939575195
DeformationEnergy,4.0,train,92,229,0.5048468112945557,3.9027185440063477,4.9782609939575195
DeformationEnergy,4.0,train,98,246,0.48131534457206726,3.9325051307678223,5.0204081535339355
DeformationEnergy,4.0,train,98,246,0.4846210181713104,3.9185822010040283,5.0204081535339355
DeformationEnergy,4.0,train,98,246,0.48750418424606323,3.9220924377441406,5.0204081535339355
DeformationEnergy,4.0,train,98,246,0.4928780496120453,3.928863286972046,5.0204081535339355
DeformationEnergy,4.0,train,109,275,0.4427485466003418,3.9487075805664062,5.045871734619141
DeformationEnergy,4.0,train,109,275,0.4504834711551666,3.924976348876953,5.045871734619141
DeformationEnergy,4.0,train,109,275,0.45679354667663574,3.919405698776245,5.045871734619141
DeformationEnergy,4.0,train,109,275,0.4699629545211792,3.914766311645508,5.045871734619141
DeformationEnergy,4.0,train,109,275,0.47685033082962036,3.9142212867736816,5.045871734619141
DeformationEnergy,4.0,train,116,295,0.46241092681884766,3.921030044555664,5.086206912994385
DeformationEnergy,4.0,train,116,295,0.4701312184333801,3.9205374717712402,5.086206912994385
DeformationEnergy,4.0,train,116,295,0.4770319163799286,3.920593738555908,5.086206912994385
DeformationEnergy,4.0,train,116,295,0.48670968413352966,3.9178357124328613,5.086206912994385
DeformationEnergy,4.0,train,128,330,0.44466984272003174,3.9340550899505615,5.15625
DeformationEnergy,4.0,train,147,379,0.39274001121520996,3.916445016860962,5.156462669372559
DeformationEnergy,4.0,train,147,379,0.39479997754096985,3.9036002159118652,5.156462669372559
DeformationEnergy,4.0,train,147,379,0.39858201146125793,3.8931005001068115,5.156462669372559
DeformationEnergy,4.0,train,156,402,0.37741875648498535,3.9154951572418213,5.153846263885498
DeformationEnergy,4.0,train,156,402,0.38037633895874023,3.9035613536834717,5.153846263885498
DeformationEnergy,4.0,train,156,402,0.3813486099243164,3.9070723056793213,5.153846263885498
DeformationEnergy,4.0,train,156,402,0.3821883201599121,3.913731575012207,5.153846263885498
DeformationEnergy,4.0,train,173,446,0.3453909158706665,3.9185636043548584,5.156069278717041
DeformationEnergy,4.0,train,173,445,0.34598758816719055,3.916767120361328,5.1445088386535645
DeformationEnergy,4.0,train,173,445,0.34667617082595825,3.9223036766052246,5.1445088386535645
DeformationEnergy,4.0,train,173,445,0.34682080149650574,3.9252195358276367,5.1445088386535645
DeformationEnergy,4.0,train,173,445,0.3468138575553894,3.932431936264038,5.1445088386535645
DeformationEnergy,4.0,train,182,469,0.32967033982276917,3.938201665878296,5.153846263885498
DeformationEnergy,4.0,train,182,469,0.32966116070747375,3.937713623046875,5.153846263885498
DeformationEnergy,6.0,train,6,9,0.8660253882408142,3.722419500350952,3.0
DeformationEnergy,6.0,train,6,9,0.8880645632743835,3.734159231185913,3.0
DeformationEnergy,6.0,train,7,11,0.7636933922767639,3.87534761428833,3.142857074737549
DeformationEnergy,6.0,train,8,13,0.6730111837387085,3.875286340713501,3.25
DeformationEnergy,6.0,train,9,15,0.6420506238937378,3.8511157035827637,3.3333332538604736
DeformationEnergy,6.0,train,9,15,0.6795144081115723,3.848615884780884,3.3333332538604736
DeformationEnergy,6.0,train,9,15,0.7165220379829407,3.8498048782348633,3.3333332538604736
DeformationEnergy,6.0,train,10,17,0.6750299334526062,3.9295291900634766,3.4000000953674316
DeformationEnergy,6.0,train,10,17,0.7440418004989624,3.892735242843628,3.4000000953674316
DeformationEnergy,6.0,train,10,17,0.7852141857147217,3.8925395011901855,3.4000000953674316
DeformationEnergy,6.0,train,10,17,0.8260499835014343,3.8940250873565674,3.4000000953674316
DeformationEnergy,6.0,train,11,19,0.7998430132865906,3.890652656555176,3.454545497894287
DeformationEnergy,6.0,train,11,19,0.8197401165962219,3.875074625015259,3.454545497894287
DeformationEnergy,6.0,train,11,19,0.8390544652938843,3.8651649951934814,3.454545497894287
DeformationEnergy,6.0,train,11,19,0.8581702709197998,3.8578476905822754,3.454545497894287
DeformationEnergy,6.0,train,11,19,0.8892507553100586,3.8477845191955566,3.454545497894287
DeformationEnergy,6.0,train,11,19,0.8993839621543884,3.8437957763671875,3.454545497894287
DeformationEnergy,6.0,train,12,21,0.8294798731803894,3.864140748977661,3.5
DeformationEnergy,6.0,train,12,21,0.8450074791908264,3.8464736938476562,3.5
DeformationEnergy,6.0,train,12,21,0.8699355125427246,3.8345115184783936,3.5
DeformationEnergy,6.0,train,12,21,0.8789264559745789,3.8323147296905518,3.5
DeformationEnergy,6.0,train,14,26,0.7565160989761353,3.8914191722869873,3.7142856121063232
DeformationEnergy,6.0,train,17,33,0.6460671424865723,3.8940677642822266,3.882352828979492
DeformationEnergy,6.0,train,17,33,0.6786518096923828,3.878365993499756,3.882352828979492
DeformationEnergy,6.0,train,17,33,0.7136887311935425,3.8763599395751953,3.882352828979492
DeformationEnergy,6.0,train,17,33,0.7465333342552185,3.87829327583313,3.882352828979492
DeformationEnergy,6.0,train,19,37,0.7176229357719421,3.9208598136901855,3.8947367668151855
DeformationEnergy,6.0,train,19,37,0.751151978969574,3.918307304382324,3.8947367668151855
DeformationEnergy,6.0,train,19,37,0.7863843441009521,3.925299882888794,3.8947367668151855
DeformationEnergy,6.0,train,19,37,0.8225727081298828,3.9092905521392822,3.8947367668151855
DeformationEnergy,6.0,train,21,41,0.7873860597610474,3.919002056121826,3.904761791229248
DeformationEnergy,6.0,train,21,41,0.8076478242874146,3.911299228668213,3.904761791229248
DeformationEnergy,6.0,train,21,41,0.8278441429138184,3.908299446105957,3.904761791229248
DeformationEnergy,6.0,train,21,41,0.8678958415985107,3.9066402912139893,3.904761791229248
DeformationEnergy,6.0,train,21,41,0.8810163140296936,3.902937412261963,3.904761791229248
DeformationEnergy,6.0,train,21,41,0.8916452527046204,3.8994333744049072,3.904761791229248
DeformationEnergy,6.0,train,22,43,0.8590233325958252,3.89701771736145,3.909090995788574
DeformationEnergy,6.0,train,22,43,0.8841504454612732,3.886974334716797,3.909090995788574
DeformationEnergy,6.0,train,22,43,0.8896245360374451,3.8841750621795654,3.909090995788574
DeformationEnergy,6.0,train,22,43,0.8946998119354248,3.8824541568756104,3.909090995788574
DeformationEnergy,6.0,train,25,50,0.788230836391449,3.926365375518799,4.0
DeformationEnergy,6.0,train,31,65,0.6469650268554688,3.926703929901123,4.193548202514648
DeformationEnergy,6.0,train,31,65,0.6674942374229431,3.914285182952881,4.193548202514648
DeformationEnergy,6.0,train,31,65,0.693042516708374,3.9170637130737305,4.193548202514648
DeformationEnergy,6.0,train,34,75,0.6717366576194763,3.934483289718628,4.411764621734619
DeformationEnergy,6.0,train,34,75,0.6898400187492371,3.925359010696411,4.411764621734619
DeformationEnergy,6.0,train,34,75,0.7112351655960083,3.9297170639038086,4.411764621734619
DeformationEnergy,6.0,train,34,75,0.7318666577339172,3.9377338886260986,4.411764621734619
DeformationEnergy,6.0,train,38,86,0.6904919147491455,3.9553415775299072,4.526315689086914
DeformationEnergy,6.0,train,38,86,0.7101359367370605,3.9332022666931152,4.526315689086914
DeformationEnergy,6.0,train,38,86,0.7317174673080444,3.9294674396514893,4.526315689086914
DeformationEnergy,6.0,train,38,86,0.7534645795822144,3.931093215942383,4.526315689086914
DeformationEnergy,6.0,train,38,86,0.7930963635444641,3.936384439468384,4.526315689086914
DeformationEnergy,6.0,train,38,86,0.810785710811615,3.9366567134857178,4.526315689086914
DeformationEnergy,6.0,train,38,86,0.8267295360565186,3.9358086585998535,4.526315689086914
DeformationEnergy,6.0,train,40,92,0.8126534223556519,3.9292702674865723,4.599999904632568
DeformationEnergy,6.0,train,40,92,0.8268556594848633,3.928668260574341,4.599999904632568
DeformationEnergy,6.0,train,40,92,0.835220992565155,3.9179844856262207,4.599999904632568
DeformationEnergy,6.0,train,40,92,0.8428958058357239,3.912687301635742,4.599999904632568
DeformationEnergy,6.0,train,52,122,0.6574383974075317,3.9297354221343994,4.692307472229004
DeformationEnergy,6.0,train,54,127,0.6380447745323181,3.911916732788086,4.703703880310059
DeformationEnergy,6.0,train,54,127,0.6427871584892273,3.9082441329956055,4.703703880310059
DeformationEnergy,6.0,train,54,127,0.6483981609344482,3.9106998443603516,4.703703880310059
DeformationEnergy,6.0,train,57,136,0.6251832246780396,3.919821262359619,4.771929740905762
DeformationEnergy,6.0,train,57,136,0.6301891803741455,3.9087538719177246,4.771929740905762
DeformationEnergy,6.0,train,57,136,0.6357966661453247,3.9099576473236084,4.771929740905762
DeformationEnergy,6.0,train,57,136,0.649773120880127,3.9105663299560547,4.771929740905762
DeformationEnergy,6.0,train,65,158,0.5738504528999329,3.938969612121582,4.861538410186768
DeformationEnergy,6.0,train,65,158,0.5831131935119629,3.9131102561950684,4.861538410186768
DeformationEnergy,6.0,train,65,158,0.595866858959198,3.9055535793304443,4.861538410186768
DeformationEnergy,6.0,train,65,158,0.6241722106933594,3.89764404296875,4.861538410186768
DeformationEnergy,6.0,train,65,158,0.6382373571395874,3.9000556468963623,4.861538410186768
DeformationEnergy,6.0,train,65,158,0.652905285358429,3.9032208919525146,4.861538410186768
DeformationEnergy,6.0,train,65,158,0.668087899684906,3.906482696533203,4.861538410186768
DeformationEnergy,6.0,train,67,162,0.6769999861717224,3.9161622524261475,4.83582067489624
DeformationEnergy,6.0,train,67,162,0.6905549168586731,3.9171316623687744,4.83582067489624
DeformationEnergy,6.0,train,67,162,0.7003300786018372,3.917954683303833,4.83582067489624
DeformationEnergy,6.0,train,75,184,0.6401392817497253,3.956855058670044,4.9066667556762695
DeformationEnergy,6.0,train,86,215,0.5640767812728882,3.9643349647521973,5.0
DeformationEnergy,6.0,train,89,223,0.5504438281059265,3.9372434616088867,5.011236190795898
DeformationEnergy,6.0,train,89,223,0.5554981827735901,3.922877550125122,5.011236190795898
DeformationEnergy,6.0,train,89,223,0.5647199749946594,3.9162490367889404,5.011236190795898
DeformationEnergy,6.0,train,92,231,0.5502615571022034,3.934767961502075,5.0217390060424805
DeformationEnergy,6.0,train,92,231,0.5540251731872559,3.919543743133545,5.0217390060424805
DeformationEnergy,6.0,train,92,231,0.5576180815696716,3.9182050228118896,5.0217390060424805
DeformationEnergy,6.0,train,92,231,0.5650447010993958,3.914666175842285,5.0217390060424805
DeformationEnergy,6.0,train,102,255,0.5108048915863037,3.9350972175598145,5.0
DeformationEnergy,6.0,train,102,255,0.5157180428504944,3.9168827533721924,5.0
DeformationEnergy,6.0,train,102,255,0.5297691226005554,3.911163091659546,5.0
DeformationEnergy,6.0,train,102,255,0.5381355285644531,3.914240837097168,5.0
DeformationEnergy,6.0,train,102,255,0.54653400182724,3.914592742919922,5.0
DeformationEnergy,6.0,train,102,255,0.5554537773132324,3.917609930038452,5.0
DeformationEnergy,6.0,train,106,267,0.5501747727394104,3.931352138519287,5.037735939025879
DeformationEnergy,6.0,train,106,267,0.5563295483589172,3.9368908405303955,5.037735939025879
DeformationEnergy,6.0,train,106,267,0.5603163838386536,3.944185256958008,5.037735939025879
DeformationEnergy,6.0,train,106,267,0.5623649954795837,3.948354959487915,5.037735939025879
DeformationEnergy,6.0,train,119,301,0.50221186876297,3.967381238937378,5.058823585510254
DeformationEnergy,6.0,train,134,341,0.44636842608451843,3.963008165359497,5.089552402496338
DeformationEnergy,6.0,train,137,349,0.437173992395401,3.929316759109497,5.094890594482422
DeformationEnergy,6.0,train,137,349,0.43795621395111084,3.917632818222046,5.094890594482422
DeformationEnergy,8.0,train,6,9,0.8660253882408142,3.722419500350952,3.0
DeformationEnergy,8.0,train,6,9,0.9049767851829529,3.73418927192688,3.0
DeformationEnergy,8.0,train,7,11,0.7787529826164246,3.87446928024292,3.142857074737549
DeformationEnergy,8.0,train,8,13,0.6901631355285645,3.877224922180176,3.25
DeformationEnergy,8.0,train,9,15,0.6301071643829346,3.8767712116241455,3.3333332538604736
DeformationEnergy,8.0,train,9,15,0.6649348139762878,3.8581857681274414,3.3333332538604736
DeformationEnergy,8.0,train,9,15,0.7406715750694275,3.8564083576202393,3.3333332538604736
DeformationEnergy,8.0,train,10,17,0.6966204643249512,3.941720485687256,3.4000000953674316
DeformationEnergy,8.0,train,10,17,0.728425920009613,3.9070968627929688,3.4000000953674316
DeformationEnergy,8.0,train,10,17,0.7687598466873169,3.898942470550537,3.4000000953674316
DeformationEnergy,8.0,train,10,17,0.8098262548446655,3.8980178833007812,3.4000000953674316
DeformationEnergy,8.0,train,10,17,0.8499630689620972,3.898578643798828,3.4000000953674316
DeformationEnergy,8.0,train,11,19,0.8217564225196838,3.8918206691741943,3.454545497894287
DeformationEnergy,8.0,train,11,19,0.8411274552345276,3.8763723373413086,3.454545497894287
DeformationEnergy,8.0,train,11,19,0.8599758744239807,3.8661911487579346,3.454545497894287
DeformationEnergy,8.0,train,11,19,0.8789432644844055,3.859103202819824,3.454545497894287
DeformationEnergy,8.0,train,11,19,0.8977364897727966,3.8538243770599365,3.454545497894287
DeformationEnergy,8.0,train,11,19,0.9088564515113831,3.8487589359283447,3.454545497894287
DeformationEnergy,8.0,train,12,21,0.8487350344657898,3.865823745727539,3.5
DeformationEnergy,8.0,train,12,21,0.8652365803718567,3.8477869033813477,3.5
DeformationEnergy,8.0,train,12,21,0.8804409503936768,3.8398170471191406,3.5
DeformationEnergy,8.0,train,12,21,0.8894414901733398,3.83548903465271,3.5
DeformationEnergy,8.0,train,12,21,0.8982632160186768,3.833193063735962,3.5
DeformationEnergy,8.0,train,14,26,0.7734233736991882,3.892638921737671,3.7142856121063232
DeformationEnergy,8.0,train,17,33,0.6679256558418274,3.894836902618408,3.882352828979492
DeformationEnergy,8.0,train,17,33,0.702182948589325,3.8801162242889404,3.882352828979492
DeformationEnergy,8.0,train,17,33,0.7373197078704834,3.8782730102539062,3.882352828979492
DeformationEnergy,8.0,train,17,33,0.7699964046478271,3.879988670349121,3.882352828979492
DeformationEnergy,8.0,train,19,37,0.7142529487609863,3.9694337844848633,3.8947367668151855
DeformationEnergy,8.0,train,19,37,0.7409668564796448,3.924879312515259,3.8947367668151855
DeformationEnergy,8.0,train,19,37,0.8116005659103394,3.9201467037200928,3.8947367668151855
DeformationEnergy,8.0,train,19,37,0.8478716015815735,3.910477876663208,3.8947367668151855
DeformationEnergy,8.0,train,21,41,0.7888035774230957,3.9439661502838135,3.904761791229248
DeformationEnergy,8.0,train,21,41,0.8104348182678223,3.923525810241699,3.904761791229248
DeformationEnergy,8.0,train,21,41,0.830547034740448,3.915706157684326,3.904761791229248
DeformationEnergy,8.0,train,21,41,0.870450496673584,3.9108264446258545,3.904761791229248
DeformationEnergy,8.0,train,21,41,0.8899317383766174,3.9101033210754395,3.904761791229248
DeformationEnergy,8.0,train,21,41,0.9019955992698669,3.9060842990875244,3.904761791229248
DeformationEnergy,8.0,train,21,41,0.912045955657959,3.90244722366333,3.904761791229248
DeformationEnergy,8.0,train,22,43,0.8790462613105774,3.8987653255462646,3.909090995788574
DeformationEnergy,8.0,train,22,43,0.8926277160644531,3.892892599105835,3.909090995788574
DeformationEnergy,8.0,train,22,44,0.9113140106201172,3.8662374019622803,4.0
DeformationEnergy,8.0,train,22,44,0.9164062738418579,3.863116502761841,4.0
DeformationEnergy,8.0,train,25,51,0.8077202439308167,3.9063146114349365,4.079999923706055
DeformationEnergy,8.0,train,29,61,0.7017722129821777,3.933866262435913,4.206896781921387
DeformationEnergy,8.0,train,31,66,0.6688088178634644,3.919142007827759,4.2580647468566895
DeformationEnergy,8.0,train,31,66,0.6938306093215942,3.911381721496582,4.2580647468566895
DeformationEnergy,8.0,train,31,67,0.744864821434021,3.914034366607666,4.322580814361572
DeformationEnergy,8.0,train,34,76,0.6965605616569519,3.9398040771484375,4.470588207244873
DeformationEnergy,8.0,train,34,76,0.7158937454223633,3.9198222160339355,4.470588207244873
DeformationEnergy,8.0,train,34,76,0.7374263405799866,3.9202117919921875,4.470588207244873
DeformationEnergy,8.0,train,34,77,0.7609444856643677,3.9275014400482178,4.529411792755127
DeformationEnergy,8.0,train,34,78,0.7849472761154175,3.923501491546631,4.588235378265381
DeformationEnergy,8.0,train,38,88,0.7415016293525696,3.9318125247955322,4.6315789222717285
DeformationEnergy,8.0,train,38,88,0.763568103313446,3.924614429473877,4.6315789222717285
DeformationEnergy,8.0,train,38,88,0.7855126261711121,3.9223039150238037,4.6315789222717285
DeformationEnergy,8.0,train,38,88,0.8056018948554993,3.915724039077759,4.6315789222717285
DeformationEnergy,8.0,train,38,88,0.824526309967041,3.909830093383789,4.6315789222717285
DeformationEnergy,8.0,train,38,88,0.8420503735542297,3.907335042953491,4.6315789222717285
DeformationEnergy,8.0,train,40,93,0.8275104761123657,3.9101645946502686,4.650000095367432
DeformationEnergy,8.0,train,40,93,0.8428493738174438,3.9002346992492676,4.650000095367432
DeformationEnergy,8.0,train,40,93,0.8567296862602234,3.898681640625,4.650000095367432
DeformationEnergy,8.0,train,40,93,0.864978015422821,3.8971245288848877,4.650000095367432
DeformationEnergy,8.0,train,40,93,0.8723796606063843,3.8960165977478027,4.650000095367432
DeformationEnergy,8.0,train,46,109,0.7645328640937805,3.9349253177642822,4.73913049697876
DeformationEnergy,8.0,train,56,134,0.6376453042030334,3.910715341567993,4.785714149475098
DeformationEnergy,8.0,train,56,134,0.6426904797554016,3.8943138122558594,4.785714149475098
DeformationEnergy,8.0,train,56,134,0.6486426591873169,3.890104055404663,4.785714149475098
DeformationEnergy,8.0,train,56,134,0.6552351713180542,3.8900718688964844,4.785714149475098
DeformationEnergy,8.0,train,59,143,0.6281099319458008,3.91388201713562,4.847457408905029
DeformationEnergy,8.0,train,59,143,0.6408151984214783,3.8909177780151367,4.847457408905029
DeformationEnergy,8.0,train,59,143,0.6493038535118103,3.892432689666748,4.847457408905029
DeformationEnergy,8.0,train,59,143,0.6590896844863892,3.89670991897583,4.847457408905029
DeformationEnergy,8.0,train,65,157,0.6051817536354065,3.926236152648926,4.830769062042236
DeformationEnergy,8.0,train,65,157,0.6176499128341675,3.9178049564361572,4.830769062042236
DeformationEnergy,8.0,train,65,157,0.631890594959259,3.917715549468994,4.830769062042236
DeformationEnergy,8.0,train,65,157,0.6620115041732788,3.924614429473877,4.830769062042236
DeformationEnergy,8.0,train,65,157,0.6779276728630066,3.931691884994507,4.830769062042236
DeformationEnergy,8.0,train,65,157,0.6939106583595276,3.936981439590454,4.830769062042236
DeformationEnergy,8.0,train,65,157,0.709385097026825,3.940948486328125,4.830769062042236
DeformationEnergy,8.0,train,68,164,0.6920049786567688,3.9455316066741943,4.823529243469238
DeformationEnergy,8.0,train,68,164,0.7057889103889465,3.9466822147369385,4.823529243469238
DeformationEnergy,8.0,train,68,164,0.7288808226585388,3.950643539428711,4.823529243469238
DeformationEnergy,8.0,train,68,164,0.7378352284431458,3.952406406402588,4.823529243469238
DeformationEnergy,8.0,train,77,186,0.6592152118682861,3.985381603240967,4.8311686515808105
DeformationEnergy,8.0,train,88,217,0.5832852125167847,3.979198455810547,4.931818008422852
DeformationEnergy,8.0,train,92,228,0.5638092160224915,3.95607852935791,4.956521511077881
DeformationEnergy,8.0,train,92,228,0.5692081451416016,3.9514286518096924,4.956521511077881
DeformationEnergy,8.0,train,92,228,0.5795141458511353,3.95066499710083,4.956521511077881
DeformationEnergy,8.0,train,96,238,0.56000155210495,3.9643688201904297,4.958333492279053
DeformationEnergy,8.0,train,96,238,0.5644287467002869,3.959977388381958,4.958333492279053
DeformationEnergy,8.0,train,96,238,0.5686846375465393,3.9635746479034424,4.958333492279053
DeformationEnergy,8.0,train,96,238,0.5731567740440369,3.966719388961792,4.958333492279053
DeformationEnergy,8.0,train,96,238,0.5780119299888611,3.9686450958251953,4.958333492279053
DeformationEnergy,8.0,train,106,266,0.5330992937088013,3.9552345275878906,5.0188679695129395
DeformationEnergy,8.0,train,106,266,0.5408622026443481,3.952505350112915,5.0188679695129395
DeformationEnergy,8.0,train,106,266,0.5490989089012146,3.957573652267456,5.0188679695129395
DeformationEnergy,8.0,train,106,266,0.5567523241043091,3.9635353088378906,5.0188679695129395
DeformationEnergy,8.0,train,106,266,0.5612176656723022,3.9682536125183105,5.0188679695129395
DeformationEnergy,8.0,train,106,266,0.5659910440444946,3.9670047760009766,5.0188679695129395
DeformationEnergy,12.5,train,6,9,0.8660253882408142,3.722419500350952,3.0
DeformationEnergy,12.5,train,6,9,0.9233696460723877,3.734386444091797,3.0
DeformationEnergy,12.5,train,7,11,0.795360267162323,3.8781371116638184,3.142857074737549
DeformationEnergy,12.5,train,8,13,0.7101495265960693,3.877668857574463,3.25
DeformationEnergy,12.5,train,9,15,0.6538822054862976,3.8783090114593506,3.3333332538604736
DeformationEnergy,12.5,train,9,15,0.6911066770553589,3.8650333881378174,3.3333332538604736
DeformationEnergy,12.5,train,9,15,0.7300419211387634,3.865523338317871,3.3333332538604736
DeformationEnergy,12.5,train,9,15,0.7660970687866211,3.867600679397583,3.3333332538604736
DeformationEnergy,12.5,train,10,17,0.7184409499168396,3.898913860321045,3.4000000953674316
DeformationEnergy,12.5,train,10,17,0.7541672587394714,3.875699281692505,3.4000000953674316
DeformationEnergy,12.5,train,10,17,0.7948151230812073,3.8726534843444824,3.4000000953674316
DeformationEnergy,12.5,train,10,17,0.8355001211166382,3.8731143474578857,3.4000000953674316
DeformationEnergy,12.5,train,10,17,0.8749625086784363,3.8741278648376465,3.4000000953674316
DeformationEnergy,12.5,train,11,19,0.8213611245155334,3.9277842044830322,3.454545497894287
DeformationEnergy,12.5,train,11,19,0.8443342447280884,3.889169931411743,3.454545497894287
DeformationEnergy,12.5,train,11,19,0.8819515705108643,3.8686583042144775,3.454545497894287
DeformationEnergy,12.5,train,11,19,0.9007096886634827,3.863478183746338,3.454545497894287
DeformationEnergy,12.5,train,11,19,0.9191980361938477,3.859333038330078,3.454545497894287
DeformationEnergy,12.5,train,11,19,0.9293908476829529,3.853827476501465,3.454545497894287
DeformationEnergy,12.5,train,11,19,0.9388927221298218,3.8490195274353027,3.454545497894287
DeformationEnergy,12.5,train,12,21,0.8700212836265564,3.8674869537353516,3.5
DeformationEnergy,12.5,train,12,21,0.8865628242492676,3.849109411239624,3.5
DeformationEnergy,12.5,train,12,21,0.9012735486030579,3.841181993484497,3.5
DeformationEnergy,12.5,train,12,21,0.9100141525268555,3.835972547531128,3.5
DeformationEnergy,12.5,train,12,21,0.9186941981315613,3.8324248790740967,3.5
DeformationEnergy,12.5,train,14,27,0.7925547361373901,3.8918368816375732,3.857142925262451
DeformationEnergy,12.5,train,16,32,0.7073432207107544,3.8563976287841797,4.0
DeformationEnergy,12.5,train,18,37,0.6540364027023315,3.8572375774383545,4.111111164093018
DeformationEnergy,12.5,train,18,37,0.6925604343414307,3.834808349609375,4.111111164093018
DeformationEnergy,12.5,train,18,37,0.7678362727165222,3.8254590034484863,4.111111164093018
DeformationEnergy,12.5,train,20,42,0.7197915315628052,3.904562473297119,4.199999809265137
DeformationEnergy,12.5,train,20,42,0.7547982335090637,3.8482747077941895,4.199999809265137
DeformationEnergy,12.5,train,20,42,0.7945809364318848,3.8349051475524902,4.199999809265137
DeformationEnergy,12.5,train,20,42,0.8335851430892944,3.834571361541748,4.199999809265137
DeformationEnergy,12.5,train,20,42,0.8698267936706543,3.839850664138794,4.199999809265137
DeformationEnergy,12.5,train,22,46,0.8151898980140686,3.8950791358947754,4.181818008422852
DeformationEnergy,12.5,train,22,46,0.8395726680755615,3.8860762119293213,4.181818008422852
DeformationEnergy,12.5,train,22,46,0.8585501313209534,3.8870551586151123,4.181818008422852
DeformationEnergy,12.5,train,22,46,0.8767879009246826,3.891411781311035,4.181818008422852
DeformationEnergy,12.5,train,22,46,0.8949680328369141,3.8966047763824463,4.181818008422852
DeformationEnergy,12.5,train,22,46,0.9129939675331116,3.901890516281128,4.181818008422852
DeformationEnergy,12.5,train,22,46,0.9240772724151611,3.9009697437286377,4.181818008422852
DeformationEnergy,12.5,train,22,46,0.9338192343711853,3.9000604152679443,4.181818008422852
DeformationEnergy,12.5,train,24,51,0.8822717666625977,3.8923234939575195,4.25
DeformationEnergy,12.5,train,24,51,0.8969893455505371,3.8867523670196533,4.25
DeformationEnergy,12.5,train,24,51,0.9055776596069336,3.882277488708496,4.25
DeformationEnergy,12.5,train,24,51,0.9140892028808594,3.8792731761932373,4.25
DeformationEnergy,12.5,train,27,59,0.8187873363494873,3.923964262008667,4.370370388031006
DeformationEnergy,12.5,train,30,65,0.7459086179733276,3.962238073348999,4.333333492279053
DeformationEnergy,12.5,train,33,72,0.692984938621521,3.962850332260132,4.363636493682861
DeformationEnergy,12.5,train,33,72,0.7177170515060425,3.964651346206665,4.363636493682861
DeformationEnergy,12.5,train,33,72,0.7407667636871338,3.9783546924591064,4.363636493682861
DeformationEnergy,12.5,train,33,72,0.7604076862335205,3.995356321334839,4.363636493682861
DeformationEnergy,12.5,train,37,83,0.6935981512069702,4.0161824226379395,4.486486434936523
DeformationEnergy,12.5,train,37,83,0.7106074094772339,3.9819343090057373,4.486486434936523
DeformationEnergy,12.5,train,37,83,0.7312456965446472,3.983919382095337,4.486486434936523
DeformationEnergy,12.5,train,37,83,0.7523347735404968,3.991835355758667,4.486486434936523
DeformationEnergy,12.5,train,40,90,0.7360026240348816,4.021413326263428,4.5
DeformationEnergy,12.5,train,40,91,0.7627341151237488,4.007744789123535,4.550000190734863
DeformationEnergy,12.5,train,40,91,0.7886015772819519,4.007506370544434,4.550000190734863
DeformationEnergy,12.5,train,40,91,0.8117680549621582,4.012707710266113,4.550000190734863
DeformationEnergy,12.5,train,40,91,0.8336570858955383,4.01779317855835,4.550000190734863
DeformationEnergy,12.5,train,40,91,0.8539961576461792,4.020267963409424,4.550000190734863
DeformationEnergy,12.5,train,40,91,0.8722666501998901,4.020321846008301,4.550000190734863
DeformationEnergy,12.5,train,40,91,0.8879657983779907,4.019674777984619,4.550000190734863
DeformationEnergy,12.5,train,43,100,0.8396673202514648,3.993962526321411,4.651162624359131
DeformationEnergy,12.5,train,43,100,0.856392502784729,3.988865613937378,4.651162624359131
DeformationEnergy,12.5,train,43,100,0.8711847066879272,3.985776662826538,4.651162624359131
DeformationEnergy,12.5,train,43,101,0.8829578757286072,3.9739925861358643,4.69767427444458
DeformationEnergy,12.5,train,43,101,0.8930942416191101,3.960047483444214,4.69767427444458
DeformationEnergy,12.5,train,47,111,0.8255352973937988,3.9547154903411865,4.723404407501221
DeformationEnergy,12.5,train,58,140,0.6815736293792725,3.9315459728240967,4.8275861740112305
DeformationEnergy,12.5,train,58,140,0.6887075304985046,3.9165565967559814,4.8275861740112305
DeformationEnergy,12.5,train,58,140,0.6975572109222412,3.9106287956237793,4.8275861740112305
DeformationEnergy,12.5,train,58,140,0.7064200639724731,3.912663459777832,4.8275861740112305
DeformationEnergy,12.5,train,65,159,0.6377996802330017,3.956153392791748,4.892307758331299
DeformationEnergy,12.5,train,65,159,0.644783616065979,3.9310710430145264,4.892307758331299
DeformationEnergy,12.5,train,65,159,0.6536314487457275,3.925950288772583,4.892307758331299
DeformationEnergy,12.5,train,65,159,0.6644386053085327,3.926914691925049,4.892307758331299
DeformationEnergy,12.5,train,65,159,0.6764156818389893,3.9335010051727295,4.892307758331299
DeformationEnergy,12.5,train,71,175,0.6295777559280396,3.9725053310394287,4.929577350616455
DeformationEnergy,12.5,train,71,175,0.6437353491783142,3.945340394973755,4.929577350616455
DeformationEnergy,12.5,train,71,175,0.6598740220069885,3.9418716430664062,4.929577350616455
DeformationEnergy,12.5,train,71,175,0.676848828792572,3.9444527626037598,4.929577350616455
DeformationEnergy,12.5,train,71,175,0.693818211555481,3.9481892585754395,4.929577350616455
DeformationEnergy,12.5,train,71,175,0.7290281057357788,3.9588446617126465,4.929577350616455
DeformationEnergy,12.5,train,71,175,0.7461627125740051,3.955488920211792,4.929577350616455
DeformationEnergy,12.5,train,74,183,0.7303032875061035,3.9500620365142822,4.945945739746094
DeformationEnergy,12.5,train,74,183,0.7455189824104309,3.942523956298828,4.945945739746094
DeformationEnergy,12.5,train,74,183,0.7604421377182007,3.9412972927093506,4.945945739746094
DeformationEnergy,12.5,train,74,183,0.772299587726593,3.937952756881714,4.945945739746094
DeformationEnergy,12.5,train,74,183,0.7831614017486572,3.939314603805542,4.945945739746094
DeformationEnergy,12.5,train,81,200,0.7248854637145996,3.947409152984619,4.938271522521973
DeformationEnergy,12.5,train,89,221,0.6661092638969421,3.9433233737945557,4.966291904449463
DeformationEnergy,12.5,train,98,243,0.609661340713501,3.9375393390655518,4.959183692932129
DeformationEnergy,12.5,train,98,243,0.61171555519104,3.9276154041290283,4.959183692932129
DeformationEnergy,12.5,train,98,243,0.6119922995567322,3.929440975189209,4.959183692932129
DeformationEnergy,12.5,train,98,243,0.6121295690536499,3.9302024841308594,4.959183692932129
DeformationEnergy,12.5,train,107,266,0.5607079267501831,3.963986396789551,4.9719624519348145
DeformationEnergy,12.5,train,107,266,0.5607476830482483,3.9395358562469482,4.9719624519348145
DeformationEnergy,15.0,train,6,9,0.8660253882408142,3.722419500350952,3.0
DeformationEnergy,15.0,train,6,9,0.9288075566291809,3.734476089477539,3.0
DeformationEnergy,15.0,train,7,11,0.7991886138916016,3.8724465370178223,3.142857074737549
DeformationEnergy,15.0,train,8,13,0.7153490781784058,3.8771424293518066,3.25
DeformationEnergy,15.0,train,9,15,0.6609877347946167,3.877173900604248,3.3333332538604736
DeformationEnergy,15.0,train,9,15,0.6990448832511902,3.86549711227417,3.3333332538604736
DeformationEnergy,15.0,train,9,15,0.738229513168335,3.866240978240967,3.3333332538604736
DeformationEnergy,15.0,train,9,15,0.7741875052452087,3.868061065673828,3.3333332538604736
DeformationEnergy,15.0,train,10,17,0.7257407903671265,3.90179705619812,3.4000000953674316
DeformationEnergy,15.0,train,10,17,0.7626249194145203,3.878661632537842,3.4000000953674316
DeformationEnergy,15.0,train,10,17,0.8436206579208374,3.875102996826172,3.4000000953674316
DeformationEnergy,15.0,train,10,17,0.8827099800109863,3.875720262527466,3.4000000953674316
DeformationEnergy,15.0,train,11,19,0.828594982624054,3.929272413253784,3.454545497894287
DeformationEnergy,15.0,train,11,19,0.8512668013572693,3.8898749351501465,3.454545497894287
DeformationEnergy,15.0,train,11,19,0.8699760437011719,3.8761308193206787,3.454545497894287
DeformationEnergy,15.0,train,11,19,0.8886621594429016,3.868485450744629,3.454545497894287
DeformationEnergy,15.0,train,11,19,0.9073272347450256,3.863030433654785,3.454545497894287
DeformationEnergy,15.0,train,11,19,0.9256730675697327,3.858778238296509,3.454545497894287
DeformationEnergy,15.0,train,11,19,0.9356095790863037,3.8530099391937256,3.454545497894287
DeformationEnergy,15.0,train,11,19,0.9450269341468811,3.8479974269866943,3.454545497894287
DeformationEnergy,15.0,train,12,21,0.893082320690155,3.849040985107422,3.5
DeformationEnergy,15.0,train,12,21,0.9076253771781921,3.8409578800201416,3.5
DeformationEnergy,15.0,train,12,21,0.9162821769714355,3.8356916904449463,3.5
DeformationEnergy,15.0,train,12,21,0.9249054789543152,3.832115888595581,3.5
DeformationEnergy,15.0,train,14,27,0.798372209072113,3.8996951580047607,3.857142925262451
DeformationEnergy,15.0,train,16,32,0.7139402627944946,3.8643064498901367,4.0
DeformationEnergy,15.0,train,18,37,0.6618459224700928,3.865225076675415,4.111111164093018
DeformationEnergy,15.0,train,18,37,0.7004415988922119,3.841554880142212,4.111111164093018
DeformationEnergy,15.0,train,18,37,0.7395092844963074,3.83614444732666,4.111111164093018
DeformationEnergy,15.0,train,18,37,0.7750833630561829,3.8355610370635986,4.111111164093018
DeformationEnergy,15.0,train,20,42,0.7620977163314819,3.8576197624206543,4.199999809265137
DeformationEnergy,15.0,train,20,42,0.8017910122871399,3.8543801307678223,4.199999809265137
DeformationEnergy,15.0,train,20,42,0.8416200876235962,3.858287811279297,4.199999809265137
DeformationEnergy,15.0,train,20,42,0.8806946873664856,3.8633735179901123,4.199999809265137
DeformationEnergy,15.0,train,22,47,0.8261602520942688,3.906343698501587,4.2727274894714355
DeformationEnergy,15.0,train,22,47,0.8503135442733765,3.8758482933044434,4.2727274894714355
DeformationEnergy,15.0,train,22,47,0.8690856695175171,3.8680496215820312,4.2727274894714355
DeformationEnergy,15.0,train,22,47,0.8875512480735779,3.866570234298706,4.2727274894714355
DeformationEnergy,15.0,train,22,47,0.905890703201294,3.8671228885650635,4.2727274894714355
DeformationEnergy,15.0,train,22,47,0.9246439337730408,3.854734182357788,4.2727274894714355
DeformationEnergy,15.0,train,22,47,0.9447791576385498,3.843271017074585,4.2727274894714355
DeformationEnergy,15.0,train,23,49,0.9136828780174255,3.84006404876709,4.26086950302124
DeformationEnergy,15.0,train,23,49,0.9269515872001648,3.8333170413970947,4.26086950302124
DeformationEnergy,15.0,train,23,49,0.9379408359527588,3.8302457332611084,4.26086950302124
DeformationEnergy,15.0,train,23,49,0.9426078200340271,3.827599287033081,4.26086950302124
DeformationEnergy,15.0,train,23,49,0.9471639394760132,3.825880289077759,4.26086950302124
DeformationEnergy,15.0,train,25,53,0.8741059303283691,3.8867805004119873,4.239999771118164
DeformationEnergy,15.0,train,28,60,0.7875999212265015,3.904736042022705,4.285714149475098
DeformationEnergy,15.0,train,31,68,0.7259711623191833,3.8861684799194336,4.387096881866455
DeformationEnergy,15.0,train,31,68,0.7495811581611633,3.877706289291382,4.387096881866455
DeformationEnergy,15.0,train,31,69,0.7925695180892944,3.895657539367676,4.451612949371338
DeformationEnergy,15.0,train,34,77,0.7388494610786438,3.934410572052002,4.529411792755127
DeformationEnergy,15.0,train,34,77,0.7576459050178528,3.92279314994812,4.529411792755127
DeformationEnergy,15.0,train,34,77,0.7803736925125122,3.919517993927002,4.529411792755127
DeformationEnergy,15.0,train,34,77,0.8041735291481018,3.926675796508789,4.529411792755127
DeformationEnergy,15.0,train,34,77,0.8265739679336548,3.93628191947937,4.529411792755127
DeformationEnergy,15.0,train,37,83,0.7787030935287476,3.988426446914673,4.486486434936523
DeformationEnergy,15.0,train,37,83,0.803369402885437,3.9754390716552734,4.486486434936523
DeformationEnergy,15.0,train,37,83,0.8258455395698547,3.9745965003967285,4.486486434936523
DeformationEnergy,15.0,train,37,83,0.8468312621116638,3.975919246673584,4.486486434936523
DeformationEnergy,15.0,train,37,83,0.8861342668533325,3.9680044651031494,4.486486434936523
DeformationEnergy,15.0,train,37,84,0.9034750461578369,3.9591572284698486,4.54054069519043
DeformationEnergy,15.0,train,37,84,0.9184613823890686,3.943789005279541,4.54054069519043
DeformationEnergy,15.0,train,39,90,0.8849343657493591,3.9477245807647705,4.615384578704834
DeformationEnergy,15.0,train,39,90,0.9005126953125,3.9366917610168457,4.615384578704834
DeformationEnergy,15.0,train,39,90,0.9135656952857971,3.93039608001709,4.615384578704834
DeformationEnergy,15.0,train,39,90,0.9216547012329102,3.9266796112060547,4.615384578704834
DeformationEnergy,15.0,train,39,90,0.9288490414619446,3.9243524074554443,4.615384578704834
DeformationEnergy,15.0,train,43,100,0.8480760455131531,3.940016031265259,4.651162624359131
DeformationEnergy,15.0,train,49,116,0.7498930096626282,3.979854106903076,4.734694004058838
DeformationEnergy,15.0,train,53,126,0.7050948143005371,3.9405758380889893,4.754716873168945
DeformationEnergy,15.0,train,53,126,0.7139406204223633,3.942495346069336,4.754716873168945
DeformationEnergy,15.0,train,53,126,0.7236629128456116,3.9487133026123047,4.754716873168945
DeformationEnergy,15.0,train,57,137,0.6822943687438965,3.978562831878662,4.8070173263549805
DeformationEnergy,15.0,train,57,137,0.6916638016700745,3.964672803878784,4.8070173263549805
DeformationEnergy,15.0,train,57,137,0.7034093737602234,3.965179443359375,4.8070173263549805
DeformationEnergy,15.0,train,57,137,0.7172793745994568,3.9737906455993652,4.8070173263549805
DeformationEnergy,15.0,train,57,137,0.7329320907592773,3.986661672592163,4.8070173263549805
DeformationEnergy,15.0,train,62,149,0.6877287030220032,4.002422332763672,4.806451797485352
DeformationEnergy,15.0,train,62,149,0.7069127559661865,3.999608278274536,4.806451797485352
DeformationEnergy,15.0,train,62,149,0.7459121942520142,4.000250816345215,4.806451797485352
DeformationEnergy,15.0,train,62,149,0.7652832269668579,4.006919860839844,4.806451797485352
DeformationEnergy,15.0,train,62,149,0.7843145728111267,4.014878749847412,4.806451797485352
DeformationEnergy,15.0,train,62,149,0.8026430606842041,4.020395755767822,4.806451797485352
DeformationEnergy,15.0,train,62,149,0.8199501633644104,4.025666236877441,4.806451797485352
DeformationEnergy,15.0,train,64,153,0.8093539476394653,4.043022632598877,4.78125
DeformationEnergy,15.0,train,64,153,0.8245993256568909,4.042220592498779,4.78125
DeformationEnergy,15.0,train,64,153,0.8389531970024109,4.04506254196167,4.78125
DeformationEnergy,15.0,train,64,153,0.848911702632904,4.047527313232422,4.78125
DeformationEnergy,15.0,train,64,153,0.8579919338226318,4.042909622192383,4.78125
DeformationEnergy,15.0,train,78,188,0.7176575064659119,4.010177135467529,4.820512771606445
DeformationEnergy,15.0,train,84,203,0.6719881892204285,3.9932668209075928,4.833333492279053
DeformationEnergy,15.0,train,84,203,0.6771516799926758,3.9863407611846924,4.833333492279053
DeformationEnergy,15.0,train,84,203,0.6829293370246887,3.9907901287078857,4.833333492279053
DeformationEnergy,15.0,train,84,203,0.689087986946106,3.991541624069214,4.833333492279053
DeformationEnergy,15.0,train,91,221,0.6415196657180786,4.029384613037109,4.857142925262451
DeformationEnergy,15.0,train,91,221,0.6460093259811401,4.003178596496582,4.857142925262451
DeformationEnergy,15.0,train,91,221,0.6509818434715271,4.0013041496276855,4.857142925262451
DeformationEnergy,15.0,train,91,221,0.6554999947547913,4.010731220245361,4.857142925262451
DeformationEnergy,15.0,train,99,241,0.6057418584823608,4.018326759338379,4.868686676025391
DeformationEnergy,20.0,val,6,9,0.8660253882408142,3.722419500350952,3.0
DeformationEnergy,20.0,val,6,9,0.9356012940406799,3.7346067428588867,3.0
DeformationEnergy,20.0,val,7,11,0.8075138330459595,3.877915620803833,3.142857074737549
DeformationEnergy,20.0,val,8,13,0.7235262393951416,3.8794236183166504,3.25
DeformationEnergy,20.0,val,9,15,0.6708093285560608,3.8890390396118164,3.3333332538604736
DeformationEnergy,20.0,val,9,15,0.7088897228240967,3.8724889755249023,3.3333332538604736
DeformationEnergy,20.0,val,9,15,0.7479118704795837,3.8718910217285156,3.3333332538604736
DeformationEnergy,20.0,val,9,15,0.7835673689842224,3.87319278717041,3.3333332538604736
DeformationEnergy,20.0,val,10,17,0.7341726422309875,3.9031319618225098,3.4000000953674316
DeformationEnergy,20.0,val,10,17,0.7722289562225342,3.8800501823425293,3.4000000953674316
DeformationEnergy,20.0,val,10,17,0.8126689791679382,3.8766589164733887,3.4000000953674316
DeformationEnergy,20.0,val,10,17,0.8530986905097961,3.8767082691192627,3.4000000953674316
DeformationEnergy,20.0,val,10,17,0.8919826745986938,3.877206802368164,3.4000000953674316
DeformationEnergy,20.0,val,11,19,0.8376337289810181,3.930499315261841,3.454545497894287
DeformationEnergy,20.0,val,11,19,0.8600553274154663,3.8913652896881104,3.454545497894287
DeformationEnergy,20.0,val,11,19,0.8786214590072632,3.877849817276001,3.454545497894287
DeformationEnergy,20.0,val,11,19,0.8971715569496155,3.8703420162200928,3.454545497894287
DeformationEnergy,20.0,val,11,19,0.9157073497772217,3.8649556636810303,3.454545497894287
DeformationEnergy,20.0,val,11,19,0.933860182762146,3.860787868499756,3.454545497894287
DeformationEnergy,20.0,val,11,19,0.9435198307037354,3.8550407886505127,3.454545497894287
DeformationEnergy,20.0,val,11,19,0.9528219103813171,3.849996328353882,3.454545497894287
DeformationEnergy,20.0,val,12,21,0.8845770955085754,3.868159532546997,3.5
DeformationEnergy,20.0,val,12,21,0.9012534022331238,3.850281000137329,3.5
DeformationEnergy,20.0,val,12,21,0.915574848651886,3.8423221111297607,3.5
DeformationEnergy,20.0,val,12,21,0.9241399168968201,3.837056875228882,3.5
DeformationEnergy,20.0,val,12,21,0.9326894283294678,3.8334381580352783,3.5
DeformationEnergy,20.0,val,14,27,0.8055468797683716,3.8918633460998535,3.857142925262451
DeformationEnergy,20.0,val,16,32,0.7215448617935181,3.857151508331299,4.0
DeformationEnergy,20.0,val,18,37,0.6709110736846924,3.85607647895813,4.111111164093018
DeformationEnergy,20.0,val,18,37,0.7099422812461853,3.834806203842163,4.111111164093018
DeformationEnergy,20.0,val,18,37,0.7490866184234619,3.8281354904174805,4.111111164093018
DeformationEnergy,20.0,val,18,37,0.7846288084983826,3.8255510330200195,4.111111164093018
DeformationEnergy,20.0,val,20,42,0.7351061105728149,3.899726152420044,4.199999809265137
DeformationEnergy,20.0,val,20,42,0.7726343274116516,3.8468756675720215,4.199999809265137
DeformationEnergy,20.0,val,20,42,0.8122919201850891,3.836113452911377,4.199999809265137
DeformationEnergy,20.0,val,20,42,0.8506997227668762,3.8368866443634033,4.199999809265137
DeformationEnergy,20.0,val,20,42,0.8879596590995789,3.844947099685669,4.199999809265137
DeformationEnergy,20.0,val,22,46,0.8332811594009399,3.903620719909668,4.181818008422852
DeformationEnergy,20.0,val,22,46,0.8569954037666321,3.8925657272338867,4.181818008422852
DeformationEnergy,20.0,val,22,46,0.8752748370170593,3.892979383468628,4.181818008422852
DeformationEnergy,20.0,val,22,46,0.8934921622276306,3.897106409072876,4.181818008422852
DeformationEnergy,20.0,val,22,46,0.9116983413696289,3.9021661281585693,4.181818008422852
DeformationEnergy,20.0,val,22,46,0.9296846389770508,3.9072954654693604,4.181818008422852
DeformationEnergy,20.0,val,22,46,0.9399570822715759,3.9058165550231934,4.181818008422852
DeformationEnergy,20.0,val,22,46,0.9494439959526062,3.904613733291626,4.181818008422852
DeformationEnergy,20.0,val,24,51,0.8815991282463074,3.9082257747650146,4.25
DeformationEnergy,20.0,val,24,51,0.8982815742492676,3.896611452102661,4.25
DeformationEnergy,20.0,val,24,51,0.912670373916626,3.891068696975708,4.25
DeformationEnergy,20.0,val,24,51,0.9211089015007019,3.886488199234009,4.25
DeformationEnergy,20.0,val,24,51,0.9295840263366699,3.8834762573242188,4.25
DeformationEnergy,20.0,val,27,59,0.832993745803833,3.933223009109497,4.370370388031006
DeformationEnergy,20.0,val,30,65,0.761780321598053,3.9704337120056152,4.333333492279053
DeformationEnergy,20.0,val,33,72,0.71158367395401,3.9775025844573975,4.363636493682861
DeformationEnergy,20.0,val,33,72,0.7375655174255371,3.981841564178467,4.363636493682861
DeformationEnergy,20.0,val,33,72,0.7615638375282288,3.9985647201538086,4.363636493682861
DeformationEnergy,20.0,val,33,72,0.7836948037147522,4.001653671264648,4.363636493682861
DeformationEnergy,20.0,val,37,83,0.7171071767807007,4.010720729827881,4.486486434936523
DeformationEnergy,20.0,val,37,83,0.7372570037841797,3.994070053100586,4.486486434936523
DeformationEnergy,20.0,val,37,83,0.760535478591919,4.000507354736328,4.486486434936523
DeformationEnergy,20.0,val,37,83,0.7850571274757385,4.012255668640137,4.486486434936523
DeformationEnergy,20.0,val,37,83,0.8115578293800354,4.027338027954102,4.486486434936523
DeformationEnergy,20.0,val,40,91,0.7764149904251099,4.0406389236450195,4.550000190734863
DeformationEnergy,20.0,val,40,91,0.8061973452568054,4.030703544616699,4.550000190734863
DeformationEnergy,20.0,val,40,91,0.832062840461731,4.033936023712158,4.550000190734863
DeformationEnergy,20.0,val,40,91,0.8545166850090027,4.034722328186035,4.550000190734863
DeformationEnergy,20.0,val,40,91,0.8758684396743774,4.0356035232543945,4.550000190734863
DeformationEnergy,20.0,val,40,91,0.895869255065918,4.035504341125488,4.550000190734863
DeformationEnergy,20.0,val,40,91,0.912955105304718,4.033791542053223,4.550000190734863
DeformationEnergy,20.0,val,40,91,0.9270015954971313,4.03102445602417,4.550000190734863
DeformationEnergy,20.0,val,43,100,0.8749693036079407,4.0000505447387695,4.651162624359131
DeformationEnergy,20.0,val,43,101,0.8914885520935059,3.9891443252563477,4.69767427444458
DeformationEnergy,20.0,val,43,101,0.9061626195907593,3.972399950027466,4.69767427444458
DeformationEnergy,20.0,val,43,101,0.9158570170402527,3.964087963104248,4.69767427444458
DeformationEnergy,20.0,val,43,101,0.9247561693191528,3.9613022804260254,4.69767427444458
DeformationEnergy,20.0,val,47,111,0.8534005284309387,3.9610891342163086,4.723404407501221
DeformationEnergy,20.0,val,53,128,0.7633151412010193,3.9425899982452393,4.830188751220703
DeformationEnergy,20.0,val,58,140,0.7041332721710205,3.9337944984436035,4.8275861740112305
DeformationEnergy,20.0,val,58,140,0.7129108905792236,3.919654130935669,4.8275861740112305
DeformationEnergy,20.0,val,58,140,0.724382221698761,3.9215970039367676,4.8275861740112305
DeformationEnergy,20.0,val,58,140,0.736038863658905,3.9280526638031006,4.8275861740112305
DeformationEnergy,20.0,val,65,158,0.6670832633972168,3.9685120582580566,4.861538410186768
DeformationEnergy,20.0,val,65,158,0.6768682599067688,3.9386935234069824,4.861538410186768
DeformationEnergy,20.0,val,65,158,0.6892061829566956,3.9162580966949463,4.861538410186768
DeformationEnergy,20.0,val,65,158,0.7039139866828918,3.9078218936920166,4.861538410186768
DeformationEnergy,20.0,val,65,158,0.7205166220664978,3.9133498668670654,4.861538410186768
DeformationEnergy,20.0,val,70,170,0.6841804385185242,3.9323835372924805,4.857142925262451
DeformationEnergy,20.0,val,70,170,0.7031782269477844,3.931199312210083,4.857142925262451
DeformationEnergy,20.0,val,70,170,0.7233363389968872,3.9316842555999756,4.857142925262451
DeformationEnergy,20.0,val,70,170,0.7432291507720947,3.9329187870025635,4.857142925262451
DeformationEnergy,20.0,val,70,170,0.7634692788124084,3.9352657794952393,4.857142925262451
DeformationEnergy,20.0,val,70,170,0.7836511135101318,3.9380946159362793,4.857142925262451
DeformationEnergy,20.0,val,70,170,0.8031666278839111,3.9420828819274902,4.857142925262451
DeformationEnergy,20.0,val,70,170,0.8210321068763733,3.946965217590332,4.857142925262451
DeformationEnergy,20.0,val,73,178,0.8022899031639099,3.9470725059509277,4.876712322235107
DeformationEnergy,20.0,val,73,178,0.8153361678123474,3.9496943950653076,4.876712322235107
DeformationEnergy,20.0,val,73,178,0.8218494057655334,3.952761650085449,4.876712322235107
DeformationEnergy,30.0,val,6,9,0.8660253882408142,3.722419500350952,3.0
DeformationEnergy,30.0,val,6,9,0.9423947930335999,3.7347567081451416,3.0
DeformationEnergy,30.0,val,7,11,0.8147770762443542,3.877549409866333,3.142857074737549
DeformationEnergy,30.0,val,8,13,0.7313172817230225,3.8808248043060303,3.25
DeformationEnergy,30.0,val,9,15,0.6802796721458435,3.8975839614868164,3.3333332538604736
DeformationEnergy,30.0,val,9,15,0.7188360691070557,3.877293586730957,3.3333332538604736
DeformationEnergy,30.0,val,9,15,0.7578355669975281,3.875636577606201,3.3333332538604736
DeformationEnergy,30.0,val,9,15,0.7932473421096802,3.8763818740844727,3.3333332538604736
DeformationEnergy,30.0,val,10,17,0.7430545687675476,3.9054763317108154,3.4000000953674316
DeformationEnergy,30.0,val,10,17,0.7822533845901489,3.8824329376220703,3.4000000953674316
DeformationEnergy,30.0,val,10,17,0.8225501179695129,3.8788466453552246,3.4000000953674316
DeformationEnergy,30.0,val,10,17,0.8628365397453308,3.8786673545837402,3.4000000953674316
DeformationEnergy,30.0,val,10,17,0.9013202786445618,3.878849506378174,3.4000000953674316
DeformationEnergy,30.0,val,11,19,0.8467336893081665,3.9310667514801025,3.454545497894287
DeformationEnergy,30.0,val,11,19,0.8687329888343811,3.8923838138580322,3.454545497894287
DeformationEnergy,30.0,val,11,19,0.8871675133705139,3.8788743019104004,3.454545497894287
DeformationEnergy,30.0,val,11,19,0.905592679977417,3.871279001235962,3.454545497894287
DeformationEnergy,30.0,val,11,19,0.9240085482597351,3.8657920360565186,3.454545497894287
DeformationEnergy,30.0,val,11,19,0.94195157289505,3.861623525619507,3.454545497894287
DeformationEnergy,30.0,val,11,19,0.9513514041900635,3.855743646621704,3.454545497894287
DeformationEnergy,30.0,val,11,19,0.9605758190155029,3.850618839263916,3.454545497894287
DeformationEnergy,30.0,val,12,21,0.8927190899848938,3.868556261062622,3.5
DeformationEnergy,30.0,val,12,21,0.9094104766845703,3.85094952583313,3.5
DeformationEnergy,30.0,val,12,21,0.9234957098960876,3.8429715633392334,3.5
DeformationEnergy,30.0,val,12,21,0.9319799542427063,3.8376777172088623,3.5
DeformationEnergy,30.0,val,12,21,0.940457284450531,3.8340187072753906,3.5
DeformationEnergy,30.0,val,14,27,0.8132954239845276,3.8918986320495605,3.857142925262451
DeformationEnergy,30.0,val,16,32,0.7297870516777039,3.85760498046875,4.0
DeformationEnergy,30.0,val,18,37,0.6805474162101746,3.855682849884033,4.111111164093018
DeformationEnergy,30.0,val,18,37,0.7195878028869629,3.8348684310913086,4.111111164093018
DeformationEnergy,30.0,val,18,37,0.7586576342582703,3.8282978534698486,4.111111164093018
DeformationEnergy,30.0,val,18,37,0.7939581274986267,3.8255834579467773,4.111111164093018
DeformationEnergy,30.0,val,20,42,0.7437087297439575,3.897883176803589,4.199999809265137
DeformationEnergy,30.0,val,20,42,0.7824705243110657,3.8465168476104736,4.199999809265137
DeformationEnergy,30.0,val,20,42,0.8222450017929077,3.836930751800537,4.199999809265137
DeformationEnergy,30.0,val,20,42,0.8609384298324585,3.838594436645508,4.199999809265137
DeformationEnergy,30.0,val,20,42,0.8984416723251343,3.848191738128662,4.199999809265137
DeformationEnergy,30.0,val,22,46,0.8437759876251221,3.9090583324432373,4.181818008422852
DeformationEnergy,30.0,val,22,46,0.86653733253479,3.8964836597442627,4.181818008422852
DeformationEnergy,30.0,val,22,46,0.8847689032554626,3.896512508392334,4.181818008422852
DeformationEnergy,30.0,val,22,46,0.9029819965362549,3.900466203689575,4.181818008422852
DeformationEnergy,30.0,val,22,46,0.9211940765380859,3.9054465293884277,4.181818008422852
DeformationEnergy,30.0,val,22,46,0.9390806555747986,3.910393714904785,4.181818008422852
DeformationEnergy,30.0,val,22,46,0.9488990902900696,3.908550500869751,4.181818008422852
DeformationEnergy,30.0,val,22,46,0.9582569599151611,3.9071385860443115,4.181818008422852
DeformationEnergy,30.0,val,24,51,0.8906370997428894,3.9104251861572266,4.25
DeformationEnergy,30.0,val,24,51,0.9073576927185059,3.8989574909210205,4.25
DeformationEnergy,30.0,val,24,51,0.9215251803398132,3.8932292461395264,4.25
DeformationEnergy,30.0,val,24,51,0.9299313426017761,3.888401985168457,4.25
DeformationEnergy,30.0,val,24,51,0.9383904933929443,3.88512921333313,4.25
DeformationEnergy,30.0,val,27,59,0.8413435816764832,3.938793659210205,4.370370388031006
DeformationEnergy,30.0,val,30,65,0.7712956070899963,3.975409507751465,4.333333492279053
DeformationEnergy,30.0,val,33,72,0.7228956818580627,3.9852793216705322,4.363636493682861
DeformationEnergy,30.0,val,33,72,0.7497157454490662,3.992842674255371,4.363636493682861
DeformationEnergy,30.0,val,33,72,0.7755560874938965,4.005491256713867,4.363636493682861
DeformationEnergy,30.0,val,33,72,0.8004153370857239,4.001302719116211,4.363636493682861
DeformationEnergy,30.0,val,37,83,0.7339075207710266,4.014133453369141,4.486486434936523
DeformationEnergy,30.0,val,37,83,0.7566826343536377,3.9948067665100098,4.486486434936523
DeformationEnergy,30.0,val,37,83,0.7822397351264954,3.999079465866089,4.486486434936523
DeformationEnergy,30.0,val,37,83,0.8103340864181519,4.010381698608398,4.486486434936523
DeformationEnergy,30.0,val,37,84,0.8412702679634094,4.018637180328369,4.54054069519043
DeformationEnergy,30.0,val,40,91,0.8063510060310364,4.033988952636719,4.550000190734863
DeformationEnergy,30.0,val,40,91,0.8368124961853027,4.022332191467285,4.550000190734863
DeformationEnergy,30.0,val,40,91,0.8611467480659485,4.016839027404785,4.550000190734863
DeformationEnergy,30.0,val,40,91,0.8826969265937805,4.0140380859375,4.550000190734863
DeformationEnergy,30.0,val,40,91,0.9026168584823608,4.011748313903809,4.550000190734863
DeformationEnergy,30.0,val,40,91,0.9217230677604675,4.002819061279297,4.550000190734863
DeformationEnergy,30.0,val,40,91,0.9371170997619629,3.9937171936035156,4.550000190734863
DeformationEnergy,30.0,val,40,91,0.9494786262512207,3.988081455230713,4.550000190734863
DeformationEnergy,30.0,val,43,100,0.8959112763404846,3.963966131210327,4.651162624359131
DeformationEnergy,30.0,val,43,100,0.9107210040092468,3.95603346824646,4.651162624359131
DeformationEnergy,30.0,val,43,100,0.9235429763793945,3.9525146484375,4.651162624359131
DeformationEnergy,30.0,val,43,100,0.9317747354507446,3.9494500160217285,4.651162624359131
DeformationEnergy,30.0,val,43,100,0.9395143985748291,3.9464566707611084,4.651162624359131
DeformationEnergy,30.0,val,47,110,0.866315484046936,3.9438729286193848,4.680850982666016
DeformationEnergy,30.0,val,53,126,0.7751685380935669,3.957852840423584,4.754716873168945
DeformationEnergy,30.0,val,58,140,0.7180078029632568,3.934307336807251,4.8275861740112305
DeformationEnergy,30.0,val,58,140,0.7289134860038757,3.912371873855591,4.8275861740112305
DeformationEnergy,30.0,val,58,140,0.7429505586624146,3.9013733863830566,4.8275861740112305
DeformationEnergy,30.0,val,58,140,0.7572099566459656,3.902392625808716,4.8275861740112305
DeformationEnergy,30.0,val,64,156,0.6994325518608093,3.937356472015381,4.875
DeformationEnergy,30.0,val,64,156,0.712312638759613,3.9216806888580322,4.875
DeformationEnergy,30.0,val,64,156,0.7287216186523438,3.9275665283203125,4.875
DeformationEnergy,30.0,val,64,156,0.7477124333381653,3.925642967224121,4.875
DeformationEnergy,30.0,val,64,156,0.7686716318130493,3.9311816692352295,4.875
DeformationEnergy,30.0,val,69,168,0.7317555546760559,3.951857089996338,4.869565010070801
DeformationEnergy,30.0,val,69,168,0.7544307708740234,3.9511780738830566,4.869565010070801
DeformationEnergy,30.0,val,69,168,0.7772361636161804,3.954848527908325,4.869565010070801
DeformationEnergy,30.0,val,69,168,0.7994117140769958,3.955012559890747,4.869565010070801
DeformationEnergy,30.0,val,69,168,0.8210458755493164,3.9426791667938232,4.869565010070801
DeformationEnergy,30.0,val,69,168,0.8420838117599487,3.9410533905029297,4.869565010070801
DeformationEnergy,30.0,val,69,168,0.8610302805900574,3.944685459136963,4.869565010070801
DeformationEnergy,30.0,val,69,168,0.8687314987182617,3.9425675868988037,4.869565010070801
DeformationEnergy,50.0,test,6,9,0.8660253882408142,3.722419500350952,3.0
DeformationEnergy,50.0,test,6,9,0.9478293061256409,3.734889268875122,3.0
DeformationEnergy,50.0,test,7,11,0.8208140730857849,3.877166748046875,3.142857074737549
DeformationEnergy,50.0,test,8,13,0.7377983927726746,3.8821418285369873,3.25
DeformationEnergy,50.0,test,9,15,0.68802809715271,3.905850410461426,3.3333332538604736
DeformationEnergy,50.0,test,9,15,0.7268028259277344,3.88149356842041,3.3333332538604736
DeformationEnergy,50.0,test,9,15,0.7657668590545654,3.878753185272217,3.3333332538604736
DeformationEnergy,50.0,test,9,15,0.8009777069091797,3.878980875015259,3.3333332538604736
DeformationEnergy,50.0,test,10,17,0.7503944635391235,3.9074153900146484,3.4000000953674316
DeformationEnergy,50.0,test,10,17,0.7902551889419556,3.8843350410461426,3.4000000953674316
DeformationEnergy,50.0,test,10,17,0.8304342031478882,3.8805835247039795,3.4000000953674316
DeformationEnergy,50.0,test,10,17,0.8706060647964478,3.880218029022217,3.4000000953674316
DeformationEnergy,50.0,test,10,17,0.9087251424789429,3.88012957572937,3.4000000953674316
DeformationEnergy,50.0,test,11,19,0.8539987206459045,3.931724786758423,3.454545497894287
DeformationEnergy,50.0,test,11,19,0.8756560683250427,3.893232822418213,3.454545497894287
DeformationEnergy,50.0,test,11,19,0.8939881920814514,3.879685878753662,3.454545497894287
DeformationEnergy,50.0,test,11,19,0.9123150110244751,3.8720102310180664,3.454545497894287
DeformationEnergy,50.0,test,11,19,0.9306362271308899,3.866440773010254,3.454545497894287
DeformationEnergy,50.0,test,11,19,0.9483722448348999,3.8622567653656006,3.454545497894287
DeformationEnergy,50.0,test,11,19,0.9576091170310974,3.8562815189361572,3.454545497894287
DeformationEnergy,50.0,test,11,19,0.9667774438858032,3.8511130809783936,3.454545497894287
DeformationEnergy,50.0,test,12,21,0.89924556016922,3.8688697814941406,3.5
DeformationEnergy,50.0,test,12,21,0.9159338474273682,3.8514747619628906,3.5
DeformationEnergy,50.0,test,12,21,0.9298253059387207,3.8434810638427734,3.5
DeformationEnergy,50.0,test,12,21,0.9382489323616028,3.8381659984588623,3.5
DeformationEnergy,50.0,test,12,21,0.9466685652732849,3.8344762325286865,3.5
DeformationEnergy,50.0,test,14,27,0.8198772072792053,3.8919644355773926,3.857142925262451
DeformationEnergy,50.0,test,16,32,0.7367498874664307,3.8580076694488525,4.0
DeformationEnergy,50.0,test,18,37,0.6882978081703186,3.8554959297180176,4.111111164093018
DeformationEnergy,50.0,test,18,37,0.7272776365280151,3.8349554538726807,4.111111164093018
DeformationEnergy,50.0,test,18,37,0.7662785053253174,3.8284518718719482,4.111111164093018
DeformationEnergy,50.0,test,18,37,0.8014145493507385,3.825636148452759,4.111111164093018
DeformationEnergy,50.0,test,20,42,0.7507673501968384,3.8967056274414062,4.199999809265137
DeformationEnergy,50.0,test,20,42,0.7902576327323914,3.8467819690704346,4.199999809265137
DeformationEnergy,50.0,test,20,42,0.830081582069397,3.837597608566284,4.199999809265137
DeformationEnergy,50.0,test,20,42,0.8691630363464355,3.8405838012695312,4.199999809265137
DeformationEnergy,50.0,test,20,42,0.9069446325302124,3.8509109020233154,4.199999809265137
DeformationEnergy,50.0,test,22,46,0.8522800207138062,3.913681983947754,4.181818008422852
DeformationEnergy,50.0,test,22,46,0.874262273311615,3.899838924407959,4.181818008422852
DeformationEnergy,50.0,test,22,46,0.892473042011261,3.899399518966675,4.181818008422852
DeformationEnergy,50.0,test,22,46,0.9106783270835876,3.9032182693481445,4.181818008422852
DeformationEnergy,50.0,test,22,46,0.928885281085968,3.9080960750579834,4.181818008422852
DeformationEnergy,50.0,test,22,46,0.9466574192047119,3.9128355979919434,4.181818008422852
DeformationEnergy,50.0,test,22,46,0.9561086893081665,3.910637140274048,4.181818008422852
DeformationEnergy,50.0,test,22,46,0.965365469455719,3.909003257751465,4.181818008422852
DeformationEnergy,50.0,test,24,51,0.8979699015617371,3.912076711654663,4.25
DeformationEnergy,50.0,test,24,51,0.9146910309791565,3.900531053543091,4.25
DeformationEnergy,50.0,test,24,51,0.9286567568778992,3.894462823867798,4.25
DeformationEnergy,50.0,test,24,51,0.9370002746582031,3.889254331588745,4.25
DeformationEnergy,50.0,test,24,51,0.9453886151313782,3.8857545852661133,4.25
DeformationEnergy,50.0,test,27,59,0.8485217690467834,3.9362409114837646,4.370370388031006
DeformationEnergy,50.0,test,30,65,0.7796698212623596,3.955939769744873,4.333333492279053
DeformationEnergy,50.0,test,33,72,0.7329561114311218,3.96174955368042,4.363636493682861
DeformationEnergy,50.0,test,33,72,0.7607133388519287,3.9652183055877686,4.363636493682861
DeformationEnergy,50.0,test,33,72,0.7903707027435303,3.982273817062378,4.363636493682861
DeformationEnergy,50.0,test,33,72,0.8168483972549438,3.9953746795654297,4.363636493682861
DeformationEnergy,50.0,test,37,83,0.749548614025116,4.01445198059082,4.486486434936523
DeformationEnergy,50.0,test,37,83,0.7744362354278564,3.9961419105529785,4.486486434936523
DeformationEnergy,50.0,test,37,83,0.8037986159324646,4.004621505737305,4.486486434936523
DeformationEnergy,50.0,test,37,84,0.8361635208129883,4.013761043548584,4.54054069519043
DeformationEnergy,50.0,test,37,84,0.8695170283317566,4.028594017028809,4.54054069519043
DeformationEnergy,50.0,test,40,91,0.8339588046073914,4.046063423156738,4.550000190734863
DeformationEnergy,50.0,test,40,91,0.862369179725647,4.030343055725098,4.550000190734863
DeformationEnergy,50.0,test,40,91,0.8845993280410767,4.023370742797852,4.550000190734863
DeformationEnergy,50.0,test,40,91,0.9042015075683594,4.018780708312988,4.550000190734863
DeformationEnergy,50.0,test,40,91,0.9227588772773743,4.016039848327637,4.550000190734863
DeformationEnergy,50.0,test,40,91,0.9408035278320312,4.014708042144775,4.550000190734863
DeformationEnergy,50.0,test,40,91,0.9537075757980347,4.008622169494629,4.550000190734863
DeformationEnergy,50.0,test,40,91,0.963598370552063,4.000490665435791,4.550000190734863
DeformationEnergy,50.0,test,43,100,0.9082551002502441,3.97566294670105,4.651162624359131
DeformationEnergy,50.0,test,43,100,0.9227005839347839,3.9654715061187744,4.651162624359131
DeformationEnergy,50.0,test,43,101,0.9361181855201721,3.953056573867798,4.69767427444458
DeformationEnergy,50.0,test,43,101,0.943608820438385,3.945784091949463,4.69767427444458
DeformationEnergy,50.0,test,43,101,0.9507980942726135,3.9424850940704346,4.69767427444458
DeformationEnergy,50.0,test,47,110,0.8763774037361145,3.9612133502960205,4.680850982666016
DeformationEnergy,50.0,test,53,127,0.7848001718521118,3.9522757530212402,4.792452812194824
DeformationEnergy,50.0,test,58,139,0.726500928401947,3.9457640647888184,4.793103218078613
DeformationEnergy,50.0,test,58,139,0.7411783933639526,3.934691905975342,4.793103218078613
DeformationEnergy,50.0,test,58,139,0.7594379782676697,3.9370875358581543,4.793103218078613
DeformationEnergy,50.0,test,58,139,0.778387725353241,3.93048357963562,4.793103218078613
DeformationEnergy,50.0,test,65,158,0.71175217628479,3.9561843872070312,4.861538410186768
DeformationEnergy,50.0,test,65,158,0.7285427451133728,3.929135322570801,4.861538410186768
DeformationEnergy,50.0,test,65,158,0.7498050332069397,3.931351900100708,4.861538410186768
DeformationEnergy,50.0,test,65,158,0.773918092250824,3.92966890335083,4.861538410186768
DeformationEnergy,50.0,test,65,158,0.7999584674835205,3.9250776767730713,4.861538410186768
DeformationEnergy,50.0,test,70,170,0.7665920257568359,3.9363298416137695,4.857142925262451
DeformationEnergy,50.0,test,70,170,0.7938286662101746,3.9364981651306152,4.857142925262451
DeformationEnergy,50.0,test,70,170,0.819473385810852,3.939228057861328,4.857142925262451
DeformationEnergy,50.0,test,70,170,0.8437464237213135,3.945356607437134,4.857142925262451
DeformationEnergy,50.0,test,70,170,0.8568170666694641,3.953580617904663,4.857142925262451
DeformationEnergy,50.0,test,70,170,0.8571428656578064,3.954390287399292,4.857142925262451
Proliferation,0.1,train,6,9,0.8660253882408142,3.722419500350952,3.0
Proliferation,0.1,train,9,16,0.7469765543937683,3.924546480178833,3.555555582046509
Proliferation,0.1,train,10,18,0.8997061848640442,3.9185872077941895,3.5999999046325684
Proliferation,0.1,train,15,31,0.70853191614151,3.9334518909454346,4.133333206176758
Proliferation,0.1,train,18,38,0.774257242679596,3.973170280456543,4.222222328186035
Proliferation,0.1,train,23,52,0.7304810285568237,4.03366756439209,4.5217390060424805
Proliferation,0.1,train,28,65,0.661744236946106,4.048068523406982,4.642857074737549
Proliferation,0.1,train,35,82,0.6082080602645874,4.041238307952881,4.685714244842529
Proliferation,0.1,train,49,119,0.4906219244003296,4.011158466339111,4.857142925262451
Proliferation,0.1,train,54,133,0.4882158935070038,4.027936935424805,4.9259257316589355
Proliferation,0.1,train,73,179,0.4083203673362732,4.026044845581055,4.904109477996826
Proliferation,0.1,train,86,214,0.3720948398113251,4.0331525802612305,4.976744174957275
Proliferation,0.1,train,93,235,0.38276106119155884,4.009038925170898,5.053763389587402
Proliferation,0.1,train,125,324,0.3045463263988495,3.985398530960083,5.184000015258789
Proliferation,0.1,train,137,357,0.2987244427204132,3.9756388664245605,5.211678981781006
Proliferation,0.1,train,162,420,0.27363699674606323,4.002950191497803,5.185184955596924
Proliferation,0.1,train,190,497,0.2443687468767166,4.0224432945251465,5.231578826904297
Proliferation,0.1,train,207,542,0.24513284862041473,4.01077127456665,5.236714839935303
Proliferation,0.1,train,215,562,0.24678198993206024,4.00463342666626,5.227907180786133
Proliferation,0.1,train,254,667,0.2211703509092331,3.9918744564056396,5.2519683837890625
Proliferation,0.1,train,253,667,0.23372040688991547,3.9905636310577393,5.2727274894714355
Proliferation,0.1,train,280,737,0.21418578922748566,4.0168046951293945,5.264285564422607
Proliferation,0.2,train,6,9,0.8660253882408142,3.722419500350952,3.0
Proliferation,0.2,train,8,13,0.7342527508735657,3.912775754928589,3.25
Proliferation,0.2,train,9,16,0.7783445715904236,3.9036614894866943,3.555555582046509
Proliferation,0.2,train,10,18,0.826434314250946,3.9187748432159424,3.5999999046325684
Proliferation,0.2,train,10,18,0.9202443957328796,3.8869080543518066,3.5999999046325684
Proliferation,0.2,train,11,20,0.8986368775367737,3.8806495666503906,3.6363637447357178
Proliferation,0.2,train,15,31,0.7370086908340454,3.8919551372528076,4.133333206176758
Proliferation,0.2,train,16,33,0.8169804215431213,3.9006190299987793,4.125
Proliferation,0.2,train,18,37,0.8235979676246643,3.9511239528656006,4.111111164093018
Proliferation,0.2,train,20,42,0.8118501901626587,4.006965637207031,4.199999809265137
Proliferation,0.2,train,22,47,0.796875,3.980304718017578,4.2727274894714355
Proliferation,0.2,train,26,57,0.7244002819061279,3.979072093963623,4.384615421295166
Proliferation,0.2,train,28,62,0.7071961164474487,4.007864475250244,4.4285712242126465
Proliferation,0.2,train,31,69,0.6941556334495544,4.068721771240234,4.451612949371338
Proliferation,0.2,train,35,81,0.6768513321876526,4.0451436042785645,4.628571510314941
Proliferation,0.2,train,45,107,0.5675176978111267,4.035792350769043,4.755555629730225
Proliferation,0.2,train,48,116,0.5675404667854309,3.9938342571258545,4.833333492279053
Proliferation,0.2,train,53,127,0.5349956750869751,4.0146989822387695,4.792452812194824
Proliferation,0.2,train,53,128,0.569604218006134,3.9773738384246826,4.830188751220703
Proliferation,0.2,train,57,138,0.5756089091300964,3.9593746662139893,4.842105388641357
Proliferation,0.2,train,71,173,0.48868727684020996,3.9847962856292725,4.873239517211914
Proliferation,0.2,train,75,182,0.48552992939949036,3.9799182415008545,4.853333473205566
Proliferation,0.2,train,83,203,0.45355895161628723,3.9877591133117676,4.891566276550293
Proliferation,0.2,train,83,203,0.4824627935886383,3.9872164726257324,4.891566276550293
Proliferation,0.2,train,89,219,0.48228055238723755,4.005642890930176,4.9213480949401855
Proliferation,0.2,train,112,285,0.39958858489990234,3.985710382461548,5.089285850524902
Proliferation,0.2,train,120,308,0.38675621151924133,3.9785969257354736,5.133333206176758
Proliferation,0.2,train,131,335,0.36431726813316345,3.994354486465454,5.114503860473633
Proliferation,0.2,train,131,335,0.3838898241519928,3.9988300800323486,5.114503860473633
Proliferation,0.2,train,139,357,0.3814069330692291,4.0019426345825195,5.136690616607666
Proliferation,0.2,train,170,440,0.3216327130794525,4.053720474243164,5.176470756530762
Proliferation,0.2,train,179,464,0.3137996196746826,4.005457401275635,5.184357643127441
Proliferation,0.2,train,196,509,0.29435107111930847,3.986323833465576,5.193877696990967
Proliferation,0.2,train,208,542,0.28783440589904785,3.9912452697753906,5.211538314819336
Proliferation,0.33,train,6,9,0.8660253882408142,3.722419500350952,3.0
Proliferation,0.33,train,8,13,0.6980660557746887,3.9442250728607178,3.25
Proliferation,0.33,train,9,15,0.6983317136764526,3.915557861328125,3.3333332538604736
Proliferation,0.33,train,10,18,0.7241371273994446,3.947148561477661,3.5999999046325684
Proliferation,0.33,train,10,18,0.8476608395576477,3.9221549034118652,3.5999999046325684
Proliferation,0.33,train,11,20,0.8482120633125305,3.902219533920288,3.6363637447357178
Proliferation,0.33,train,11,20,0.9065027832984924,3.870652675628662,3.6363637447357178
Proliferation,0.33,train,12,22,0.861068069934845,3.8974525928497314,3.6666667461395264
Proliferation,0.33,train,12,23,0.9019322395324707,3.8480441570281982,3.8333332538604736
Proliferation,0.33,train,16,33,0.6988399028778076,3.9186935424804688,4.125
Proliferation,0.33,train,17,36,0.7384545803070068,3.887423276901245,4.235294342041016
Proliferation,0.33,train,18,38,0.7803778052330017,3.893165111541748,4.222222328186035
Proliferation,0.33,train,18,38,0.8662349581718445,3.86852765083313,4.222222328186035
Proliferation,0.33,train,20,43,0.8342543840408325,3.9009010791778564,4.300000190734863
Proliferation,0.33,train,20,43,0.8831861615180969,3.8985023498535156,4.300000190734863
Proliferation,0.33,train,22,47,0.8374763131141663,3.9307210445404053,4.2727274894714355
Proliferation,0.33,train,22,47,0.8773994445800781,3.914367914199829,4.2727274894714355
Proliferation,0.33,train,30,68,0.6643235683441162,3.982421398162842,4.5333333015441895
Proliferation,0.33,train,30,68,0.6910569071769714,3.9376096725463867,4.5333333015441895
Proliferation,0.33,train,32,73,0.6705611944198608,3.947875738143921,4.5625
Proliferation,0.33,train,32,73,0.7019252777099609,3.9565658569335938,4.5625
Proliferation,0.33,train,35,80,0.6792762875556946,3.9925763607025146,4.5714287757873535
Proliferation,0.33,train,35,80,0.7292146682739258,4.025062561035156,4.5714287757873535
Proliferation,0.33,train,39,93,0.6948577165603638,4.008448123931885,4.769230842590332
Proliferation,0.33,train,39,93,0.7377433776855469,3.9825892448425293,4.769230842590332
Proliferation,0.33,train,50,119,0.602894127368927,3.991326093673706,4.760000228881836
Proliferation,0.33,train,50,119,0.628553032875061,3.9686412811279297,4.760000228881836
Proliferation,0.33,train,53,126,0.6103208065032959,3.975006580352783,4.754716873168945
Proliferation,0.33,train,57,135,0.581818699836731,3.9842002391815186,4.736842155456543
Proliferation,0.33,train,57,135,0.6057837009429932,3.964284896850586,4.736842155456543
Proliferation,0.33,train,57,135,0.6366976499557495,3.9658942222595215,4.736842155456543
Proliferation,0.33,train,62,149,0.6148507595062256,3.982130527496338,4.806451797485352
Proliferation,0.33,train,62,149,0.6391018033027649,3.9729573726654053,4.806451797485352
Proliferation,0.33,train,81,203,0.5062565803527832,3.9872512817382812,5.012345790863037
Proliferation,0.33,train,81,203,0.5238631963729858,3.9667391777038574,5.012345790863037
Proliferation,0.33,train,86,217,0.5067790746688843,3.975008249282837,5.046511650085449
Proliferation,0.33,train,94,240,0.47256314754486084,3.9723360538482666,5.106382846832275
Proliferation,0.33,train,94,240,0.48666560649871826,3.9444966316223145,5.106382846832275
Proliferation,0.33,train,94,240,0.506105363368988,3.9511168003082275,5.106382846832275
Proliferation,0.33,train,102,260,0.48670196533203125,3.959970474243164,5.098039150238037
Proliferation,0.33,train,102,260,0.5041590332984924,3.948429822921753,5.098039150238037
Proliferation,0.33,train,125,317,0.42324116826057434,3.96592378616333,5.072000026702881
Proliferation,0.33,train,125,317,0.4353977143764496,3.943589925765991,5.072000026702881
Proliferation,0.33,train,133,339,0.41945451498031616,3.946279525756836,5.097744464874268
Proliferation,0.33,train,144,366,0.39475786685943604,3.9749133586883545,5.083333492279053
Proliferation,0.33,train,144,366,0.4056367576122284,3.9559102058410645,5.083333492279053
Proliferation,0.33,train,144,366,0.4142865836620331,3.9607043266296387,5.083333492279053
Proliferation,0.33,train,157,403,0.3820858299732208,3.9809341430664062,5.133758068084717
Proliferation,0.33,train,157,403,0.3821656107902527,3.965731382369995,5.133758068084717
Proliferation,0.5,train,6,9,0.8660253882408142,3.722419500350952,3.0
Proliferation,0.5,train,7,11,0.7882450819015503,3.868325710296631,3.142857074737549
Proliferation,0.5,train,9,15,0.6379292607307434,3.91910719871521,3.3333332538604736
Proliferation,0.5,train,9,15,0.705879807472229,3.894436836242676,3.3333332538604736
Proliferation,0.5,train,10,18,0.6988200545310974,3.9565367698669434,3.5999999046325684
Proliferation,0.5,train,10,18,0.7722468972206116,3.9166972637176514,3.5999999046325684
Proliferation,0.5,train,10,18,0.853870689868927,3.912158250808716,3.5999999046325684
Proliferation,0.5,train,11,20,0.8283585906028748,3.9236464500427246,3.6363637447357178
Proliferation,0.5,train,11,20,0.8672854900360107,3.8912622928619385,3.6363637447357178
Proliferation,0.5,train,11,20,0.9049879312515259,3.874797821044922,3.6363637447357178
Proliferation,0.5,train,11,20,0.9272165894508362,3.860462188720703,3.6363637447357178
Proliferation,0.5,train,12,22,0.8735735416412354,3.882438898086548,3.6666667461395264
Proliferation,0.5,train,12,22,0.8986243605613708,3.861785650253296,3.6666667461395264
Proliferation,0.5,train,14,28,0.7839521765708923,3.8856091499328613,4.0
Proliferation,0.5,train,17,35,0.6743696928024292,3.9052622318267822,4.117647171020508
Proliferation,0.5,train,17,35,0.7379577159881592,3.856504440307617,4.117647171020508
Proliferation,0.5,train,18,38,0.7568698525428772,3.8499646186828613,4.222222328186035
Proliferation,0.5,train,18,38,0.8187265396118164,3.8230831623077393,4.222222328186035
Proliferation,0.5,train,18,38,0.881263256072998,3.8295106887817383,4.222222328186035
Proliferation,0.5,train,20,42,0.8294596672058105,3.8731818199157715,4.199999809265137
Proliferation,0.5,train,20,42,0.8615916967391968,3.865520477294922,4.199999809265137
Proliferation,0.5,train,20,42,0.8920282125473022,3.868704319000244,4.199999809265137
Proliferation,0.5,train,20,42,0.9171541333198547,3.867490291595459,4.199999809265137
Proliferation,0.5,train,21,44,0.8963921070098877,3.8850300312042236,4.190476417541504
Proliferation,0.5,train,21,44,0.9155945777893066,3.876944065093994,4.190476417541504
Proliferation,0.5,train,23,49,0.8450294137001038,3.914361000061035,4.26086950302124
Proliferation,0.5,train,29,63,0.6811083555221558,3.972989797592163,4.344827651977539
Proliferation,0.5,train,29,63,0.7129809856414795,3.97137451171875,4.344827651977539
Proliferation,0.5,train,31,69,0.6932962536811829,3.9923527240753174,4.451612949371338
Proliferation,0.5,train,31,69,0.7186102271080017,3.989393472671509,4.451612949371338
Proliferation,0.5,train,31,69,0.750428318977356,3.9978365898132324,4.451612949371338
Proliferation,0.5,train,35,79,0.6970992684364319,4.003844738006592,4.514285564422607
Proliferation,0.5,train,35,79,0.7368016839027405,3.990100860595703,4.514285564422607
Proliferation,0.5,train,35,79,0.7753604054450989,3.9911129474639893,4.514285564422607
Proliferation,0.5,train,35,79,0.8123966455459595,3.994443655014038,4.514285564422607
Proliferation,0.5,train,37,85,0.8004385828971863,3.9744346141815186,4.594594478607178
Proliferation,0.5,train,37,85,0.8288605213165283,3.9658355712890625,4.594594478607178
Proliferation,0.5,train,41,95,0.7661162614822388,3.9569597244262695,4.634146213531494
Proliferation,0.5,train,51,123,0.6286207437515259,3.939598321914673,4.823529243469238
Proliferation,0.5,train,51,123,0.6402804851531982,3.924145460128784,4.823529243469238
Proliferation,0.5,train,54,131,0.6166322231292725,3.944422721862793,4.851851940155029
Proliferation,0.5,train,54,131,0.628812313079834,3.9361817836761475,4.851851940155029
Proliferation,0.5,train,54,131,0.6432904005050659,3.926055431365967,4.851851940155029
Proliferation,0.5,train,60,146,0.5935794115066528,3.9341180324554443,4.866666793823242
Proliferation,0.5,train,60,146,0.6166880130767822,3.930793285369873,4.866666793823242
Proliferation,0.5,train,60,146,0.6431949138641357,3.9414076805114746,4.866666793823242
Proliferation,0.5,train,60,146,0.671095073223114,3.9458768367767334,4.866666793823242
Proliferation,0.5,train,63,154,0.6642379760742188,3.9558916091918945,4.888888835906982
Proliferation,0.5,train,63,154,0.686765193939209,3.9593427181243896,4.888888835906982
Proliferation,0.5,train,68,168,0.6527402400970459,3.992802381515503,4.941176414489746
Proliferation,0.5,train,83,206,0.5476616621017456,3.989687919616699,4.963855266571045
Proliferation,0.5,train,83,206,0.5597243309020996,3.9615120887756348,4.963855266571045
Proliferation,0.5,train,88,219,0.5381075143814087,3.97468638420105,4.9772725105285645
Proliferation,0.5,train,88,219,0.5467464327812195,3.950143575668335,4.9772725105285645
Proliferation,0.5,train,88,219,0.5551021099090576,3.9568793773651123,4.9772725105285645
Proliferation,0.5,train,97,241,0.5112920999526978,3.980943441390991,4.969072341918945
Proliferation,0.5,train,97,241,0.5250934958457947,3.971039056777954,4.969072341918945
Proliferation,0.5,train,97,241,0.5401673316955566,3.9671058654785156,4.969072341918945
Proliferation,0.5,train,97,241,0.5573763251304626,3.9631152153015137,4.969072341918945
Proliferation,0.5,train,100,249,0.5578600168228149,3.9684441089630127,4.980000019073486
Proliferation,0.5,train,100,249,0.5730600357055664,3.968376398086548,4.980000019073486
Proliferation,0.5,train,107,268,0.5465071201324463,3.9727160930633545,5.009346008300781
Proliferation,0.5,train,131,336,0.45433491468429565,3.980868101119995,5.129770755767822
Proliferation,0.5,train,131,336,0.4569593369960785,3.9512007236480713,5.129770755767822
Proliferation,0.75,train,6,9,0.8660253882408142,3.722419500350952,3.0
Proliferation,0.75,train,6,9,0.9175582528114319,3.7339560985565186,3.0
Proliferation,0.75,train,7,11,0.796962320804596,3.829179048538208,3.142857074737549
Proliferation,0.75,train,9,15,0.6408464312553406,3.8943378925323486,3.3333332538604736
Proliferation,0.75,train,9,15,0.6878915429115295,3.8751089572906494,3.3333332538604736
Proliferation,0.75,train,9,15,0.7388733625411987,3.8768413066864014,3.3333332538604736
Proliferation,0.75,train,10,18,0.7056065201759338,3.946383237838745,3.5999999046325684
Proliferation,0.75,train,10,18,0.7536153197288513,3.9033024311065674,3.5999999046325684
Proliferation,0.75,train,10,18,0.8077881932258606,3.8970444202423096,3.5999999046325684
Proliferation,0.75,train,10,18,0.861250102519989,3.8973472118377686,3.5999999046325684
Proliferation,0.75,train,11,20,0.818082869052887,3.919468879699707,3.6363637447357178
Proliferation,0.75,train,11,20,0.8457348346710205,3.894392490386963,3.6363637447357178
Proliferation,0.75,train,11,20,0.8708922863006592,3.8827927112579346,3.6363637447357178
Proliferation,0.75,train,11,20,0.8957212567329407,3.8750803470611572,3.6363637447357178
Proliferation,0.75,train,11,20,0.9160476326942444,3.8682122230529785,3.6363637447357178
Proliferation,0.75,train,11,20,0.9287466406822205,3.8611373901367188,3.6363637447357178
Proliferation,0.75,train,12,23,0.8663229942321777,3.8680059909820557,3.8333332538604736
Proliferation,0.75,train,12,23,0.8889551758766174,3.848165273666382,3.8333332538604736
Proliferation,0.75,train,12,23,0.9019448161125183,3.835609197616577,3.8333332538604736
Proliferation,0.75,train,12,23,0.9134973883628845,3.8271005153656006,3.8333332538604736
Proliferation,0.75,train,14,29,0.7957099676132202,3.859405040740967,4.142857074737549
Proliferation,0.75,train,17,36,0.6804518103599548,3.858152389526367,4.235294342041016
Proliferation,0.75,train,17,36,0.7253785133361816,3.835697889328003,4.235294342041016
Proliferation,0.75,train,17,36,0.7709717750549316,3.830850839614868,4.235294342041016
Proliferation,0.75,train,18,38,0.7653135061264038,3.8504621982574463,4.222222328186035
Proliferation,0.75,train,18,38,0.8050469756126404,3.8374905586242676,4.222222328186035
Proliferation,0.75,train,18,38,0.8469519019126892,3.843189239501953,4.222222328186035
Proliferation,0.75,train,18,38,0.8882830142974854,3.8560993671417236,4.222222328186035
Proliferation,0.75,train,20,42,0.8263002634048462,3.913012742996216,4.199999809265137
Proliferation,0.75,train,20,42,0.8489679098129272,3.8959765434265137,4.199999809265137
Proliferation,0.75,train,20,42,0.8700743913650513,3.8909759521484375,4.199999809265137
Proliferation,0.75,train,20,42,0.8910754323005676,3.8888192176818848,4.199999809265137
Proliferation,0.75,train,20,42,0.909889817237854,3.8871045112609863,4.199999809265137
Proliferation,0.75,train,20,42,0.9244918823242188,3.8851780891418457,4.199999809265137
Proliferation,0.75,train,21,44,0.8940201997756958,3.8982834815979004,4.190476417541504
Proliferation,0.75,train,21,44,0.9135962724685669,3.889944553375244,4.190476417541504
Proliferation,0.75,train,21,44,0.9223781824111938,3.8835971355438232,4.190476417541504
Proliferation,0.75,train,21,44,0.9293637275695801,3.8798763751983643,4.190476417541504
Proliferation,0.75,train,24,51,0.8179590106010437,3.9102137088775635,4.25
Proliferation,0.75,train,29,63,0.6954089999198914,3.933516025543213,4.344827651977539
Proliferation,0.75,train,29,63,0.7290395498275757,3.9150590896606445,4.344827651977539
Proliferation,0.75,train,29,63,0.7612559199333191,3.9203405380249023,4.344827651977539
Proliferation,0.75,train,31,70,0.7402647137641907,3.929157018661499,4.516129016876221
Proliferation,0.75,train,31,70,0.7651594877243042,3.914621114730835,4.516129016876221
Proliferation,0.75,train,31,70,0.7904227375984192,3.9174957275390625,4.516129016876221
Proliferation,0.75,train,31,70,0.8130940198898315,3.925172805786133,4.516129016876221
Proliferation,0.75,train,35,81,0.7405151128768921,3.9335594177246094,4.628571510314941
Proliferation,0.75,train,35,81,0.7677733898162842,3.918893814086914,4.628571510314941
Proliferation,0.75,train,35,81,0.7943024039268494,3.9168901443481445,4.628571510314941
Proliferation,0.75,train,35,81,0.8208968043327332,3.9194509983062744,4.628571510314941
Proliferation,0.75,train,35,81,0.8454071283340454,3.922028064727783,4.628571510314941
Proliferation,0.75,train,35,81,0.8675960302352905,3.9243173599243164,4.628571510314941
Proliferation,0.75,train,37,86,0.8400327563285828,3.9276535511016846,4.648648738861084
Proliferation,0.75,train,37,86,0.8616101145744324,3.9263503551483154,4.648648738861084
Proliferation,0.75,train,37,86,0.8757120370864868,3.926262855529785,4.648648738861084
Proliferation,0.75,train,37,86,0.8873003125190735,3.927656888961792,4.648648738861084
Proliferation,0.75,train,42,100,0.7909186482429504,3.9398090839385986,4.761904716491699
Proliferation,0.75,train,51,124,0.6583842635154724,3.9382190704345703,4.86274528503418
Proliferation,0.75,train,51,124,0.6658547520637512,3.9199209213256836,4.86274528503418
Proliferation,0.75,train,51,124,0.6756109595298767,3.918658494949341,4.86274528503418
Proliferation,0.75,train,53,129,0.6596406102180481,3.929015874862671,4.867924690246582
Proliferation,0.75,train,53,129,0.6694449186325073,3.913531541824341,4.867924690246582
Proliferation,0.75,train,53,129,0.6807796359062195,3.9110052585601807,4.867924690246582
Proliferation,0.75,train,53,129,0.6944817304611206,3.9150853157043457,4.867924690246582
Proliferation,0.75,train,59,143,0.6356471180915833,3.932222604751587,4.847457408905029
Proliferation,0.75,train,59,143,0.653410017490387,3.9126012325286865,4.847457408905029
Proliferation,0.75,train,59,143,0.6732539534568787,3.909775972366333,4.847457408905029
Proliferation,0.75,train,59,143,0.6939641833305359,3.9142305850982666,4.847457408905029
Proliferation,0.75,train,59,143,0.7152147889137268,3.9208383560180664,4.847457408905029
Proliferation,0.75,train,59,143,0.7364118099212646,3.927056312561035,4.847457408905029
Proliferation,0.75,train,62,150,0.7193880677223206,3.94380521774292,4.838709831237793
Proliferation,0.75,train,62,150,0.7391160726547241,3.946117877960205,4.838709831237793
Proliferation,0.75,train,62,150,0.754477858543396,3.9499826431274414,4.838709831237793
Proliferation,0.75,train,62,150,0.7678430676460266,3.955448865890503,4.838709831237793
Proliferation,0.75,train,70,171,0.6912895441055298,3.9731533527374268,4.885714054107666
Proliferation,0.75,train,83,204,0.5919713377952576,3.9805264472961426,4.91566276550293
Proliferation,0.75,train,83,204,0.600526750087738,3.9553487300872803,4.91566276550293
Proliferation,0.75,train,83,204,0.6086428761482239,3.951948404312134,4.91566276550293
Proliferation,0.75,train,86,212,0.5943288803100586,3.959758758544922,4.930232524871826
Proliferation,0.75,train,86,212,0.6008560061454773,3.953150510787964,4.930232524871826
Proliferation,0.75,train,86,212,0.6073204874992371,3.9600770473480225,4.930232524871826
Proliferation,0.75,train,86,212,0.6142351627349854,3.965265989303589,4.930232524871826
Proliferation,0.75,train,95,235,0.5611502528190613,3.971492052078247,4.947368621826172
Proliferation,0.75,train,95,235,0.5707142949104309,3.95149827003479,4.947368621826172
Proliferation,0.75,train,95,235,0.5819901823997498,3.9463908672332764,4.947368621826172
Proliferation,0.75,train,95,235,0.5942661762237549,3.9507603645324707,4.947368621826172
Proliferation,0.75,train,95,235,0.6074271202087402,3.95369291305542,4.947368621826172
Proliferation,0.75,train,95,235,0.61976158618927,3.9545280933380127,4.947368621826172
Proliferation,0.75,train,100,249,0.5962647199630737,3.971403121948242,4.980000019073486
Proliferation,0.75,train,100,249,0.5990898609161377,3.9725213050842285,4.980000019073486
Proliferation,0.75,train,100,249,0.5994855761528015,3.9717679023742676,4.980000019073486
Proliferation,0.75,train,100,249,0.5998576879501343,3.9723522663116455,4.980000019073486
Proliferation,0.75,train,111,280,0.5405405163764954,3.979954957962036,5.045044898986816
Proliferation,1.1,train,6,9,0.8660253882408142,3.722419500350952,3.0
Proliferation,1.1,train,6,9,0.9145601391792297,3.734370470046997,3.0
Proliferation,1.1,train,7,11,0.7887768149375916,3.8954832553863525,3.142857074737549
Proliferation,1.1,train,7,11,0.7992033362388611,3.8081767559051514,3.142857074737549
Proliferation,1.1,train,9,15,0.6337645053863525,3.872080087661743,3.3333332538604736
Proliferation,1.1,train,9,15,0.6989589333534241,3.8370869159698486,3.3333332538604736
Proliferation,1.1,train,9,15,0.7344587445259094,3.836989402770996,3.3333332538604736
Proliferation,1.1,train,9,15,0.7658889293670654,3.837388038635254,3.3333332538604736
Proliferation,1.1,train,10,17,0.7139945030212402,3.8632216453552246,3.4000000953674316
Proliferation,1.1,train,10,17,0.7852513790130615,3.8449840545654297,3.4000000953674316
Proliferation,1.1,train,10,17,0.8223657608032227,3.8448994159698486,3.4000000953674316
Proliferation,1.1,train,10,17,0.859338641166687,3.845646381378174,3.4000000953674316
Proliferation,1.1,train,11,19,0.8061014413833618,3.917559862136841,3.454545497894287
Proliferation,1.1,train,11,19,0.845690131187439,3.8540570735931396,3.454545497894287
Proliferation,1.1,train,11,19,0.8629063963890076,3.8468856811523438,3.454545497894287
Proliferation,1.1,train,11,19,0.8801013827323914,3.842257499694824,3.454545497894287
Proliferation,1.1,train,11,19,0.8972662091255188,3.838926076889038,3.454545497894287
Proliferation,1.1,train,11,19,0.9220392107963562,3.832294225692749,3.454545497894287
Proliferation,1.1,train,11,19,0.9307264685630798,3.828909397125244,3.454545497894287
Proliferation,1.1,train,12,21,0.8602390289306641,3.8482837677001953,3.5
Proliferation,1.1,train,12,21,0.8750538229942322,3.830904960632324,3.5
Proliferation,1.1,train,12,21,0.8986557126045227,3.819939374923706,3.5
Proliferation,1.1,train,12,21,0.9066236615180969,3.8171539306640625,3.5
Proliferation,1.1,train,12,21,0.9145688414573669,3.8152122497558594,3.5
Proliferation,1.1,train,14,26,0.7884787321090698,3.862734079360962,3.7142856121063232
Proliferation,1.1,train,18,36,0.651470422744751,3.8628625869750977,4.0
Proliferation,1.1,train,18,36,0.6859610676765442,3.846059560775757,4.0
Proliferation,1.1,train,18,36,0.7211839556694031,3.8416714668273926,4.0
Proliferation,1.1,train,18,36,0.7540598511695862,3.8412458896636963,4.0
Proliferation,1.1,train,20,41,0.7328891158103943,3.8577983379364014,4.099999904632568
Proliferation,1.1,train,20,41,0.7692075967788696,3.8505706787109375,4.099999904632568
Proliferation,1.1,train,20,41,0.8060943484306335,3.850764751434326,4.099999904632568
Proliferation,1.1,train,20,41,0.8419437408447266,3.85432767868042,4.099999904632568
Proliferation,1.1,train,22,46,0.8171215057373047,3.9056341648101807,4.181818008422852
Proliferation,1.1,train,22,46,0.8377085328102112,3.8765556812286377,4.181818008422852
Proliferation,1.1,train,22,46,0.8549752831459045,3.8634095191955566,4.181818008422852
Proliferation,1.1,train,22,46,0.8718133568763733,3.8609914779663086,4.181818008422852
Proliferation,1.1,train,22,46,0.8884744048118591,3.861090898513794,4.181818008422852
Proliferation,1.1,train,22,46,0.9167619347572327,3.862276315689087,4.181818008422852
Proliferation,1.1,train,22,46,0.9254796504974365,3.8610999584198,4.181818008422852
Proliferation,1.1,train,23,48,0.8927845358848572,3.873547315597534,4.17391300201416
Proliferation,1.1,train,23,48,0.9040313363075256,3.855731248855591,4.17391300201416
Proliferation,1.1,train,23,48,0.9240570068359375,3.846792221069336,4.17391300201416
Proliferation,1.1,train,23,48,0.9283447265625,3.843982219696045,4.17391300201416
Proliferation,1.1,train,23,48,0.9325522780418396,3.841993808746338,4.17391300201416
Proliferation,1.1,train,26,56,0.8268897533416748,3.8846969604492188,4.307692527770996
Proliferation,1.1,train,32,71,0.6888067722320557,3.8845934867858887,4.4375
Proliferation,1.1,train,32,71,0.7099790573120117,3.8736369609832764,4.4375
Proliferation,1.1,train,32,71,0.7330065965652466,3.879439353942871,4.4375
Proliferation,1.1,train,32,71,0.7533000707626343,3.887892723083496,4.4375
Proliferation,1.1,train,36,82,0.6982958912849426,3.9183435440063477,4.55555534362793
Proliferation,1.1,train,36,83,0.716916024684906,3.8988113403320312,4.611111164093018
Proliferation,1.1,train,36,83,0.7363888621330261,3.898930549621582,4.611111164093018
Proliferation,1.1,train,36,83,0.7569619417190552,3.9068586826324463,4.611111164093018
Proliferation,1.1,train,39,89,0.7326151728630066,3.9562549591064453,4.564102649688721
Proliferation,1.1,train,39,89,0.753531277179718,3.950910806655884,4.564102649688721
Proliferation,1.1,train,39,89,0.773239254951477,3.940349817276001,4.564102649688721
Proliferation,1.1,train,39,89,0.7930099964141846,3.932260036468506,4.564102649688721
Proliferation,1.1,train,39,89,0.8313940763473511,3.9389710426330566,4.564102649688721
Proliferation,1.1,train,39,89,0.8498262166976929,3.94399094581604,4.564102649688721
Proliferation,1.1,train,39,89,0.8656991720199585,3.9468047618865967,4.564102649688721
Proliferation,1.1,train,39,89,0.8797279000282288,3.948943614959717,4.564102649688721
Proliferation,1.1,train,41,94,0.8630838990211487,3.956583261489868,4.5853657722473145
Proliferation,1.1,train,41,94,0.8762955069541931,3.954176425933838,4.5853657722473145
Proliferation,1.1,train,41,94,0.8849475979804993,3.9508681297302246,4.5853657722473145
Proliferation,1.1,train,41,94,0.8928124308586121,3.9487390518188477,4.5853657722473145
Proliferation,1.1,train,45,105,0.8265527486801147,3.935382127761841,4.666666507720947
Proliferation,1.1,train,55,131,0.6807420253753662,3.93696665763855,4.763636589050293
Proliferation,1.1,train,55,131,0.6852339506149292,3.9079253673553467,4.763636589050293
Proliferation,1.1,train,55,131,0.6908476948738098,3.901319742202759,4.763636589050293
Proliferation,1.1,train,55,131,0.6980138421058655,3.9012088775634766,4.763636589050293
Proliferation,1.1,train,59,142,0.6639634966850281,3.918794870376587,4.813559532165527
Proliferation,1.1,train,59,143,0.670343816280365,3.9065401554107666,4.847457408905029
Proliferation,1.1,train,59,143,0.6785826683044434,3.8971307277679443,4.847457408905029
Proliferation,1.1,train,59,143,0.6884858012199402,3.8885550498962402,4.847457408905029
Proliferation,1.1,train,59,143,0.7113768458366394,3.8990628719329834,4.847457408905029
Proliferation,1.1,train,65,158,0.6555681228637695,3.9111790657043457,4.861538410186768
Proliferation,1.1,train,65,158,0.6698287725448608,3.908695697784424,4.861538410186768
Proliferation,1.1,train,65,158,0.684646725654602,3.91060471534729,4.861538410186768
Proliferation,1.1,train,65,158,0.7147889733314514,3.922659397125244,4.861538410186768
Proliferation,1.1,train,65,158,0.730373203754425,3.9309301376342773,4.861538410186768
Proliferation,1.1,train,65,158,0.7455447316169739,3.936345338821411,4.861538410186768
Proliferation,1.1,train,65,158,0.7605575323104858,3.941619396209717,4.861538410186768
Proliferation,1.1,train,67,163,0.7646070122718811,3.9510912895202637,4.865671634674072
Proliferation,1.1,train,67,163,0.778182864189148,3.951873779296875,4.865671634674072
Proliferation,1.1,train,67,163,0.788887083530426,3.9540300369262695,4.865671634674072
Proliferation,1.1,train,67,163,0.7977319359779358,3.9566810131073,4.865671634674072
Proliferation,1.1,train,72,174,0.7574851512908936,3.955378532409668,4.833333492279053
Proliferation,1.1,train,80,195,0.6881648898124695,3.9505820274353027,4.875
Proliferation,1.1,train,87,211,0.6383929252624512,3.9416937828063965,4.850574493408203
Proliferation,1.1,train,87,211,0.6433973908424377,3.9338879585266113,4.850574493408203
Proliferation,1.1,train,87,211,0.6533822417259216,3.9357850551605225,4.850574493408203
Proliferation,1.1,train,87,211,0.6581884026527405,3.9418671131134033,4.850574493408203
Proliferation,1.1,train,93,226,0.6201758980751038,3.9546902179718018,4.860215187072754
Proliferation,1.1,train,93,226,0.624383270740509,3.9596896171569824,4.860215187072754
Proliferation,1.1,train,93,226,0.6325796246528625,3.980914354324341,4.860215187072754
Proliferation,1.1,train,93,226,0.635836660861969,3.992671251296997,4.860215187072754
Proliferation,1.1,train,103,251,0.5760291218757629,4.011255741119385,4.873786449432373
Proliferation,1.1,train,103,251,0.5787503719329834,3.999575614929199,4.873786449432373
Proliferation,1.1,train,103,251,0.5820178985595703,4.006552696228027,4.873786449432373
Proliferation,1.25,train,6,9,0.8660253882408142,3.722419500350952,3.0
Proliferation,1.25,train,6,9,0.9137915968894958,3.734485626220703,3.0
Proliferation,1.25,train,6,9,0.9205458760261536,3.740112543106079,3.0
Proliferation,1.25,train,8,13,0.7061631679534912,3.8455650806427,3.25
Proliferation,1.25,train,9,15,0.6449536085128784,3.847020149230957,3.3333332538604736
Proliferation,1.25,train,9,15,0.6751196384429932,3.8340988159179688,3.3333332538604736
Proliferation,1.25,train,9,15,0.7375742793083191,3.8301992416381836,3.3333332538604736
Proliferation,1.25,train,9,15,0.7651464939117432,3.8303117752075195,3.3333332538604736
Proliferation,1.25,train,10,17,0.7383466362953186,3.8408303260803223,3.4000000953674316
Proliferation,1.25,train,10,17,0.7708945274353027,3.836596727371216,3.4000000953674316
Proliferation,1.25,train,10,17,0.8035510182380676,3.835608720779419,3.4000000953674316
Proliferation,1.25,train,10,17,0.8675645589828491,3.835951328277588,3.4000000953674316
Proliferation,1.25,train,11,19,0.8087800741195679,3.890873670578003,3.454545497894287
Proliferation,1.25,train,11,19,0.8441820740699768,3.8439178466796875,3.454545497894287
Proliferation,1.25,train,11,19,0.8593389391899109,3.8378641605377197,3.454545497894287
Proliferation,1.25,train,11,19,0.874485194683075,3.8339011669158936,3.454545497894287
Proliferation,1.25,train,11,19,0.9047052264213562,3.8291571140289307,3.454545497894287
Proliferation,1.25,train,11,19,0.9163500070571899,3.827078342437744,3.454545497894287
Proliferation,1.25,train,11,19,0.9317121505737305,3.8224008083343506,3.454545497894287
Proliferation,1.25,train,12,21,0.8595490455627441,3.837444305419922,3.5
Proliferation,1.25,train,12,21,0.8725902438163757,3.823181390762329,3.5
Proliferation,1.25,train,12,21,0.8959977626800537,3.814589738845825,3.5
Proliferation,1.25,train,12,21,0.9030299782752991,3.812471389770508,3.5
Proliferation,1.25,train,12,21,0.9170147776603699,3.8101532459259033,3.5
Proliferation,1.25,train,14,26,0.7894624471664429,3.85516619682312,3.7142856121063232
Proliferation,1.25,train,16,31,0.7031500339508057,3.8596384525299072,3.875
Proliferation,1.25,train,18,36,0.6769630908966064,3.84794020652771,4.0
Proliferation,1.25,train,18,36,0.7081167697906494,3.840426445007324,4.0
Proliferation,1.25,train,18,36,0.7663527727127075,3.8368518352508545,4.0
Proliferation,1.25,train,20,41,0.7119439840316772,3.890537738800049,4.099999904632568
Proliferation,1.25,train,20,41,0.7385386228561401,3.8573825359344482,4.099999904632568
Proliferation,1.25,train,20,41,0.8031694293022156,3.850817918777466,4.099999904632568
Proliferation,1.25,train,20,41,0.8353252410888672,3.852886199951172,4.099999904632568
Proliferation,1.25,train,22,45,0.8071555495262146,3.919106960296631,4.090909004211426
Proliferation,1.25,train,22,45,0.8265068531036377,3.8944756984710693,4.090909004211426
Proliferation,1.25,train,22,45,0.8420228362083435,3.8881280422210693,4.090909004211426
Proliferation,1.25,train,22,45,0.8718642592430115,3.8892571926116943,4.090909004211426
Proliferation,1.25,train,22,45,0.8863891363143921,3.8917839527130127,4.090909004211426
Proliferation,1.25,train,22,45,0.9009832739830017,3.8944716453552246,4.090909004211426
Proliferation,1.25,train,22,45,0.9208027124404907,3.8946382999420166,4.090909004211426
Proliferation,1.25,train,22,45,0.9284698963165283,3.893935203552246,4.090909004211426
Proliferation,1.25,train,23,47,0.9051195383071899,3.891475200653076,4.08695650100708
Proliferation,1.25,train,23,47,0.9157379865646362,3.8884634971618652,4.08695650100708
Proliferation,1.25,train,23,47,0.922428548336029,3.885336399078369,4.08695650100708
Proliferation,1.25,train,23,47,0.9297653436660767,3.8797054290771484,4.08695650100708
Proliferation,1.25,train,23,47,0.9334825277328491,3.877790927886963,4.08695650100708
Proliferation,1.25,train,29,63,0.7501360177993774,3.922337532043457,4.344827651977539
Proliferation,1.25,train,32,71,0.6914874315261841,3.91648006439209,4.4375
Proliferation,1.25,train,32,71,0.7115141749382019,3.909377336502075,4.4375
Proliferation,1.25,train,32,71,0.7487493753433228,3.91869854927063,4.4375
Proliferation,1.25,train,32,71,0.7650210857391357,3.927245855331421,4.4375
Proliferation,1.25,train,35,79,0.7293129563331604,3.928598403930664,4.514285564422607
Proliferation,1.25,train,35,79,0.7468957901000977,3.925790309906006,4.514285564422607
Proliferation,1.25,train,35,79,0.7648701667785645,3.929985761642456,4.514285564422607
Proliferation,1.25,train,35,79,0.8019331693649292,3.9451115131378174,4.514285564422607
Proliferation,1.25,train,39,89,0.7340021133422852,3.972602367401123,4.564102649688721
Proliferation,1.25,train,39,90,0.7763863801956177,3.922138214111328,4.615384578704834
Proliferation,1.25,train,39,90,0.7946942448616028,3.919421911239624,4.615384578704834
Proliferation,1.25,train,39,90,0.8121102452278137,3.9220142364501953,4.615384578704834
Proliferation,1.25,train,39,90,0.8455708622932434,3.9297828674316406,4.615384578704834
Proliferation,1.25,train,39,90,0.8610830903053284,3.932903289794922,4.615384578704834
Proliferation,1.25,train,39,90,0.8871178030967712,3.935281276702881,4.615384578704834
Proliferation,1.25,train,41,96,0.8548988699913025,3.933997869491577,4.682926654815674
Proliferation,1.25,train,41,96,0.8690709471702576,3.9281842708587646,4.682926654815674
Proliferation,1.25,train,41,96,0.8930478096008301,3.9250600337982178,4.682926654815674
Proliferation,1.25,train,41,96,0.8995352983474731,3.923079252243042,4.682926654815674
Proliferation,1.25,train,41,96,0.9110224843025208,3.9198129177093506,4.682926654815674
Proliferation,1.25,train,45,106,0.834712564945221,3.9238054752349854,4.711111068725586
Proliferation,1.25,train,50,119,0.7548572421073914,3.9271881580352783,4.760000228881836
Proliferation,1.25,train,56,136,0.6827081441879272,3.9103164672851562,4.857142925262451
Proliferation,1.25,train,56,136,0.6888694763183594,3.9069576263427734,4.857142925262451
Proliferation,1.25,train,56,136,0.6963852047920227,3.907166004180908,4.857142925262451
Proliferation,1.25,train,61,150,0.6523240804672241,3.9358859062194824,4.918032646179199
Proliferation,1.25,train,61,150,0.6582484841346741,3.9201064109802246,4.918032646179199
Proliferation,1.25,train,61,150,0.6741716861724854,3.922886610031128,4.918032646179199
Proliferation,1.25,train,61,150,0.6841829419136047,3.9249155521392822,4.918032646179199
Proliferation,1.25,train,61,150,0.694853663444519,3.9276084899902344,4.918032646179199
Proliferation,1.25,train,67,165,0.6523247361183167,3.9418771266937256,4.925373077392578
Proliferation,1.25,train,67,165,0.6665059328079224,3.938814163208008,4.925373077392578
Proliferation,1.25,train,67,165,0.6939920783042908,3.943772554397583,4.925373077392578
Proliferation,1.25,train,67,165,0.7079149484634399,3.9429891109466553,4.925373077392578
Proliferation,1.25,train,67,165,0.7220719456672668,3.946481227874756,4.925373077392578
Proliferation,1.25,train,67,165,0.7506198883056641,3.9335806369781494,4.925373077392578
Proliferation,1.25,train,67,165,0.7643687725067139,3.933739423751831,4.925373077392578
Proliferation,1.25,train,69,171,0.7656962275505066,3.918821096420288,4.956521511077881
Proliferation,1.25,train,69,171,0.7780246734619141,3.9168386459350586,4.956521511077881
Proliferation,1.25,train,69,171,0.7885181307792664,3.916672945022583,4.956521511077881
Proliferation,1.25,train,69,171,0.8040816187858582,3.9090416431427,4.956521511077881
Proliferation,1.25,train,69,171,0.8112274408340454,3.9047045707702637,4.956521511077881
Proliferation,1.25,train,83,203,0.6852510571479797,3.9336488246917725,4.891566276550293
Proliferation,1.25,train,90,219,0.6364420652389526,3.935882329940796,4.866666793823242
Proliferation,1.25,train,90,219,0.639893114566803,3.933767080307007,4.866666793823242
Proliferation,1.25,train,90,219,0.6469308733940125,3.939216375350952,4.866666793823242
Proliferation,1.25,train,90,219,0.6503522396087646,3.946108341217041,4.866666793823242
Proliferation,1.25,train,96,233,0.6146276593208313,3.9598801136016846,4.854166507720947
Proliferation,1.25,train,96,233,0.6167868971824646,3.9616477489471436,4.854166507720947
Proliferation,1.25,train,96,233,0.6192461848258972,3.959042549133301,4.854166507720947
Proliferation,1.25,train,96,233,0.6227753758430481,3.971935510635376,4.854166507720947
Proliferation,1.25,train,105,255,0.5700042843818665,3.975817918777466,4.857142925262451
Proliferation,1.25,train,105,255,0.5714285969734192,3.9703516960144043,4.857142925262451
Proliferation,1.5,val,6,9,0.8660253882408142,3.722419500350952,3.0
Proliferation,1.5,val,6,9,0.9128535389900208,3.7346293926239014,3.0
Proliferation,1.5,val,7,11,0.7871283292770386,3.8490562438964844,3.142857074737549
Proliferation,1.5,val,7,11,0.7989892363548279,3.7958929538726807,3.142857074737549
Proliferation,1.5,val,9,15,0.64633709192276,3.836786985397339,3.3333332538604736
Proliferation,1.5,val,9,15,0.671760082244873,3.826481819152832,3.3333332538604736
Proliferation,1.5,val,9,15,0.7244375348091125,3.8212203979492188,3.3333332538604736
Proliferation,1.5,val,9,15,0.7491984963417053,3.821089029312134,3.3333332538604736
Proliferation,1.5,val,10,17,0.7129019498825073,3.852055311203003,3.4000000953674316
Proliferation,1.5,val,10,17,0.7355024814605713,3.8302719593048096,3.4000000953674316
Proliferation,1.5,val,10,17,0.7898386120796204,3.8239123821258545,3.4000000953674316
Proliferation,1.5,val,10,17,0.8170278668403625,3.8234360218048096,3.4000000953674316
Proliferation,1.5,val,10,17,0.8699566125869751,3.823349714279175,3.4000000953674316
Proliferation,1.5,val,11,19,0.8086071014404297,3.8783950805664062,3.454545497894287
Proliferation,1.5,val,11,19,0.8383244872093201,3.833768606185913,3.454545497894287
Proliferation,1.5,val,11,19,0.8636190295219421,3.824833869934082,3.454545497894287
Proliferation,1.5,val,11,19,0.8762505054473877,3.8225440979003906,3.454545497894287
Proliferation,1.5,val,11,19,0.9014308452606201,3.8202931880950928,3.454545497894287
Proliferation,1.5,val,11,19,0.9136318564414978,3.819983720779419,3.454545497894287
Proliferation,1.5,val,11,19,0.9267913699150085,3.8174993991851807,3.454545497894287
Proliferation,1.5,val,11,19,0.9331503510475159,3.8174993991851807,3.454545497894287
Proliferation,1.5,val,12,21,0.8697941303253174,3.81628680229187,3.5
Proliferation,1.5,val,12,21,0.881186306476593,3.8124170303344727,3.5
Proliferation,1.5,val,12,21,0.8988441824913025,3.809269666671753,3.5
Proliferation,1.5,val,12,21,0.9046947360038757,3.8086612224578857,3.5
Proliferation,1.5,val,12,21,0.916339099407196,3.8084137439727783,3.5
Proliferation,1.5,val,14,26,0.7853512763977051,3.869720935821533,3.7142856121063232
Proliferation,1.5,val,18,36,0.6298465728759766,3.941527843475342,4.0
Proliferation,1.5,val,18,36,0.6487795114517212,3.8637895584106445,4.0
Proliferation,1.5,val,18,36,0.6995978355407715,3.8368425369262695,4.0
Proliferation,1.5,val,18,36,0.7502079606056213,3.834584951400757,4.0
Proliferation,1.5,val,18,36,0.7727817893028259,3.835686683654785,4.0
Proliferation,1.5,val,20,40,0.7339812517166138,3.871870517730713,4.0
Proliferation,1.5,val,20,40,0.7608540654182434,3.8675498962402344,4.0
Proliferation,1.5,val,20,40,0.8151281476020813,3.868284225463867,4.0
Proliferation,1.5,val,20,40,0.8417933583259583,3.8694748878479004,4.0
Proliferation,1.5,val,22,45,0.8067265152931213,3.9489212036132812,4.090909004211426
Proliferation,1.5,val,22,45,0.822756826877594,3.908055305480957,4.090909004211426
Proliferation,1.5,val,22,45,0.8490176796913147,3.8911378383636475,4.090909004211426
Proliferation,1.5,val,22,45,0.8612745404243469,3.8898000717163086,4.090909004211426
Proliferation,1.5,val,22,45,0.8859412670135498,3.8914802074432373,4.090909004211426
Proliferation,1.5,val,22,45,0.8982401490211487,3.8932387828826904,4.090909004211426
Proliferation,1.5,val,22,45,0.9170620441436768,3.8952157497406006,4.090909004211426
Proliferation,1.5,val,22,45,0.9296018481254578,3.895510673522949,4.090909004211426
Proliferation,1.5,val,23,47,0.8940297961235046,3.905535936355591,4.08695650100708
Proliferation,1.5,val,23,47,0.911526620388031,3.893197536468506,4.08695650100708
Proliferation,1.5,val,23,47,0.9202454686164856,3.89154314994812,4.08695650100708
Proliferation,1.5,val,23,47,0.9269457459449768,3.8863327503204346,4.08695650100708
Proliferation,1.5,val,23,47,0.9300022721290588,3.8845317363739014,4.08695650100708
Proliferation,1.5,val,26,55,0.8256609439849854,3.895294666290283,4.230769157409668
Proliferation,1.5,val,26,55,0.832270622253418,3.878919839859009,4.230769157409668
Proliferation,1.5,val,32,70,0.694783091545105,3.8914709091186523,4.375
Proliferation,1.5,val,32,70,0.7132960557937622,3.881992816925049,4.375
Proliferation,1.5,val,32,70,0.75046706199646,3.8907203674316406,4.375
Proliferation,1.5,val,32,70,0.7673772573471069,3.8985416889190674,4.375
Proliferation,1.5,val,36,82,0.7104318141937256,3.9396069049835205,4.55555534362793
Proliferation,1.5,val,36,82,0.7269192337989807,3.9093141555786133,4.55555534362793
Proliferation,1.5,val,36,82,0.762638509273529,3.911374092102051,4.55555534362793
Proliferation,1.5,val,36,82,0.7962910532951355,3.918671131134033,4.55555534362793
Proliferation,1.5,val,36,82,0.8137661814689636,3.926151752471924,4.55555534362793
Proliferation,1.5,val,40,91,0.7582994699478149,3.9463653564453125,4.550000190734863
Proliferation,1.5,val,40,91,0.774303138256073,3.941338300704956,4.550000190734863
Proliferation,1.5,val,40,91,0.8038867115974426,3.9405808448791504,4.550000190734863
Proliferation,1.5,val,40,91,0.8176635503768921,3.9421515464782715,4.550000190734863
Proliferation,1.5,val,40,91,0.8444436192512512,3.948230743408203,4.550000190734863
Proliferation,1.5,val,40,91,0.8577435612678528,3.9519588947296143,4.550000190734863
Proliferation,1.5,val,40,91,0.8809087872505188,3.9425978660583496,4.550000190734863
Proliferation,1.5,val,40,91,0.8910242319107056,3.9423346519470215,4.550000190734863
Proliferation,1.5,val,42,95,0.8671246767044067,3.943007230758667,4.523809432983398
Proliferation,1.5,val,42,95,0.8780926465988159,3.9405581951141357,4.523809432983398
Proliferation,1.5,val,42,95,0.8954459428787231,3.936528444290161,4.523809432983398
Proliferation,1.5,val,42,95,0.9056305885314941,3.930860996246338,4.523809432983398
Proliferation,1.5,val,42,95,0.9102485179901123,3.928335666656494,4.523809432983398
Proliferation,1.5,val,46,106,0.8391098976135254,3.9249427318573,4.6086955070495605
Proliferation,1.5,val,56,132,0.6921170353889465,3.9832534790039062,4.714285850524902
Proliferation,1.5,val,56,132,0.7006399035453796,3.930863618850708,4.714285850524902
Proliferation,1.5,val,56,132,0.7059027552604675,3.929784059524536,4.714285850524902
Proliferation,1.5,val,56,132,0.7185624241828918,3.935328245162964,4.714285850524902
Proliferation,1.5,val,56,132,0.7245255708694458,3.940424680709839,4.714285850524902
Proliferation,1.5,val,61,145,0.6761613488197327,3.956343650817871,4.754098415374756
Proliferation,1.5,val,61,145,0.6822917461395264,3.951829433441162,4.754098415374756
Proliferation,1.5,val,61,145,0.6980542540550232,3.952024459838867,4.754098415374756
Proliferation,1.5,val,61,145,0.7069583535194397,3.957009792327881,4.754098415374756
Proliferation,1.5,val,68,164,0.6509656310081482,4.007983207702637,4.823529243469238
Proliferation,1.5,val,68,164,0.6595448851585388,3.970167636871338,4.823529243469238
Proliferation,1.5,val,68,165,0.6844687461853027,3.9695801734924316,4.852941036224365
Proliferation,1.5,val,68,164,0.7089762687683105,3.979300022125244,4.823529243469238
Proliferation,1.5,val,68,164,0.7213124632835388,3.9847843647003174,4.823529243469238
Proliferation,1.5,val,68,164,0.7464512586593628,3.9931483268737793,4.823529243469238
Proliferation,1.5,val,68,164,0.7591164112091064,3.994536876678467,4.823529243469238
Proliferation,1.5,val,68,164,0.783569872379303,4.001275062561035,4.823529243469238
Proliferation,1.5,val,72,176,0.7495813369750977,3.996332883834839,4.888888835906982
Proliferation,1.5,val,72,176,0.7705610394477844,3.9964840412139893,4.888888835906982
Proliferation,1.5,val,72,176,0.7820417881011963,3.9985666275024414,4.888888835906982
Proliferation,1.5,val,72,176,0.7977249622344971,4.000904560089111,4.888888835906982
Proliferation,1.5,val,72,176,0.8044445514678955,4.003729820251465,4.888888835906982
Proliferation,1.5,val,78,191,0.7538025975227356,3.99640154838562,4.897435665130615
Proliferation,1.5,val,78,191,0.7584930658340454,3.991274356842041,4.897435665130615
Proliferation,1.5,val,91,222,0.6554715037345886,3.9714691638946533,4.879120826721191
Proliferation,1.5,val,91,222,0.658724844455719,3.978531837463379,4.879120826721191
Proliferation,1.75,val,6,9,0.8660253882408142,3.722419500350952,3.0
Proliferation,1.75,val,6,9,0.9121845364570618,3.7347352504730225,3.0
Proliferation,1.75,val,6,9,0.9219717979431152,3.7441489696502686,3.0
Proliferation,1.75,val,8,13,0.7010785341262817,3.870819568634033,3.25
Proliferation,1.75,val,9,15,0.6475179195404053,3.82887864112854,3.3333332538604736
Proliferation,1.75,val,9,15,0.6921747922897339,3.8173065185546875,3.3333332538604736
Proliferation,1.75,val,9,15,0.7150599360466003,3.8155479431152344,3.3333332538604736
Proliferation,1.75,val,9,15,0.7575384974479675,3.8144149780273438,3.3333332538604736
Proliferation,1.75,val,10,17,0.7142411470413208,3.844231128692627,3.4000000953674316
Proliferation,1.75,val,10,17,0.75689297914505,3.8175888061523438,3.4000000953674316
Proliferation,1.75,val,10,17,0.8035364151000977,3.8149685859680176,3.4000000953674316
Proliferation,1.75,val,10,17,0.8500739336013794,3.8146750926971436,3.4000000953674316
Proliferation,1.75,val,10,17,0.8718243837356567,3.81451678276062,3.4000000953674316
Proliferation,1.75,val,11,19,0.821078360080719,3.838866949081421,3.454545497894287
Proliferation,1.75,val,11,19,0.8451728224754333,3.8222768306732178,3.454545497894287
Proliferation,1.75,val,11,19,0.8668859004974365,3.8173940181732178,3.454545497894287
Proliferation,1.75,val,11,19,0.8885431289672852,3.8157942295074463,3.454545497894287
Proliferation,1.75,val,11,19,0.8992893695831299,3.8160059452056885,3.454545497894287
Proliferation,1.75,val,11,19,0.9179911017417908,3.8160805702209473,3.454545497894287
Proliferation,1.75,val,11,19,0.9289067983627319,3.8167877197265625,3.454545497894287
Proliferation,1.75,val,12,21,0.8587306141853333,3.8254129886627197,3.5
Proliferation,1.75,val,12,21,0.8776497840881348,3.8129899501800537,3.5
Proliferation,1.75,val,12,21,0.8957753777503967,3.8111040592193604,3.5
Proliferation,1.75,val,12,21,0.9007863998413086,3.8110294342041016,3.5
Proliferation,1.75,val,12,21,0.9107148051261902,3.8116683959960938,3.5
Proliferation,1.75,val,12,21,0.9205945134162903,3.8127992153167725,3.5
Proliferation,1.75,val,16,31,0.7000525593757629,3.9078712463378906,3.875
Proliferation,1.75,val,18,36,0.6497480869293213,3.858893871307373,4.0
Proliferation,1.75,val,18,36,0.671488344669342,3.8407347202301025,4.0
Proliferation,1.75,val,18,36,0.7158095240592957,3.8317298889160156,4.0
Proliferation,1.75,val,18,36,0.7578253149986267,3.831221580505371,4.0
Proliferation,1.75,val,20,40,0.7138848304748535,3.8937735557556152,4.0
Proliferation,1.75,val,20,40,0.7545498609542847,3.865023136138916,4.0
Proliferation,1.75,val,20,40,0.8009592294692993,3.8615334033966064,4.0
Proliferation,1.75,val,20,40,0.8242103457450867,3.8609306812286377,4.0
Proliferation,1.75,val,20,40,0.8690247535705566,3.859994411468506,4.0
Proliferation,1.75,val,22,44,0.8173951506614685,3.8853492736816406,4.0
Proliferation,1.75,val,22,44,0.841562032699585,3.879818916320801,4.0
Proliferation,1.75,val,22,44,0.8629888892173767,3.8794631958007812,4.0
Proliferation,1.75,val,22,44,0.8736644983291626,3.879737138748169,4.0
Proliferation,1.75,val,22,44,0.8949580788612366,3.880258798599243,4.0
Proliferation,1.75,val,22,44,0.9136245250701904,3.880971670150757,4.0
Proliferation,1.75,val,22,44,0.9245327115058899,3.8800368309020996,4.0
Proliferation,1.75,val,24,48,0.853858232498169,3.890728712081909,4.0
Proliferation,1.75,val,24,48,0.8727052807807922,3.876281499862671,4.0
Proliferation,1.75,val,24,48,0.8822970390319824,3.874281167984009,4.0
Proliferation,1.75,val,24,48,0.8956968188285828,3.871150016784668,4.0
Proliferation,1.75,val,24,48,0.9055497646331787,3.8691866397857666,4.0
Proliferation,1.75,val,24,48,0.915363609790802,3.8679025173187256,4.0
Proliferation,1.75,val,30,62,0.7419966459274292,3.9343998432159424,4.133333206176758
Proliferation,1.75,val,33,70,0.6814276576042175,3.926176071166992,4.242424011230469
Proliferation,1.75,val,33,70,0.7132359147071838,3.884938955307007,4.242424011230469
Proliferation,1.75,val,33,70,0.7489442825317383,3.8907554149627686,4.242424011230469
Proliferation,1.75,val,33,70,0.7790354490280151,3.9008076190948486,4.242424011230469
Proliferation,1.75,val,37,81,0.7164682149887085,3.9333579540252686,4.378378391265869
Proliferation,1.75,val,37,81,0.7444484829902649,3.9144439697265625,4.378378391265869
Proliferation,1.75,val,37,81,0.7596775889396667,3.9229302406311035,4.378378391265869
Proliferation,1.75,val,37,81,0.7906215190887451,3.941577434539795,4.378378391265869
Proliferation,1.75,val,37,81,0.8224322199821472,3.930084228515625,4.378378391265869
Proliferation,1.75,val,41,91,0.7666935920715332,3.9557948112487793,4.439024448394775
Proliferation,1.75,val,41,91,0.7978940010070801,3.937077522277832,4.439024448394775
Proliferation,1.75,val,41,91,0.811248779296875,3.9351308345794678,4.439024448394775
Proliferation,1.75,val,41,91,0.8365445137023926,3.93475604057312,4.439024448394775
Proliferation,1.75,val,41,91,0.8603712916374207,3.9352409839630127,4.439024448394775
Proliferation,1.75,val,41,91,0.8825660347938538,3.9354493618011475,4.439024448394775
Proliferation,1.75,val,41,91,0.8987141251564026,3.932152032852173,4.439024448394775
Proliferation,1.75,val,45,103,0.8307884931564331,3.9338533878326416,4.577777862548828
Proliferation,1.75,val,45,103,0.8405998945236206,3.9165446758270264,4.577777862548828
Proliferation,1.75,val,45,103,0.8618547320365906,3.9071922302246094,4.577777862548828
Proliferation,1.75,val,45,103,0.8766502141952515,3.9028265476226807,4.577777862548828
Proliferation,1.75,val,45,103,0.8874140381813049,3.899489402770996,4.577777862548828
Proliferation,1.75,val,45,103,0.897965669631958,3.897137403488159,4.577777862548828
Proliferation,1.75,val,49,113,0.8294966816902161,3.9164583683013916,4.612245082855225
Proliferation,1.75,val,58,137,0.7082266807556152,3.930701971054077,4.724137783050537
Proliferation,1.75,val,58,137,0.7207252979278564,3.914437770843506,4.724137783050537
Proliferation,1.75,val,58,137,0.7321678400039673,3.915065288543701,4.724137783050537
Proliferation,1.75,val,58,137,0.744154155254364,3.9121737480163574,4.724137783050537
Proliferation,1.75,val,63,151,0.6941948533058167,3.9256503582000732,4.7936506271362305
Proliferation,1.75,val,63,151,0.6982507705688477,3.9088351726531982,4.7936506271362305
Proliferation,1.75,val,63,151,0.708591878414154,3.9077796936035156,4.7936506271362305
Proliferation,1.75,val,63,151,0.7213519811630249,3.913512706756592,4.7936506271362305
Proliferation,1.75,val,63,151,0.7361903786659241,3.9174139499664307,4.7936506271362305
Proliferation,1.75,val,69,168,0.6853961944580078,3.9319820404052734,4.869565010070801
Proliferation,1.75,val,69,168,0.695396363735199,3.9224181175231934,4.869565010070801
Proliferation,1.75,val,69,168,0.716528058052063,3.9156928062438965,4.869565010070801
Proliferation,1.75,val,69,168,0.7378276586532593,3.908517599105835,4.869565010070801
Proliferation,1.75,val,69,168,0.7589945197105408,3.9114365577697754,4.869565010070801
Proliferation,1.75,val,69,168,0.7794952988624573,3.915313243865967,4.869565010070801
Proliferation,1.75,val,69,168,0.7992866635322571,3.91750168800354,4.869565010070801
Proliferation,1.75,val,69,168,0.8087422251701355,3.9187161922454834,4.869565010070801
Proliferation,1.75,val,74,181,0.768925666809082,3.924535036087036,4.891891956329346
Proliferation,1.75,val,74,181,0.7848161458969116,3.9238107204437256,4.891891956329346
Proliferation,1.75,val,74,181,0.796536922454834,3.928466796875,4.891891956329346
Proliferation,1.75,val,74,181,0.8029142618179321,3.936380386352539,4.891891956329346
Proliferation,1.75,val,74,181,0.8052830696105957,3.9362058639526367,4.891891956329346
Proliferation,1.75,val,80,197,0.7481170296669006,3.961634874343872,4.925000190734863
Proliferation,1.75,val,94,231,0.6377895474433899,3.9864280223846436,4.914893627166748
Proliferation,1.75,val,94,231,0.6380160450935364,3.952291965484619,4.914893627166748
Proliferation,1.75,val,94,231,0.6381613612174988,3.9561917781829834,4.914893627166748
Proliferation,1.75,val,94,231,0.6382910013198853,3.9649314880371094,4.914893627166748
Proliferation,2.0,test,6,9,0.8660253882408142,3.722419500350952,3.0
Proliferation,2.0,test,6,9,0.9159130454063416,3.7407655715942383,3.0
Proliferation,2.0,test,7,11,0.7866569757461548,3.8317363262176514,3.142857074737549
Proliferation,2.0,test,8,13,0.702755331993103,3.8469936847686768,3.25
Proliferation,2.0,test,9,15,0.6485636234283447,3.822648048400879,3.3333332538604736
Proliferation,2.0,test,9,15,0.6877720952033997,3.8130035400390625,3.3333332538604736
Proliferation,2.0,test,9,15,0.7278417944908142,3.810634136199951,3.3333332538604736
Proliferation,2.0,test,9,15,0.7639251351356506,3.8097262382507324,3.3333332538604736
Proliferation,2.0,test,10,17,0.7153265476226807,3.838714599609375,3.4000000953674316
Proliferation,2.0,test,10,17,0.7527410984039307,3.8120064735412598,3.4000000953674316
Proliferation,2.0,test,10,17,0.7935726046562195,3.8091952800750732,3.4000000953674316
Proliferation,2.0,test,10,17,0.8343052864074707,3.808767318725586,3.4000000953674316
Proliferation,2.0,test,10,17,0.8733605146408081,3.808642625808716,3.4000000953674316
Proliferation,2.0,test,11,19,0.8185014724731445,3.8394646644592285,3.454545497894287
Proliferation,2.0,test,11,19,0.8409652709960938,3.819136142730713,3.454545497894287
Proliferation,2.0,test,11,19,0.8600007891654968,3.8147568702697754,3.454545497894287
Proliferation,2.0,test,11,19,0.8789686560630798,3.813875675201416,3.454545497894287
Proliferation,2.0,test,11,19,0.8978345990180969,3.8150482177734375,3.454545497894287
Proliferation,2.0,test,11,19,0.9161207675933838,3.8162896633148193,3.454545497894287
Proliferation,2.0,test,11,19,0.925682783126831,3.818420171737671,3.454545497894287
Proliferation,2.0,test,11,19,0.9351411461830139,3.8197519779205322,3.454545497894287
Proliferation,2.0,test,12,21,0.866493284702301,3.81670880317688,3.5
Proliferation,2.0,test,12,21,0.8835561871528625,3.813699722290039,3.5
Proliferation,2.0,test,12,21,0.8979976773262024,3.813533067703247,3.5
Proliferation,2.0,test,12,21,0.9066670536994934,3.8146848678588867,3.5
Proliferation,2.0,test,12,21,0.9152755737304688,3.8162295818328857,3.5
Proliferation,2.0,test,14,26,0.786376953125,3.878754138946533,3.7142856121063232
Proliferation,2.0,test,16,31,0.7027048468589783,3.8991971015930176,3.875
Proliferation,2.0,test,18,35,0.6484569907188416,3.875260353088379,3.8888888359069824
Proliferation,2.0,test,18,35,0.6875364780426025,3.8609073162078857,3.8888888359069824
Proliferation,2.0,test,18,35,0.7272371053695679,3.857998847961426,3.8888888359069824
Proliferation,2.0,test,18,35,0.7628743052482605,3.8580639362335205,3.8888888359069824
Proliferation,2.0,test,20,39,0.7140923738479614,3.901393413543701,3.9000000953674316
Proliferation,2.0,test,20,39,0.7506596446037292,3.865596055984497,3.9000000953674316
Proliferation,2.0,test,20,39,0.7910988926887512,3.861970901489258,3.9000000953674316
Proliferation,2.0,test,20,39,0.8315518498420715,3.8618667125701904,3.9000000953674316
Proliferation,2.0,test,20,39,0.8705795407295227,3.8624446392059326,3.9000000953674316
Proliferation,2.0,test,22,43,0.8147534728050232,3.890883684158325,3.909090995788574
Proliferation,2.0,test,22,43,0.8371438384056091,3.8837099075317383,3.909090995788574
Proliferation,2.0,test,22,43,0.8559160828590393,3.882352352142334,3.909090995788574
Proliferation,2.0,test,22,43,0.8745968341827393,3.882188558578491,3.909090995788574
Proliferation,2.0,test,22,43,0.8932077288627625,3.8824493885040283,3.909090995788574
Proliferation,2.0,test,22,43,0.9113723635673523,3.8832311630249023,3.909090995788574
Proliferation,2.0,test,22,43,0.9211719036102295,3.8824410438537598,3.909090995788574
Proliferation,2.0,test,22,43,0.9306207299232483,3.882345676422119,3.909090995788574
Proliferation,2.0,test,24,47,0.8615708351135254,3.878255605697632,3.9166667461395264
Proliferation,2.0,test,24,47,0.8787032961845398,3.8713462352752686,3.9166667461395264
Proliferation,2.0,test,24,47,0.8931563496589661,3.868657350540161,3.9166667461395264
Proliferation,2.0,test,24,47,0.9016206860542297,3.866450548171997,3.9166667461395264
Proliferation,2.0,test,24,47,0.9101848602294922,3.865507125854492,3.9166667461395264
Proliferation,2.0,test,27,55,0.8141231536865234,3.881387948989868,4.0740742683410645
Proliferation,2.0,test,30,63,0.7459758520126343,3.9046037197113037,4.199999809265137
Proliferation,2.0,test,34,75,0.678548276424408,3.8843796253204346,4.411764621734619
Proliferation,2.0,test,34,75,0.7109174728393555,3.870650291442871,4.411764621734619
Proliferation,2.0,test,34,75,0.7439442873001099,3.8741893768310547,4.411764621734619
Proliferation,2.0,test,34,75,0.7730610966682434,3.882561683654785,4.411764621734619
Proliferation,2.0,test,38,87,0.7131520509719849,3.9174418449401855,4.5789475440979
Proliferation,2.0,test,38,87,0.7417752146720886,3.887871503829956,4.5789475440979
Proliferation,2.0,test,38,87,0.7719302177429199,3.893568277359009,4.5789475440979
Proliferation,2.0,test,38,87,0.8003430366516113,3.903909683227539,4.5789475440979
Proliferation,2.0,test,38,87,0.8298072814941406,3.91550612449646,4.5789475440979
Proliferation,2.0,test,41,93,0.7899110317230225,3.9416608810424805,4.536585330963135
Proliferation,2.0,test,41,93,0.8150530457496643,3.937852144241333,4.536585330963135
Proliferation,2.0,test,41,93,0.8358298540115356,3.929408311843872,4.536585330963135
Proliferation,2.0,test,41,94,0.8566836714744568,3.9191269874572754,4.5853657722473145
Proliferation,2.0,test,41,94,0.8758942484855652,3.9116899967193604,4.5853657722473145
Proliferation,2.0,test,41,94,0.8938620686531067,3.9107203483581543,4.5853657722473145
Proliferation,2.0,test,41,94,0.9082441329956055,3.89666748046875,4.5853657722473145
Proliferation,2.0,test,41,94,0.9195616245269775,3.89337158203125,4.5853657722473145
Proliferation,2.0,test,45,105,0.847777783870697,3.8769595623016357,4.666666507720947
Proliferation,2.0,test,45,105,0.8635661005973816,3.868198871612549,4.666666507720947
Proliferation,2.0,test,45,105,0.8775911331176758,3.865199089050293,4.666666507720947
Proliferation,2.0,test,45,105,0.8872185349464417,3.8626887798309326,4.666666507720947
Proliferation,2.0,test,45,105,0.8964865803718567,3.861020565032959,4.666666507720947
Proliferation,2.0,test,49,115,0.830920934677124,3.8840491771698,4.693877696990967
Proliferation,2.0,test,53,124,0.7776565551757812,3.9020771980285645,4.679245471954346
Proliferation,2.0,test,58,137,0.7210856080055237,3.884769916534424,4.724137783050537
Proliferation,2.0,test,58,137,0.7312901616096497,3.8787314891815186,4.724137783050537
Proliferation,2.0,test,58,137,0.7436341643333435,3.8819150924682617,4.724137783050537
Proliferation,2.0,test,58,137,0.7546471953392029,3.8864645957946777,4.724137783050537
Proliferation,2.0,test,63,150,0.7033359408378601,3.9275119304656982,4.761904716491699
Proliferation,2.0,test,63,150,0.7115463018417358,3.8998606204986572,4.761904716491699
Proliferation,2.0,test,63,150,0.7228822708129883,3.901435136795044,4.761904716491699
Proliferation,2.0,test,63,150,0.7366470694541931,3.90962290763855,4.761904716491699
Proliferation,2.0,test,63,150,0.7517881989479065,3.920484781265259,4.761904716491699
Proliferation,2.0,test,69,165,0.6990314722061157,3.938249111175537,4.782608509063721
Proliferation,2.0,test,69,165,0.7190530896186829,3.936960458755493,4.782608509063721
Proliferation,2.0,test,69,165,0.7378791570663452,3.941985607147217,4.782608509063721
Proliferation,2.0,test,69,165,0.7565189599990845,3.948557138442993,4.782608509063721
Proliferation,2.0,test,69,165,0.7750250697135925,3.953599452972412,4.782608509063721
Proliferation,2.0,test,69,165,0.7934902906417847,3.94515061378479,4.782608509063721
Proliferation,2.0,test,69,165,0.8108808994293213,3.950706958770752,4.782608509063721
Proliferation,2.0,test,69,165,0.8260891437530518,3.96002197265625,4.782608509063721
Proliferation,2.0,test,75,183,0.7712746262550354,3.955115556716919,4.880000114440918
Proliferation,2.0,test,75,183,0.7833987474441528,3.9472835063934326,4.880000114440918
Proliferation,2.0,test,75,183,0.7943475246429443,3.946068525314331,4.880000114440918
Proliferation,2.0,test,75,183,0.7978100776672363,3.944528102874756,4.880000114440918
Proliferation,2.0,test,75,183,0.7987775206565857,3.945939064025879,4.880000114440918
Proliferation,2.0,test,82,203,0.7316972017288208,3.9625461101531982,4.95121955871582
Proliferation,2.0,test,90,224,0.6666392087936401,3.9451842308044434,4.97777795791626
